<?xml version="1.0" encoding="UTF-8"?>
<Claim.Submission xsi:noNamespaceSchemaLocation="http://www.haad.ae/DataDictionary/CommonTypes/DataDictionary.xsd" xmlns:tns="http://www.haad.ae/DataDictionary/CommonTypes" xmlns:xsi="http://www.w3.org/2001/XMLSchema-instance">
  <Header>
    <SenderID>MF2270</SenderID>
    <ReceiverID>C004</ReceiverID>
    <DispositionFlag>PRODUCTION</DispositionFlag>
    <TransactionDate>24/10/2013 05:32</TransactionDate>
    <RecordCount>1</RecordCount>
  </Header>
  <Claim>
    <ID>IP-3000036012</ID>
    <IDPayer>227063_808_IP-3000036012</IDPayer>
    <MemberID>398828</MemberID>
    <PayerID>A020</PayerID>
    <ProviderID>MF2270</ProviderID>
    <EmiratesIDNumber>999-9999-9999999-9</EmiratesIDNumber>
    <Gross>500.00</Gross>
    <PatientShare>0.00</PatientShare>
    <Net>500.00</Net>
    <Encounter>
      <FacilityID>MF2270</FacilityID>
      <Type>3</Type>
      <PatientID>1843801</PatientID>
      <Start>25/04/2013 13:00</Start>
      <End>28/04/2013 15:30</End>
      <StartType>1</StartType>
      <EndType>1</EndType>
    </Encounter>
    <Contract>
      <PackageName>Salama Mednet</PackageName>
    </Contract>
    <Resubmission>
      <Type>internal complaint</Type>
      <Comment>The resubmitted DRG was submitted as per agreed price list and tarrifs for  applicable on the date of service after deducting 500dhm.Kindly process.</Comment>
    </Resubmission>
    <Diagnosis>
      <Type>Principal</Type>
      <Code>654.21</Code>
    </Diagnosis>
    <Diagnosis>
      <Type>Secondary</Type>
      <Code>663.11</Code>
    </Diagnosis>
    <Diagnosis>
      <Type>Secondary</Type>
      <Code>648.91</Code>
    </Diagnosis>
    <Diagnosis>
      <Type>Secondary</Type>
      <Code>614.6</Code>
    </Diagnosis>
    <Diagnosis>
      <Type>Secondary</Type>
      <Code>659.61</Code>
    </Diagnosis>
    <Diagnosis>
      <Type>Secondary</Type>
      <Code>V27.0</Code>
    </Diagnosis>
    <Activity>
      <ID>3</ID>
      <Start>3</Start>
      <End>3</End>
      <Code>3</Code>
      <Type>3</Type>
      <Quantity>3</Quantity>
      <Net>0</Net>
      <Clinician>3</Clinician>
      <PriorAuthorizationID>3</PriorAuthorizationID>
      <Observation>
        <Type>3</Type>
        <Code>3</Code>
        <Value>3</Value>
        <ValueType>3</ValueType>
      </Observation>
    </Activity>
    <Activity>
      <ID>2</ID>
      <Start>2</Start>
      <End>2</End>
      <Code>2</Code>
      <Type>2</Type>
      <Quantity>2</Quantity>
      <Net>0</Net>
      <Clinician>2</Clinician>
      <PriorAuthorizationID>2</PriorAuthorizationID>
      <Observation>
        <Type>2</Type>
        <Code>2</Code>
        <Value>2</Value>
        <ValueType>2</ValueType>
      </Observation>
    </Activity>
    <Activity>
      <ID>9</ID>
      <Start>9</Start>
      <End>9</End>
      <Code>9</Code>
      <Type>9</Type>
      <Quantity>9</Quantity>
      <Net>0</Net>
      <Clinician>9</Clinician>
      <PriorAuthorizationID>9</PriorAuthorizationID>
      <Observation>
        <Type>9</Type>
        <Code>9</Code>
        <Value>9</Value>
        <ValueType>9</ValueType>
      </Observation>
    </Activity>
    <Activity>
      <ID>1</ID>
      <Start>1</Start>
      <End>1</End>
      <Code>1</Code>
      <Type>1</Type>
      <Quantity>1</Quantity>
      <Net>0</Net>
      <Clinician>1</Clinician>
      <PriorAuthorizationID>1</PriorAuthorizationID>
      <Observation>
        <Type>1</Type>
        <Code>1</Code>
        <Value>1</Value>
        <ValueType>1</ValueType>
      </Observation>
    </Activity>
    <Activity>
      <ID>1</ID>
      <Start>1</Start>
      <End>1</End>
      <Code>1</Code>
      <Type>1</Type>
      <Quantity>1</Quantity>
      <Net>0</Net>
      <Clinician>1</Clinician>
      <PriorAuthorizationID>1</PriorAuthorizationID>
      <Observation>
        <Type>1</Type>
        <Code>1</Code>
        <Value>1</Value>
        <ValueType>1</ValueType>
      </Observation>
    </Activity>
    <Activity>
      <ID>5</ID>
      <Start>5</Start>
      <End>5</End>
      <Code>5</Code>
      <Type>5</Type>
      <Quantity>5</Quantity>
      <Net>0</Net>
      <Clinician>5</Clinician>
      <PriorAuthorizationID>5</PriorAuthorizationID>
      <Observation>
        <Type>5</Type>
        <Code>5</Code>
        <Value>5</Value>
        <ValueType>5</ValueType>
      </Observation>
    </Activity>
    <Activity>
      <ID>G</ID>
      <Start>G</Start>
      <End>G</End>
      <Code>G</Code>
      <Type>G</Type>
      <Quantity>0</Quantity>
      <Net>0</Net>
      <Clinician>G</Clinician>
      <PriorAuthorizationID>G</PriorAuthorizationID>
      <Observation>
        <Type>G</Type>
        <Code>G</Code>
        <Value>G</Value>
        <ValueType>G</ValueType>
      </Observation>
    </Activity>
    <Activity>
      <ID>1</ID>
      <Start>1</Start>
      <End>1</End>
      <Code>1</Code>
      <Type>1</Type>
      <Quantity>1</Quantity>
      <Net>0</Net>
      <Clinician>1</Clinician>
      <PriorAuthorizationID>1</PriorAuthorizationID>
      <Observation>
        <Type>1</Type>
        <Code>1</Code>
        <Value>1</Value>
        <ValueType>1</ValueType>
      </Observation>
    </Activity>
  </Claim>
</Claim.Submission>
