<?xml version="1.0" encoding="UTF-8"?>
<Claim.Submission xsi:noNamespaceSchemaLocation="http://www.haad.ae/DataDictionary/CommonTypes/DataDictionary.xsd" xmlns:tns="http://www.haad.ae/DataDictionary/CommonTypes" xmlns:xsi="http://www.w3.org/2001/XMLSchema-instance">
  <Header>
    <SenderID>DHA-F-0045697</SenderID>
    <ReceiverID>C004</ReceiverID>
    <DispositionFlag>PRODUCTION</DispositionFlag>
    <TransactionDate>26/10/2013 12:00</TransactionDate>
    <RecordCount>10</RecordCount>
  </Header>
  <Claim>
    <ID>BEHOP0000294053</ID>
    <IDPayer/>
    <MemberID>370588</MemberID>
    <PayerID>A020</PayerID>
    <ProviderID>DHA-F-0045697</ProviderID>
    <EmiratesIDNumber>111-1111-1111111-1</EmiratesIDNumber>
    <Gross>120.00</Gross>
    <PatientShare>24.00</PatientShare>
    <Net>96.00</Net>
    <Encounter>
      <FacilityID>DHA-F-0045697</FacilityID>
      <Type>1</Type>
      <PatientID>097541</PatientID>
      <Start>01/09/2013 12:00</Start>
      <End>01/09/2013 12:00</End>
      <StartType>1</StartType>
      <EndType>1</EndType>
    </Encounter>
    <Diagnosis>
      <Type>Principal</Type>
      <Code>Z51.89</Code>
    </Diagnosis>
    <Diagnosis>
      <Type>Secondary</Type>
      <Code>M41.80</Code>
    </Diagnosis>
    <Activity>
      <ID>1</ID>
      <Start>01/09/2013 12:00</Start>
      <End>01/09/2013 12:00</End>
      <Code>97110</Code>
      <Type>3</Type>
      <Quantity>1</Quantity>
      <Net>0</Net>
      <Clinician>DHA-P-0248719</Clinician>
      <PriorAuthorizationID>272387</PriorAuthorizationID>
      <Observation>
        <Type>Financial</Type>
        <Code>ActivityGross</Code>
        <Value>120.00</Value>
        <ValueType>Float</ValueType>
      </Observation>
      <Observation>
        <Type>Financial</Type>
        <Code>PSDeductible</Code>
        <Value>0.00</Value>
        <ValueType>Float</ValueType>
      </Observation>
      <Observation>
        <Type>Financial</Type>
        <Code>PSCoPayment</Code>
        <Value>0.00</Value>
        <ValueType>Float</ValueType>
      </Observation>
      <Observation>
        <Type>Financial</Type>
        <Code>PSOutOfPocket</Code>
        <Value>0.00</Value>
        <ValueType>Float</ValueType>
      </Observation>
      <Observation>
        <Type>Text</Type>
        <Code>Non-Standard-Code</Code>
        <Value>PHY00001</Value>
        <ValueType>Other</ValueType>
      </Observation>
    </Activity>
  </Claim>
  <Claim>
    <ID>BEHOP0000294234</ID>
    <IDPayer/>
    <MemberID>434816</MemberID>
    <PayerID>A012</PayerID>
    <ProviderID>DHA-F-0045697</ProviderID>
    <EmiratesIDNumber>111-1111-1111111-1</EmiratesIDNumber>
    <Gross>120.00</Gross>
    <PatientShare>0.00</PatientShare>
    <Net>120.00</Net>
    <Encounter>
      <FacilityID>DHA-F-0045697</FacilityID>
      <Type>1</Type>
      <PatientID>158575</PatientID>
      <Start>01/09/2013 12:00</Start>
      <End>01/09/2013 12:00</End>
      <StartType>1</StartType>
      <EndType>1</EndType>
    </Encounter>
    <Diagnosis>
      <Type>Principal</Type>
      <Code>Z51.89</Code>
    </Diagnosis>
    <Diagnosis>
      <Type>Secondary</Type>
      <Code>M41.80</Code>
    </Diagnosis>
    <Activity>
      <ID>1</ID>
      <Start>01/09/2013 12:00</Start>
      <End>01/09/2013 12:00</End>
      <Code>97110</Code>
      <Type>3</Type>
      <Quantity>1</Quantity>
      <Net>0</Net>
      <Clinician>DHA-P-0248719</Clinician>
      <PriorAuthorizationID>273376</PriorAuthorizationID>
      <Observation>
        <Type>Financial</Type>
        <Code>ActivityGross</Code>
        <Value>120.00</Value>
        <ValueType>Float</ValueType>
      </Observation>
      <Observation>
        <Type>Financial</Type>
        <Code>PSDeductible</Code>
        <Value>0.00</Value>
        <ValueType>Float</ValueType>
      </Observation>
      <Observation>
        <Type>Financial</Type>
        <Code>PSCoPayment</Code>
        <Value>0.00</Value>
        <ValueType>Float</ValueType>
      </Observation>
      <Observation>
        <Type>Financial</Type>
        <Code>PSOutOfPocket</Code>
        <Value>0.00</Value>
        <ValueType>Float</ValueType>
      </Observation>
      <Observation>
        <Type>Text</Type>
        <Code>Non-Standard-Code</Code>
        <Value>PHY00001</Value>
        <ValueType>Other</ValueType>
      </Observation>
    </Activity>
  </Claim>
  <Claim>
    <ID>BEHOP0000294958</ID>
    <IDPayer/>
    <MemberID>434816</MemberID>
    <PayerID>A012</PayerID>
    <ProviderID>DHA-F-0045697</ProviderID>
    <EmiratesIDNumber>111-1111-1111111-1</EmiratesIDNumber>
    <Gross>120.00</Gross>
    <PatientShare>0.00</PatientShare>
    <Net>120.00</Net>
    <Encounter>
      <FacilityID>DHA-F-0045697</FacilityID>
      <Type>1</Type>
      <PatientID>158575</PatientID>
      <Start>03/09/2013 12:00</Start>
      <End>03/09/2013 12:00</End>
      <StartType>1</StartType>
      <EndType>1</EndType>
    </Encounter>
    <Diagnosis>
      <Type>Principal</Type>
      <Code>Z51.89</Code>
    </Diagnosis>
    <Diagnosis>
      <Type>Secondary</Type>
      <Code>M41.80</Code>
    </Diagnosis>
    <Activity>
      <ID>1</ID>
      <Start>03/09/2013 12:00</Start>
      <End>03/09/2013 12:00</End>
      <Code>97110</Code>
      <Type>3</Type>
      <Quantity>1</Quantity>
      <Net>0</Net>
      <Clinician>DHA-P-0248719</Clinician>
      <PriorAuthorizationID>273376</PriorAuthorizationID>
      <Observation>
        <Type>Financial</Type>
        <Code>ActivityGross</Code>
        <Value>120.00</Value>
        <ValueType>Float</ValueType>
      </Observation>
      <Observation>
        <Type>Financial</Type>
        <Code>PSDeductible</Code>
        <Value>0.00</Value>
        <ValueType>Float</ValueType>
      </Observation>
      <Observation>
        <Type>Financial</Type>
        <Code>PSCoPayment</Code>
        <Value>0.00</Value>
        <ValueType>Float</ValueType>
      </Observation>
      <Observation>
        <Type>Financial</Type>
        <Code>PSOutOfPocket</Code>
        <Value>0.00</Value>
        <ValueType>Float</ValueType>
      </Observation>
      <Observation>
        <Type>Text</Type>
        <Code>Non-Standard-Code</Code>
        <Value>PHY00001</Value>
        <ValueType>Other</ValueType>
      </Observation>
    </Activity>
  </Claim>
  <Claim>
    <ID>BEHOP0000295416</ID>
    <IDPayer/>
    <MemberID>435466</MemberID>
    <PayerID>A012</PayerID>
    <ProviderID>DHA-F-0045697</ProviderID>
    <EmiratesIDNumber>111-1111-1111111-1</EmiratesIDNumber>
    <Gross>120.00</Gross>
    <PatientShare>0.00</PatientShare>
    <Net>120.00</Net>
    <Encounter>
      <FacilityID>DHA-F-0045697</FacilityID>
      <Type>1</Type>
      <PatientID>157118</PatientID>
      <Start>04/09/2013 12:00</Start>
      <End>04/09/2013 12:00</End>
      <StartType>1</StartType>
      <EndType>1</EndType>
    </Encounter>
    <Diagnosis>
      <Type>Principal</Type>
      <Code>Z51.89</Code>
    </Diagnosis>
    <Diagnosis>
      <Type>Secondary</Type>
      <Code>M41.86</Code>
    </Diagnosis>
    <Diagnosis>
      <Type>Secondary</Type>
      <Code>M83.9</Code>
    </Diagnosis>
    <Activity>
      <ID>1</ID>
      <Start>04/09/2013 12:00</Start>
      <End>04/09/2013 12:00</End>
      <Code>97110</Code>
      <Type>3</Type>
      <Quantity>1</Quantity>
      <Net>0</Net>
      <Clinician>DHA-P-0248719</Clinician>
      <PriorAuthorizationID>273894</PriorAuthorizationID>
      <Observation>
        <Type>Financial</Type>
        <Code>ActivityGross</Code>
        <Value>120.00</Value>
        <ValueType>Float</ValueType>
      </Observation>
      <Observation>
        <Type>Financial</Type>
        <Code>PSDeductible</Code>
        <Value>0.00</Value>
        <ValueType>Float</ValueType>
      </Observation>
      <Observation>
        <Type>Financial</Type>
        <Code>PSCoPayment</Code>
        <Value>0.00</Value>
        <ValueType>Float</ValueType>
      </Observation>
      <Observation>
        <Type>Financial</Type>
        <Code>PSOutOfPocket</Code>
        <Value>0.00</Value>
        <ValueType>Float</ValueType>
      </Observation>
      <Observation>
        <Type>Text</Type>
        <Code>Non-Standard-Code</Code>
        <Value>PHY00001</Value>
        <ValueType>Other</ValueType>
      </Observation>
    </Activity>
  </Claim>
  <Claim>
    <ID>BEHOP0000297219</ID>
    <IDPayer/>
    <MemberID>434816</MemberID>
    <PayerID>A012</PayerID>
    <ProviderID>DHA-F-0045697</ProviderID>
    <EmiratesIDNumber>111-1111-1111111-1</EmiratesIDNumber>
    <Gross>120.00</Gross>
    <PatientShare>0.00</PatientShare>
    <Net>120.00</Net>
    <Encounter>
      <FacilityID>DHA-F-0045697</FacilityID>
      <Type>1</Type>
      <PatientID>158575</PatientID>
      <Start>09/09/2013 12:00</Start>
      <End>09/09/2013 12:00</End>
      <StartType>1</StartType>
      <EndType>1</EndType>
    </Encounter>
    <Diagnosis>
      <Type>Principal</Type>
      <Code>Z51.89</Code>
    </Diagnosis>
    <Diagnosis>
      <Type>Secondary</Type>
      <Code>M41.80</Code>
    </Diagnosis>
    <Activity>
      <ID>1</ID>
      <Start>09/09/2013 12:00</Start>
      <End>09/09/2013 12:00</End>
      <Code>97110</Code>
      <Type>3</Type>
      <Quantity>1</Quantity>
      <Net>0</Net>
      <Clinician>DHA-P-0248719</Clinician>
      <PriorAuthorizationID>273376</PriorAuthorizationID>
      <Observation>
        <Type>Financial</Type>
        <Code>ActivityGross</Code>
        <Value>120.00</Value>
        <ValueType>Float</ValueType>
      </Observation>
      <Observation>
        <Type>Financial</Type>
        <Code>PSDeductible</Code>
        <Value>0.00</Value>
        <ValueType>Float</ValueType>
      </Observation>
      <Observation>
        <Type>Financial</Type>
        <Code>PSCoPayment</Code>
        <Value>0.00</Value>
        <ValueType>Float</ValueType>
      </Observation>
      <Observation>
        <Type>Financial</Type>
        <Code>PSOutOfPocket</Code>
        <Value>0.00</Value>
        <ValueType>Float</ValueType>
      </Observation>
      <Observation>
        <Type>Text</Type>
        <Code>Non-Standard-Code</Code>
        <Value>PHY00001</Value>
        <ValueType>Other</ValueType>
      </Observation>
    </Activity>
  </Claim>
  <Claim>
    <ID>BEHOP0000298035</ID>
    <IDPayer/>
    <MemberID>435466</MemberID>
    <PayerID>A012</PayerID>
    <ProviderID>DHA-F-0045697</ProviderID>
    <EmiratesIDNumber>111-1111-1111111-1</EmiratesIDNumber>
    <Gross>120.00</Gross>
    <PatientShare>0.00</PatientShare>
    <Net>120.00</Net>
    <Encounter>
      <FacilityID>DHA-F-0045697</FacilityID>
      <Type>1</Type>
      <PatientID>157118</PatientID>
      <Start>11/09/2013 12:00</Start>
      <End>11/09/2013 12:00</End>
      <StartType>1</StartType>
      <EndType>1</EndType>
    </Encounter>
    <Diagnosis>
      <Type>Principal</Type>
      <Code>Z51.89</Code>
    </Diagnosis>
    <Diagnosis>
      <Type>Secondary</Type>
      <Code>M41.86</Code>
    </Diagnosis>
    <Diagnosis>
      <Type>Secondary</Type>
      <Code>M83.9</Code>
    </Diagnosis>
    <Activity>
      <ID>1</ID>
      <Start>11/09/2013 12:00</Start>
      <End>11/09/2013 12:00</End>
      <Code>97110</Code>
      <Type>3</Type>
      <Quantity>1</Quantity>
      <Net>0</Net>
      <Clinician>DHA-P-0248719</Clinician>
      <PriorAuthorizationID>273894</PriorAuthorizationID>
      <Observation>
        <Type>Financial</Type>
        <Code>ActivityGross</Code>
        <Value>120.00</Value>
        <ValueType>Float</ValueType>
      </Observation>
      <Observation>
        <Type>Financial</Type>
        <Code>PSDeductible</Code>
        <Value>0.00</Value>
        <ValueType>Float</ValueType>
      </Observation>
      <Observation>
        <Type>Financial</Type>
        <Code>PSCoPayment</Code>
        <Value>0.00</Value>
        <ValueType>Float</ValueType>
      </Observation>
      <Observation>
        <Type>Financial</Type>
        <Code>PSOutOfPocket</Code>
        <Value>0.00</Value>
        <ValueType>Float</ValueType>
      </Observation>
      <Observation>
        <Type>Text</Type>
        <Code>Non-Standard-Code</Code>
        <Value>PHY00001</Value>
        <ValueType>Other</ValueType>
      </Observation>
    </Activity>
  </Claim>
  <Claim>
    <ID>BEHOP0000299347</ID>
    <IDPayer/>
    <MemberID>435466</MemberID>
    <PayerID>A012</PayerID>
    <ProviderID>DHA-F-0045697</ProviderID>
    <EmiratesIDNumber>111-1111-1111111-1</EmiratesIDNumber>
    <Gross>120.00</Gross>
    <PatientShare>0.00</PatientShare>
    <Net>120.00</Net>
    <Encounter>
      <FacilityID>DHA-F-0045697</FacilityID>
      <Type>1</Type>
      <PatientID>157118</PatientID>
      <Start>15/09/2013 12:00</Start>
      <End>15/09/2013 12:00</End>
      <StartType>1</StartType>
      <EndType>1</EndType>
    </Encounter>
    <Diagnosis>
      <Type>Principal</Type>
      <Code>Z51.89</Code>
    </Diagnosis>
    <Diagnosis>
      <Type>Secondary</Type>
      <Code>M41.86</Code>
    </Diagnosis>
    <Diagnosis>
      <Type>Secondary</Type>
      <Code>M83.9</Code>
    </Diagnosis>
    <Activity>
      <ID>1</ID>
      <Start>15/09/2013 12:00</Start>
      <End>15/09/2013 12:00</End>
      <Code>97110</Code>
      <Type>3</Type>
      <Quantity>1</Quantity>
      <Net>0</Net>
      <Clinician>DHA-P-0246317</Clinician>
      <PriorAuthorizationID>273894</PriorAuthorizationID>
      <Observation>
        <Type>Financial</Type>
        <Code>ActivityGross</Code>
        <Value>120.00</Value>
        <ValueType>Float</ValueType>
      </Observation>
      <Observation>
        <Type>Financial</Type>
        <Code>PSDeductible</Code>
        <Value>0.00</Value>
        <ValueType>Float</ValueType>
      </Observation>
      <Observation>
        <Type>Financial</Type>
        <Code>PSCoPayment</Code>
        <Value>0.00</Value>
        <ValueType>Float</ValueType>
      </Observation>
      <Observation>
        <Type>Financial</Type>
        <Code>PSOutOfPocket</Code>
        <Value>0.00</Value>
        <ValueType>Float</ValueType>
      </Observation>
      <Observation>
        <Type>Text</Type>
        <Code>Non-Standard-Code</Code>
        <Value>PHY00001</Value>
        <ValueType>Other</ValueType>
      </Observation>
    </Activity>
  </Claim>
  <Claim>
    <ID>BEHOP0000300132</ID>
    <IDPayer/>
    <MemberID>435466</MemberID>
    <PayerID>A012</PayerID>
    <ProviderID>DHA-F-0045697</ProviderID>
    <EmiratesIDNumber>111-1111-1111111-1</EmiratesIDNumber>
    <Gross>120.00</Gross>
    <PatientShare>0.00</PatientShare>
    <Net>120.00</Net>
    <Encounter>
      <FacilityID>DHA-F-0045697</FacilityID>
      <Type>1</Type>
      <PatientID>157118</PatientID>
      <Start>17/09/2013 12:00</Start>
      <End>17/09/2013 12:00</End>
      <StartType>1</StartType>
      <EndType>1</EndType>
    </Encounter>
    <Diagnosis>
      <Type>Principal</Type>
      <Code>Z51.89</Code>
    </Diagnosis>
    <Diagnosis>
      <Type>Secondary</Type>
      <Code>M41.86</Code>
    </Diagnosis>
    <Diagnosis>
      <Type>Secondary</Type>
      <Code>M83.9</Code>
    </Diagnosis>
    <Activity>
      <ID>1</ID>
      <Start>17/09/2013 12:00</Start>
      <End>17/09/2013 12:00</End>
      <Code>97110</Code>
      <Type>3</Type>
      <Quantity>1</Quantity>
      <Net>0</Net>
      <Clinician>DHA-P-0246317</Clinician>
      <PriorAuthorizationID>273894</PriorAuthorizationID>
      <Observation>
        <Type>Financial</Type>
        <Code>ActivityGross</Code>
        <Value>120.00</Value>
        <ValueType>Float</ValueType>
      </Observation>
      <Observation>
        <Type>Financial</Type>
        <Code>PSDeductible</Code>
        <Value>0.00</Value>
        <ValueType>Float</ValueType>
      </Observation>
      <Observation>
        <Type>Financial</Type>
        <Code>PSCoPayment</Code>
        <Value>0.00</Value>
        <ValueType>Float</ValueType>
      </Observation>
      <Observation>
        <Type>Financial</Type>
        <Code>PSOutOfPocket</Code>
        <Value>0.00</Value>
        <ValueType>Float</ValueType>
      </Observation>
      <Observation>
        <Type>Text</Type>
        <Code>Non-Standard-Code</Code>
        <Value>PHY00001</Value>
        <ValueType>Other</ValueType>
      </Observation>
    </Activity>
  </Claim>
  <Claim>
    <ID>BEHOP0000301419</ID>
    <IDPayer/>
    <MemberID>434816</MemberID>
    <PayerID>A012</PayerID>
    <ProviderID>DHA-F-0045697</ProviderID>
    <EmiratesIDNumber>111-1111-1111111-1</EmiratesIDNumber>
    <Gross>120.00</Gross>
    <PatientShare>0.00</PatientShare>
    <Net>120.00</Net>
    <Encounter>
      <FacilityID>DHA-F-0045697</FacilityID>
      <Type>1</Type>
      <PatientID>158575</PatientID>
      <Start>21/09/2013 12:00</Start>
      <End>21/09/2013 12:00</End>
      <StartType>1</StartType>
      <EndType>1</EndType>
    </Encounter>
    <Diagnosis>
      <Type>Principal</Type>
      <Code>Z51.89</Code>
    </Diagnosis>
    <Diagnosis>
      <Type>Secondary</Type>
      <Code>M41.80</Code>
    </Diagnosis>
    <Activity>
      <ID>1</ID>
      <Start>21/09/2013 12:00</Start>
      <End>21/09/2013 12:00</End>
      <Code>97110</Code>
      <Type>3</Type>
      <Quantity>1</Quantity>
      <Net>0</Net>
      <Clinician>DHA-P-0248719</Clinician>
      <PriorAuthorizationID>273376</PriorAuthorizationID>
      <Observation>
        <Type>Financial</Type>
        <Code>ActivityGross</Code>
        <Value>120.00</Value>
        <ValueType>Float</ValueType>
      </Observation>
      <Observation>
        <Type>Financial</Type>
        <Code>PSDeductible</Code>
        <Value>0.00</Value>
        <ValueType>Float</ValueType>
      </Observation>
      <Observation>
        <Type>Financial</Type>
        <Code>PSCoPayment</Code>
        <Value>0.00</Value>
        <ValueType>Float</ValueType>
      </Observation>
      <Observation>
        <Type>Financial</Type>
        <Code>PSOutOfPocket</Code>
        <Value>0.00</Value>
        <ValueType>Float</ValueType>
      </Observation>
      <Observation>
        <Type>Text</Type>
        <Code>Non-Standard-Code</Code>
        <Value>PHY00001</Value>
        <ValueType>Other</ValueType>
      </Observation>
    </Activity>
  </Claim>
  <Claim>
    <ID>BEHOP0000301826</ID>
    <IDPayer/>
    <MemberID>435466</MemberID>
    <PayerID>A012</PayerID>
    <ProviderID>DHA-F-0045697</ProviderID>
    <EmiratesIDNumber>111-1111-1111111-1</EmiratesIDNumber>
    <Gross>120.00</Gross>
    <PatientShare>0.00</PatientShare>
    <Net>120.00</Net>
    <Encounter>
      <FacilityID>DHA-F-0045697</FacilityID>
      <Type>1</Type>
      <PatientID>157118</PatientID>
      <Start>22/09/2013 12:00</Start>
      <End>22/09/2013 12:00</End>
      <StartType>1</StartType>
      <EndType>1</EndType>
    </Encounter>
    <Diagnosis>
      <Type>Principal</Type>
      <Code>Z51.89</Code>
    </Diagnosis>
    <Diagnosis>
      <Type>Secondary</Type>
      <Code>M41.86</Code>
    </Diagnosis>
    <Diagnosis>
      <Type>Secondary</Type>
      <Code>M83.9</Code>
    </Diagnosis>
    <Activity>
      <ID>1</ID>
      <Start>22/09/2013 12:00</Start>
      <End>22/09/2013 12:00</End>
      <Code>97110</Code>
      <Type>3</Type>
      <Quantity>1</Quantity>
      <Net>0</Net>
      <Clinician>DHA-P-0246317</Clinician>
      <PriorAuthorizationID>273894</PriorAuthorizationID>
      <Observation>
        <Type>Financial</Type>
        <Code>ActivityGross</Code>
        <Value>120.00</Value>
        <ValueType>Float</ValueType>
      </Observation>
      <Observation>
        <Type>Financial</Type>
        <Code>PSDeductible</Code>
        <Value>0.00</Value>
        <ValueType>Float</ValueType>
      </Observation>
      <Observation>
        <Type>Financial</Type>
        <Code>PSCoPayment</Code>
        <Value>0.00</Value>
        <ValueType>Float</ValueType>
      </Observation>
      <Observation>
        <Type>Financial</Type>
        <Code>PSOutOfPocket</Code>
        <Value>0.00</Value>
        <ValueType>Float</ValueType>
      </Observation>
      <Observation>
        <Type>Text</Type>
        <Code>Non-Standard-Code</Code>
        <Value>PHY00001</Value>
        <ValueType>Other</ValueType>
      </Observation>
    </Activity>
  </Claim>
</Claim.Submission>
