<?xml version="1.0" encoding="UTF-8"?>
<Claim.Submission xsi:noNamespaceSchemaLocation="http://www.haad.ae/DataDictionary/CommonTypes/DataDictionary.xsd" xmlns:tns="http://www.haad.ae/DataDictionary/CommonTypes" xmlns:xsi="http://www.w3.org/2001/XMLSchema-instance">
  <Header>
    <SenderID>DHA-F-0045697</SenderID>
    <ReceiverID>C004</ReceiverID>
    <DispositionFlag>PRODUCTION</DispositionFlag>
    <TransactionDate>26/10/2013 12:00</TransactionDate>
    <RecordCount>5</RecordCount>
  </Header>
  <Claim>
    <ID>BEHOP0000295920</ID>
    <IDPayer/>
    <MemberID>395374</MemberID>
    <PayerID/>
    <ProviderID>DHA-F-0045697</ProviderID>
    <EmiratesIDNumber>111-1111-1111111-1</EmiratesIDNumber>
    <Gross>240.00</Gross>
    <PatientShare>50.00</PatientShare>
    <Net>190.00</Net>
    <Encounter>
      <FacilityID>DHA-F-0045697</FacilityID>
      <Type>1</Type>
      <PatientID>118077</PatientID>
      <Start>07/09/2013 12:00</Start>
      <End>07/09/2013 12:00</End>
      <StartType>1</StartType>
      <EndType>1</EndType>
    </Encounter>
    <Diagnosis>
      <Type>Principal</Type>
      <Code>O09.892</Code>
    </Diagnosis>
    <Diagnosis>
      <Type>Secondary</Type>
      <Code>Z3A.17</Code>
    </Diagnosis>
    <Diagnosis>
      <Type>Secondary</Type>
      <Code>O99.012</Code>
    </Diagnosis>
    <Activity>
      <ID>1</ID>
      <Start>07/09/2013 12:00</Start>
      <End>07/09/2013 12:00</End>
      <Code>10</Code>
      <Type>8</Type>
      <Quantity>1</Quantity>
      <Net>0</Net>
      <Clinician>DHA-P-0244470</Clinician>
      <Observation>
        <Type>Financial</Type>
        <Code>ActivityGross</Code>
        <Value>240.00</Value>
        <ValueType>Float</ValueType>
      </Observation>
      <Observation>
        <Type>Financial</Type>
        <Code>PSDeductible</Code>
        <Value>50.00</Value>
        <ValueType>Float</ValueType>
      </Observation>
      <Observation>
        <Type>Financial</Type>
        <Code>PSCoPayment</Code>
        <Value>0.00</Value>
        <ValueType>Float</ValueType>
      </Observation>
      <Observation>
        <Type>Financial</Type>
        <Code>PSOutOfPocket</Code>
        <Value>0.00</Value>
        <ValueType>Float</ValueType>
      </Observation>
      <Observation>
        <Type>Text</Type>
        <Code>PresentingComplaint</Code>
        <Value>Amenorrhoea</Value>
        <ValueType>Other</ValueType>
      </Observation>
      <Observation>
        <Type>Text</Type>
        <Code>Non-Standard-Code</Code>
        <Value>PVR0018-1</Value>
        <ValueType>Other</ValueType>
      </Observation>
    </Activity>
  </Claim>
  <Claim>
    <ID>BEHOP0000295947</ID>
    <IDPayer/>
    <MemberID>440697</MemberID>
    <PayerID>A012</PayerID>
    <ProviderID>DHA-F-0045697</ProviderID>
    <EmiratesIDNumber>111-1111-1111111-1</EmiratesIDNumber>
    <Gross>240.00</Gross>
    <PatientShare>50.00</PatientShare>
    <Net>190.00</Net>
    <Encounter>
      <FacilityID>DHA-F-0045697</FacilityID>
      <Type>1</Type>
      <PatientID>150684</PatientID>
      <Start>07/09/2013 12:00</Start>
      <End>07/09/2013 12:00</End>
      <StartType>1</StartType>
      <EndType>1</EndType>
    </Encounter>
    <Diagnosis>
      <Type>Principal</Type>
      <Code>O09.893</Code>
    </Diagnosis>
    <Diagnosis>
      <Type>Secondary</Type>
      <Code>Z3A.33</Code>
    </Diagnosis>
    <Diagnosis>
      <Type>Secondary</Type>
      <Code>R10.9</Code>
    </Diagnosis>
    <Activity>
      <ID>1</ID>
      <Start>07/09/2013 12:00</Start>
      <End>07/09/2013 12:00</End>
      <Code>10</Code>
      <Type>8</Type>
      <Quantity>1</Quantity>
      <Net>0</Net>
      <Clinician>DHA-P-0252711</Clinician>
      <Observation>
        <Type>Financial</Type>
        <Code>ActivityGross</Code>
        <Value>240.00</Value>
        <ValueType>Float</ValueType>
      </Observation>
      <Observation>
        <Type>Financial</Type>
        <Code>PSDeductible</Code>
        <Value>50.00</Value>
        <ValueType>Float</ValueType>
      </Observation>
      <Observation>
        <Type>Financial</Type>
        <Code>PSCoPayment</Code>
        <Value>0.00</Value>
        <ValueType>Float</ValueType>
      </Observation>
      <Observation>
        <Type>Financial</Type>
        <Code>PSOutOfPocket</Code>
        <Value>0.00</Value>
        <ValueType>Float</ValueType>
      </Observation>
      <Observation>
        <Type>Text</Type>
        <Code>PresentingComplaint</Code>
        <Value>Supervision of other high risk pregnancies, third trimester</Value>
        <ValueType>Other</ValueType>
      </Observation>
      <Observation>
        <Type>Text</Type>
        <Code>Non-Standard-Code</Code>
        <Value>PVR0179-1</Value>
        <ValueType>Other</ValueType>
      </Observation>
    </Activity>
  </Claim>
  <Claim>
    <ID>BEHOP0000296497</ID>
    <IDPayer/>
    <MemberID>370361</MemberID>
    <PayerID>A020</PayerID>
    <ProviderID>DHA-F-0045697</ProviderID>
    <EmiratesIDNumber>111-1111-1111111-1</EmiratesIDNumber>
    <Gross>688.00</Gross>
    <PatientShare>137.60</PatientShare>
    <Net>550.40</Net>
    <Encounter>
      <FacilityID>DHA-F-0045697</FacilityID>
      <Type>1</Type>
      <PatientID>160974</PatientID>
      <Start>08/09/2013 12:00</Start>
      <End>08/09/2013 12:00</End>
      <StartType>1</StartType>
      <EndType>1</EndType>
    </Encounter>
    <Diagnosis>
      <Type>Principal</Type>
      <Code>O09.892</Code>
    </Diagnosis>
    <Diagnosis>
      <Type>Secondary</Type>
      <Code>Z3A.15</Code>
    </Diagnosis>
    <Diagnosis>
      <Type>Secondary</Type>
      <Code>K21.9</Code>
    </Diagnosis>
    <Activity>
      <ID>1</ID>
      <Start>08/09/2013 12:00</Start>
      <End>08/09/2013 12:00</End>
      <Code>10</Code>
      <Type>8</Type>
      <Quantity>1</Quantity>
      <Net>0</Net>
      <Clinician>DHA-P-0240635</Clinician>
      <Observation>
        <Type>Financial</Type>
        <Code>ActivityGross</Code>
        <Value>240.00</Value>
        <ValueType>Float</ValueType>
      </Observation>
      <Observation>
        <Type>Financial</Type>
        <Code>PSDeductible</Code>
        <Value>48.00</Value>
        <ValueType>Float</ValueType>
      </Observation>
      <Observation>
        <Type>Financial</Type>
        <Code>PSCoPayment</Code>
        <Value>0.00</Value>
        <ValueType>Float</ValueType>
      </Observation>
      <Observation>
        <Type>Financial</Type>
        <Code>PSOutOfPocket</Code>
        <Value>0.00</Value>
        <ValueType>Float</ValueType>
      </Observation>
      <Observation>
        <Type>Text</Type>
        <Code>PresentingComplaint</Code>
        <Value>Supervision of other high risk pregnancies, second trimester</Value>
        <ValueType>Other</ValueType>
      </Observation>
      <Observation>
        <Type>Text</Type>
        <Code>Non-Standard-Code</Code>
        <Value>PVR0009-1</Value>
        <ValueType>Other</ValueType>
      </Observation>
    </Activity>
  </Claim>
  <Claim>
    <ID>BEHOP0000297596</ID>
    <IDPayer/>
    <MemberID>370066</MemberID>
    <PayerID>A020</PayerID>
    <ProviderID>DHA-F-0045697</ProviderID>
    <EmiratesIDNumber>111-1111-1111111-1</EmiratesIDNumber>
    <Gross>240.00</Gross>
    <PatientShare>48.00</PatientShare>
    <Net>192.00</Net>
    <Encounter>
      <FacilityID>DHA-F-0045697</FacilityID>
      <Type>1</Type>
      <PatientID>128550</PatientID>
      <Start>11/09/2013 12:00</Start>
      <End>11/09/2013 12:00</End>
      <StartType>1</StartType>
      <EndType>1</EndType>
    </Encounter>
    <Diagnosis>
      <Type>Principal</Type>
      <Code>O26.851</Code>
    </Diagnosis>
    <Diagnosis>
      <Type>Secondary</Type>
      <Code>Z3A.01</Code>
    </Diagnosis>
    <Activity>
      <ID>1</ID>
      <Start>11/09/2013 12:00</Start>
      <End>11/09/2013 12:00</End>
      <Code>10</Code>
      <Type>8</Type>
      <Quantity>1</Quantity>
      <Net>0</Net>
      <Clinician>DHA-P-0244470</Clinician>
      <Observation>
        <Type>Financial</Type>
        <Code>ActivityGross</Code>
        <Value>240.00</Value>
        <ValueType>Float</ValueType>
      </Observation>
      <Observation>
        <Type>Financial</Type>
        <Code>PSDeductible</Code>
        <Value>48.00</Value>
        <ValueType>Float</ValueType>
      </Observation>
      <Observation>
        <Type>Financial</Type>
        <Code>PSCoPayment</Code>
        <Value>0.00</Value>
        <ValueType>Float</ValueType>
      </Observation>
      <Observation>
        <Type>Financial</Type>
        <Code>PSOutOfPocket</Code>
        <Value>0.00</Value>
        <ValueType>Float</ValueType>
      </Observation>
      <Observation>
        <Type>Text</Type>
        <Code>PresentingComplaint</Code>
        <Value>Delayed Periods</Value>
        <ValueType>Other</ValueType>
      </Observation>
      <Observation>
        <Type>Text</Type>
        <Code>Non-Standard-Code</Code>
        <Value>PVR0018-1</Value>
        <ValueType>Other</ValueType>
      </Observation>
    </Activity>
  </Claim>
  <Claim>
    <ID>BEHOP0000301778</ID>
    <IDPayer/>
    <MemberID>440697</MemberID>
    <PayerID>A012</PayerID>
    <ProviderID>DHA-F-0045697</ProviderID>
    <EmiratesIDNumber>111-1111-1111111-1</EmiratesIDNumber>
    <Gross>240.00</Gross>
    <PatientShare>50.00</PatientShare>
    <Net>190.00</Net>
    <Encounter>
      <FacilityID>DHA-F-0045697</FacilityID>
      <Type>1</Type>
      <PatientID>150684</PatientID>
      <Start>22/09/2013 12:00</Start>
      <End>22/09/2013 12:00</End>
      <StartType>1</StartType>
      <EndType>1</EndType>
    </Encounter>
    <Diagnosis>
      <Type>Principal</Type>
      <Code>O47.03</Code>
    </Diagnosis>
    <Diagnosis>
      <Type>Secondary</Type>
      <Code>Z3A.36</Code>
    </Diagnosis>
    <Diagnosis>
      <Type>Secondary</Type>
      <Code>O23.593</Code>
    </Diagnosis>
    <Activity>
      <ID>1</ID>
      <Start>22/09/2013 12:00</Start>
      <End>22/09/2013 12:00</End>
      <Code>10</Code>
      <Type>8</Type>
      <Quantity>1</Quantity>
      <Net>0</Net>
      <Clinician>DHA-P-0252711</Clinician>
      <Observation>
        <Type>Financial</Type>
        <Code>ActivityGross</Code>
        <Value>240.00</Value>
        <ValueType>Float</ValueType>
      </Observation>
      <Observation>
        <Type>Financial</Type>
        <Code>PSDeductible</Code>
        <Value>50.00</Value>
        <ValueType>Float</ValueType>
      </Observation>
      <Observation>
        <Type>Financial</Type>
        <Code>PSCoPayment</Code>
        <Value>0.00</Value>
        <ValueType>Float</ValueType>
      </Observation>
      <Observation>
        <Type>Financial</Type>
        <Code>PSOutOfPocket</Code>
        <Value>0.00</Value>
        <ValueType>Float</ValueType>
      </Observation>
      <Observation>
        <Type>Text</Type>
        <Code>PresentingComplaint</Code>
        <Value>False labor before 37 completed weeks of gest, third tri</Value>
        <ValueType>Other</ValueType>
      </Observation>
      <Observation>
        <Type>Text</Type>
        <Code>Non-Standard-Code</Code>
        <Value>PVR0179-1</Value>
        <ValueType>Other</ValueType>
      </Observation>
    </Activity>
  </Claim>
</Claim.Submission>
