<?xml version="1.0"?><Claim.Submission xmlns:tns="http://www.eclaimlink.ae/DataDictionary/CommonTypes" xmlns:xsi="http://www.w3.org/2001/XMLSchema-instance" xsi:noNamespaceSchemaLocation="http://www.eclaimlink.ae/DataDictionary/CommonTypes/ClaimSubmission.xsd"><Header><SenderID>DHA-F-0000078</SenderID><ReceiverID>TPA009</ReceiverID><TransactionDate>28/10/2013 19:30</TransactionDate><RecordCount>3</RecordCount><DispositionFlag>PRODUCTION</DispositionFlag></Header><Claim><ID>OPC-R-2013-021253</ID><MemberID>097110890045741001</MemberID><PayerID>INS089</PayerID><ProviderID>DHA-F-0000078</ProviderID><EmiratesIDNumber>999-9999-9999999-9</EmiratesIDNumber><Gross>290.5</Gross><PatientShare>0</PatientShare><Net>290.5</Net><Encounter><FacilityID>DHA-F-0000078</FacilityID><Type>1</Type><PatientID>0000001313</PatientID><Start>10/09/2013 18:13</Start><End>10/09/2013 18:14</End><StartType>1</StartType><EndType>1</EndType></Encounter><Diagnosis><Type>Principal</Type><Code>J06.9</Code></Diagnosis><Activity><ID>OPRXX0099111038</ID><Start>10/09/2013 18:13</Start><Type>8</Type><Code>10</Code><Quantity>1</Quantity><Net>290.5</Net><Clinician>DHA-P-0251265</Clinician><Observation><Type>Text</Type><Code>Non-Standard-Code</Code><Value>DCF010</Value><ValueType>Other</ValueType></Observation><Observation><Type>Text</Type><Code>Description</Code><Value>SPECIALIST -NEW VISIT</Value><ValueType>Other</ValueType></Observation></Activity></Claim><Claim><ID>OPC-R-2013-021039</ID><MemberID>097110890043388602</MemberID><PayerID>INS089</PayerID><ProviderID>DHA-F-0000078</ProviderID><EmiratesIDNumber>999-9999-9999999-9</EmiratesIDNumber><Gross>444.5</Gross><PatientShare>0</PatientShare><Net>444.5</Net><Encounter><FacilityID>DHA-F-0000078</FacilityID><Type>1</Type><PatientID>0000006956</PatientID><Start>05/09/2013 13:02</Start><End>05/09/2013 13:37</End><StartType>1</StartType><EndType>1</EndType></Encounter><Diagnosis><Type>Principal</Type><Code>L57.0</Code></Diagnosis><Diagnosis><Type>Secondary</Type><Code>B35.1</Code></Diagnosis><Activity><ID>BILXX0066500987</ID><Start>05/09/2013 13:36</Start><Type>3</Type><Code>11200</Code><Quantity>1</Quantity><Net>231</Net><Clinician>DHA-P-0023160</Clinician><Observation><Type>Text</Type><Code>Non-Standard-Code</Code><Value>DEM001</Value><ValueType>Other</ValueType></Observation><Observation><Type>Text</Type><Code>Description</Code><Value>CRYOCAUTERY 1-3 LESIONS</Value><ValueType>Other</ValueType></Observation></Activity><Activity><ID>OPRXX0097241039</ID><Start>05/09/2013 13:02</Start><Type>8</Type><Code>10</Code><Quantity>1</Quantity><Net>213.5</Net><Clinician>DHA-P-0023160</Clinician><Observation><Type>Text</Type><Code>Non-Standard-Code</Code><Value>DCF011</Value><ValueType>Other</ValueType></Observation><Observation><Type>Text</Type><Code>Description</Code><Value>SPECIALIST - REPEAT VISIT</Value><ValueType>Other</ValueType></Observation></Activity></Claim><Claim><ID>OPC-R-2013-021331</ID><MemberID>097110890042661201</MemberID><PayerID>INS089</PayerID><ProviderID>DHA-F-0000078</ProviderID><EmiratesIDNumber>999-9999-9999999-9</EmiratesIDNumber><Gross>290.5</Gross><PatientShare>0</PatientShare><Net>290.5</Net><Encounter><FacilityID>DHA-F-0000078</FacilityID><Type>1</Type><PatientID>0000007162</PatientID><Start>12/09/2013 09:38</Start><End>12/09/2013 10:06</End><StartType>1</StartType><EndType>1</EndType></Encounter><Diagnosis><Type>Principal</Type><Code>T14.8</Code></Diagnosis><Diagnosis><Type>Secondary</Type><Code>W06.XXXA</Code></Diagnosis><Activity><ID>OPRXX0099731038</ID><Start>12/09/2013 09:38</Start><Type>8</Type><Code>10</Code><Quantity>1</Quantity><Net>290.5</Net><Clinician>DHA-P-0045476</Clinician><Observation><Type>Text</Type><Code>Non-Standard-Code</Code><Value>DCF010</Value><ValueType>Other</ValueType></Observation><Observation><Type>Text</Type><Code>Description</Code><Value>SPECIALIST -NEW VISIT</Value><ValueType>Other</ValueType></Observation></Activity></Claim></Claim.Submission>