<?xml version="1.0" encoding="utf-8"?>
<Claim.Submission xmlns:tns="http://www.haad.ae/DataDictionary/CommonTypes" xmlns:xsi="http://www.w3.org/2001/XMLSchema-instance" xsi:noNamespaceSchemaLocation="http://www.haad.ae/DataDictionary/CommonTypes/ClaimSubmission.xsd">
  <Header>
    <SenderID>MF104</SenderID>
    <ReceiverID>C004</ReceiverID>
    <TransactionDate>28/10/2013 15:16</TransactionDate>
    <RecordCount>1</RecordCount>
    <DispositionFlag>PRODUCTION</DispositionFlag>
  </Header>
<Claim>
<ID>MEDNET120000119</ID>
<IDPayer></IDPayer>
<MemberID>441380</MemberID>
<PayerID>A009</PayerID>
<ProviderID>MF104</ProviderID>
 <EmiratesIDNumber>000-0000-0000000-0</EmiratesIDNumber>
 <Gross>192</Gross>
 <PatientShare>0</PatientShare>
 <Net>192</Net>
<Encounter>
<FacilityID>MF104</FacilityID>
<Type>1</Type>
<PatientID>100353</PatientID>
<Start>24/09/2013 00:00</Start>
<End>24/09/2013 00:00</End>
<StartType>1</StartType>
<EndType>1</EndType>
 </Encounter>
 <Diagnosis>
 <Type>Principal</Type>
 <Code>009.1</Code>
</Diagnosis> 
 <Diagnosis>
 <Type>Secondary</Type>
 <Code>786.50</Code>
</Diagnosis> 
 <Diagnosis>
 <Type>Secondary</Type>
 <Code>250.00</Code>
</Diagnosis> 
 <Activity>
 <ID>1</ID>
 <Start>24/09/2013 00:00</Start>
 <Type>5</Type>
 <Code>1589-2175-002</Code>
 <Quantity>5</Quantity>
 <Net>67.5</Net>
 <Clinician>GD5665</Clinician>
 <PriorAuthorizationID></PriorAuthorizationID>
 </Activity>
 <Activity>
 <ID>2</ID>
 <Start>24/09/2013 00:00</Start>
 <Type>5</Type>
 <Code>1300-1614-004</Code>
 <Quantity>1</Quantity>
 <Net>124.5</Net>
 <Clinician>GD5665</Clinician>
 <PriorAuthorizationID></PriorAuthorizationID>
 </Activity>
 </Claim>
</Claim.Submission>
