<?xml version="1.0" encoding="US-ASCII"?><Claim.Submission xsi:noNamespaceSchemaLocation="http://www.haad.ae/DataDictionary/CommonTypes/ClaimSubmission.xsd" xmlns:tns="http://www.haad.ae/DataDictionary/CommonTypes" xmlns:xsi="http://www.w3.org/2001/XMLSchema-instance">
<Header>
<SenderID>MF464</SenderID>
<ReceiverID>C004</ReceiverID>
<TransactionDate>10/10/2013 14:04</TransactionDate>
<RecordCount>48</RecordCount>
<DispositionFlag>PRODUCTION</DispositionFlag>
</Header>
<Claim>
<ID>APM-966801</ID>
<IDPayer/>
<MemberID>097110040030915902</MemberID>
<PayerID>@Orient</PayerID>
<ProviderID>MF464</ProviderID>
<EmiratesIDNumber>000-0000-0000000-0</EmiratesIDNumber>
<Gross>454.66</Gross>
<PatientShare>50</PatientShare>
<Net>404.66</Net>
<Encounter>
<FacilityID>MF464</FacilityID>
<Type>2</Type>
<PatientID>65110/01</PatientID>
<Start>01/09/2013 00:00</Start>
<End>01/09/2013 00:00</End>
<StartType>2</StartType>
<EndType>1</EndType>
<TransferSource/>
<TransferDestination/>
</Encounter>
<Diagnosis>
<Type>Principal</Type>
<Code>282.69</Code>
</Diagnosis>
<Activity>
<ID>5223311</ID>
<Start>01/09/2013 00:00</Start>
<Type>5</Type>
<Code>1748-5153-002</Code>
<Quantity>1.0</Quantity>
<Net>0.0</Net>
<Clinician>GD10310</Clinician>
<PriorAuthorizationID/>
</Activity>
<Activity>
<ID>5223312</ID>
<Start>01/09/2013 00:00</Start>
<Type>3</Type>
<Code>96365</Code>
<Quantity>1.0</Quantity>
<Net>197.8</Net>
<Clinician>GD10310</Clinician>
<PriorAuthorizationID/>
</Activity>
<Activity>
<ID>5223313</ID>
<Start>01/09/2013 00:00</Start>
<Type>3</Type>
<Code>96361</Code>
<Quantity>1.0</Quantity>
<Net>46.0</Net>
<Clinician>GD10310</Clinician>
<PriorAuthorizationID/>
</Activity>
<Activity>
<ID>5223314</ID>
<Start>01/09/2013 00:00</Start>
<Type>5</Type>
<Code>1718-3520-001</Code>
<Quantity>1.0</Quantity>
<Net>19.96</Net>
<Clinician>GD10310</Clinician>
<PriorAuthorizationID/>
</Activity>
<Activity>
<ID>5223315</ID>
<Start>01/09/2013 00:00</Start>
<Type>3</Type>
<Code>99283</Code>
<Quantity>1.0</Quantity>
<Net>140.9</Net>
<Clinician>GD10310</Clinician>
<PriorAuthorizationID/>
</Activity>
<Contract>
<PackageName>Orient - Mednet</PackageName>
</Contract>
</Claim>
<Claim>
<ID>APM-966803</ID>
<IDPayer/>
<MemberID>097110040018043501</MemberID>
<PayerID>@Orient</PayerID>
<ProviderID>MF464</ProviderID>
<EmiratesIDNumber>000-0000-0000000-0</EmiratesIDNumber>
<Gross>242.2</Gross>
<PatientShare>39.44</PatientShare>
<Net>202.76</Net>
<Encounter>
<FacilityID>MF464</FacilityID>
<Type>1</Type>
<PatientID>95048/01</PatientID>
<Start>01/09/2013 00:00</Start>
<End>01/09/2013 00:00</End>
<StartType>1</StartType>
<EndType>1</EndType>
<TransferSource/>
<TransferDestination/>
</Encounter>
<Diagnosis>
<Type>Principal</Type>
<Code>416.0</Code>
</Diagnosis>
<Diagnosis>
<Type>Secondary</Type>
<Code>274.9</Code>
</Diagnosis>
<Activity>
<ID>5223324</ID>
<Start>01/09/2013 00:00</Start>
<Type>3</Type>
<Code>85610</Code>
<Quantity>1.0</Quantity>
<Net>32.2</Net>
<Clinician>D3344</Clinician>
<PriorAuthorizationID/>
</Activity>
<Activity>
<ID>5223325</ID>
<Start>01/09/2013 00:00</Start>
<Type>3</Type>
<Code>99212</Code>
<Quantity>1.0</Quantity>
<Net>93.8</Net>
<Clinician>D3344</Clinician>
<PriorAuthorizationID/>
</Activity>
<Activity>
<ID>5223326</ID>
<Start>01/09/2013 00:00</Start>
<Type>5</Type>
<Code>1567-4599-001</Code>
<Quantity>60.0</Quantity>
<Net>39.96</Net>
<Clinician>D3344</Clinician>
<PriorAuthorizationID/>
</Activity>
<Activity>
<ID>5223327</ID>
<Start>01/09/2013 00:00</Start>
<Type>3</Type>
<Code>84550</Code>
<Quantity>1.0</Quantity>
<Net>36.8</Net>
<Clinician>D3344</Clinician>
<PriorAuthorizationID/>
</Activity>
<Contract>
<PackageName>Orient - Mednet</PackageName>
</Contract>
</Claim>
<Claim>
<ID>APM-966807</ID>
<IDPayer/>
<MemberID>097110040030915302</MemberID>
<PayerID>@Orient</PayerID>
<ProviderID>MF464</ProviderID>
<EmiratesIDNumber>000-0000-0000000-0</EmiratesIDNumber>
<Gross>264.2</Gross>
<PatientShare>50</PatientShare>
<Net>214.2</Net>
<Encounter>
<FacilityID>MF464</FacilityID>
<Type>1</Type>
<PatientID>23580/01</PatientID>
<Start>01/09/2013 00:00</Start>
<End>01/09/2013 00:00</End>
<StartType>1</StartType>
<EndType>1</EndType>
<TransferSource/>
<TransferDestination/>
</Encounter>
<Diagnosis>
<Type>Principal</Type>
<Code>401.1</Code>
</Diagnosis>
<Activity>
<ID>5223330</ID>
<Start>01/09/2013 00:00</Start>
<Type>5</Type>
<Code>1527-1722-001</Code>
<Quantity>2.0</Quantity>
<Net>100.0</Net>
<Clinician>D3344</Clinician>
<PriorAuthorizationID>274379</PriorAuthorizationID>
</Activity>
<Activity>
<ID>5223331</ID>
<Start>01/09/2013 00:00</Start>
<Type>3</Type>
<Code>99212</Code>
<Quantity>1.0</Quantity>
<Net>78.8</Net>
<Clinician>D3344</Clinician>
<PriorAuthorizationID/>
</Activity>
<Activity>
<ID>5223332</ID>
<Start>01/09/2013 00:00</Start>
<Type>5</Type>
<Code>2250-1271-003</Code>
<Quantity>60.0</Quantity>
<Net>35.4</Net>
<Clinician>D3344</Clinician>
<PriorAuthorizationID>274379</PriorAuthorizationID>
</Activity>
<Contract>
<PackageName>Orient - Mednet</PackageName>
</Contract>
</Claim>
<Claim>
<ID>APM-966808</ID>
<IDPayer/>
<MemberID>097110040030915302</MemberID>
<PayerID>@Orient</PayerID>
<ProviderID>MF464</ProviderID>
<EmiratesIDNumber>000-0000-0000000-0</EmiratesIDNumber>
<Gross>616.4</Gross>
<PatientShare>50</PatientShare>
<Net>566.4</Net>
<Encounter>
<FacilityID>MF464</FacilityID>
<Type>1</Type>
<PatientID>23580/01</PatientID>
<Start>02/09/2013 00:00</Start>
<End>02/09/2013 00:00</End>
<StartType>1</StartType>
<EndType>1</EndType>
<TransferSource/>
<TransferDestination/>
</Encounter>
<Diagnosis>
<Type>Principal</Type>
<Code>719.46</Code>
</Diagnosis>
<Diagnosis>
<Type>Secondary</Type>
<Code>716.90</Code>
</Diagnosis>
<Diagnosis>
<Type>Secondary</Type>
<Code>728.85</Code>
</Diagnosis>
<Activity>
<ID>5223333</ID>
<Start>02/09/2013 00:00</Start>
<Type>3</Type>
<Code>86140</Code>
<Quantity>1.0</Quantity>
<Net>43.7</Net>
<Clinician>GD8060</Clinician>
<PriorAuthorizationID/>
</Activity>
<Activity>
<ID>5223334</ID>
<Start>02/09/2013 00:00</Start>
<Type>3</Type>
<Code>85651</Code>
<Quantity>1.0</Quantity>
<Net>29.9</Net>
<Clinician>GD8060</Clinician>
<PriorAuthorizationID/>
</Activity>
<Activity>
<ID>5223335</ID>
<Start>02/09/2013 00:00</Start>
<Type>3</Type>
<Code>99213</Code>
<Quantity>1.0</Quantity>
<Net>168.5</Net>
<Clinician>GD8060</Clinician>
<PriorAuthorizationID/>
</Activity>
<Activity>
<ID>5223336</ID>
<Start>02/09/2013 00:00</Start>
<Type>3</Type>
<Code>82310</Code>
<Quantity>1.0</Quantity>
<Net>41.4</Net>
<Clinician>GD8060</Clinician>
<PriorAuthorizationID/>
</Activity>
<Activity>
<ID>5223337</ID>
<Start>02/09/2013 00:00</Start>
<Type>3</Type>
<Code>85025</Code>
<Quantity>1.0</Quantity>
<Net>64.4</Net>
<Clinician>GD8060</Clinician>
<PriorAuthorizationID/>
</Activity>
<Activity>
<ID>5223338</ID>
<Start>02/09/2013 00:00</Start>
<Type>3</Type>
<Code>73562</Code>
<Quantity>1.0</Quantity>
<Net>181.7</Net>
<Clinician>GD8060</Clinician>
<PriorAuthorizationID/>
</Activity>
<Activity>
<ID>5223339</ID>
<Start>02/09/2013 00:00</Start>
<Type>3</Type>
<Code>84550</Code>
<Quantity>1.0</Quantity>
<Net>36.8</Net>
<Clinician>GD8060</Clinician>
<PriorAuthorizationID/>
</Activity>
<Contract>
<PackageName>Orient - Mednet</PackageName>
</Contract>
</Claim>
<Claim>
<ID>APM-966811</ID>
<IDPayer/>
<MemberID>097110040041983001</MemberID>
<PayerID>@Orient</PayerID>
<ProviderID>MF464</ProviderID>
<EmiratesIDNumber>000-0000-0000000-0</EmiratesIDNumber>
<Gross>285.8</Gross>
<PatientShare>50.7</PatientShare>
<Net>235.1</Net>
<Encounter>
<FacilityID>MF464</FacilityID>
<Type>1</Type>
<PatientID>92947/01</PatientID>
<Start>02/09/2013 00:00</Start>
<End>02/09/2013 00:00</End>
<StartType>1</StartType>
<EndType>1</EndType>
<TransferSource/>
<TransferDestination/>
</Encounter>
<Diagnosis>
<Type>Principal</Type>
<Code>691.8</Code>
</Diagnosis>
<Activity>
<ID>5223340</ID>
<Start>02/09/2013 00:00</Start>
<Type>3</Type>
<Code>99212</Code>
<Quantity>1.0</Quantity>
<Net>93.8</Net>
<Clinician>D1578</Clinician>
<PriorAuthorizationID/>
</Activity>
<Activity>
<ID>5223341</ID>
<Start>02/09/2013 00:00</Start>
<Type>5</Type>
<Code>1714-1279-004</Code>
<Quantity>1.0</Quantity>
<Net>5.4</Net>
<Clinician>D1578</Clinician>
<PriorAuthorizationID/>
</Activity>
<Activity>
<ID>5223342</ID>
<Start>02/09/2013 00:00</Start>
<Type>5</Type>
<Code>1497-2306-007</Code>
<Quantity>2.0</Quantity>
<Net>55.8</Net>
<Clinician>D1578</Clinician>
<PriorAuthorizationID/>
</Activity>
<Activity>
<ID>5223343</ID>
<Start>02/09/2013 00:00</Start>
<Type>5</Type>
<Code>1635-4157-003</Code>
<Quantity>2.0</Quantity>
<Net>47.7</Net>
<Clinician>D1578</Clinician>
<PriorAuthorizationID/>
</Activity>
<Activity>
<ID>5223344</ID>
<Start>02/09/2013 00:00</Start>
<Type>5</Type>
<Code>1464-2051-002</Code>
<Quantity>2.0</Quantity>
<Net>32.4</Net>
<Clinician>D1578</Clinician>
<PriorAuthorizationID/>
</Activity>
<Contract>
<PackageName>Orient - Mednet</PackageName>
</Contract>
</Claim>
<Claim>
<ID>APM-966816</ID>
<IDPayer/>
<MemberID>097110040030915302</MemberID>
<PayerID>@Orient</PayerID>
<ProviderID>MF464</ProviderID>
<EmiratesIDNumber>000-0000-0000000-0</EmiratesIDNumber>
<Gross>111</Gross>
<PatientShare>0</PatientShare>
<Net>111</Net>
<Encounter>
<FacilityID>MF464</FacilityID>
<Type>1</Type>
<PatientID>23580/01</PatientID>
<Start>03/09/2013 00:00</Start>
<End>03/09/2013 00:00</End>
<StartType>1</StartType>
<EndType>1</EndType>
<TransferSource/>
<TransferDestination/>
</Encounter>
<Diagnosis>
<Type>Principal</Type>
<Code>719.46</Code>
</Diagnosis>
<Activity>
<ID>5223345</ID>
<Start>03/09/2013 00:00</Start>
<Type>5</Type>
<Code>1556-4477-001</Code>
<Quantity>30.0</Quantity>
<Net>111.0</Net>
<Clinician>GD8060</Clinician>
<PriorAuthorizationID/>
</Activity>
<Contract>
<PackageName>Orient - Mednet</PackageName>
</Contract>
</Claim>
<Claim>
<ID>APM-966821</ID>
<IDPayer/>
<MemberID>097110040025146902</MemberID>
<PayerID>@Orient</PayerID>
<ProviderID>MF464</ProviderID>
<EmiratesIDNumber>000-0000-0000000-0</EmiratesIDNumber>
<Gross>1101.4</Gross>
<PatientShare>52.68</PatientShare>
<Net>1048.72</Net>
<Encounter>
<FacilityID>MF464</FacilityID>
<Type>1</Type>
<PatientID>80797/03</PatientID>
<Start>03/09/2013 00:00</Start>
<End>03/09/2013 00:00</End>
<StartType>1</StartType>
<EndType>1</EndType>
<TransferSource/>
<TransferDestination/>
</Encounter>
<Diagnosis>
<Type>Principal</Type>
<Code>648.80</Code>
</Diagnosis>
<Activity>
<ID>5223351</ID>
<Start>03/09/2013 00:00</Start>
<Type>3</Type>
<Code>76805</Code>
<Quantity>1.0</Quantity>
<Net>706.1</Net>
<Clinician>GD6605</Clinician>
<PriorAuthorizationID/>
</Activity>
<Activity>
<ID>5223352</ID>
<Start>03/09/2013 00:00</Start>
<Type>3</Type>
<Code>99213</Code>
<Quantity>1.0</Quantity>
<Net>183.5</Net>
<Clinician>GD6605</Clinician>
<PriorAuthorizationID/>
</Activity>
<Activity>
<ID>5223353</ID>
<Start>03/09/2013 00:00</Start>
<Type>5</Type>
<Code>1528-2401-003</Code>
<Quantity>60.0</Quantity>
<Net>15.12</Net>
<Clinician>GD6605</Clinician>
<PriorAuthorizationID/>
</Activity>
<Activity>
<ID>5223354</ID>
<Start>03/09/2013 00:00</Start>
<Type>5</Type>
<Code>1732-3442-002</Code>
<Quantity>1.0</Quantity>
<Net>25.2</Net>
<Clinician>GD6605</Clinician>
<PriorAuthorizationID/>
</Activity>
<Activity>
<ID>5223355</ID>
<Start>03/09/2013 00:00</Start>
<Type>5</Type>
<Code>2034-5391-001</Code>
<Quantity>1.0</Quantity>
<Net>118.8</Net>
<Clinician>GD6605</Clinician>
<PriorAuthorizationID/>
</Activity>
<Contract>
<PackageName>Orient - Mednet</PackageName>
</Contract>
</Claim>
<Claim>
<ID>APM-966822</ID>
<IDPayer/>
<MemberID>097110040041961002</MemberID>
<PayerID>@Orient</PayerID>
<ProviderID>MF464</ProviderID>
<EmiratesIDNumber>000-0000-0000000-0</EmiratesIDNumber>
<Gross>1051.6</Gross>
<PatientShare>47.7</PatientShare>
<Net>1003.9</Net>
<Encounter>
<FacilityID>MF464</FacilityID>
<Type>1</Type>
<PatientID>93555/01</PatientID>
<Start>03/09/2013 00:00</Start>
<End>03/09/2013 00:00</End>
<StartType>1</StartType>
<EndType>1</EndType>
<TransferSource/>
<TransferDestination/>
</Encounter>
<Diagnosis>
<Type>Principal</Type>
<Code>648.83</Code>
</Diagnosis>
<Activity>
<ID>5223357</ID>
<Start>03/09/2013 00:00</Start>
<Type>5</Type>
<Code>1873-6751-001</Code>
<Quantity>1.0</Quantity>
<Net>89.1</Net>
<Clinician>GD6605</Clinician>
<PriorAuthorizationID/>
</Activity>
<Activity>
<ID>5223358</ID>
<Start>03/09/2013 00:00</Start>
<Type>3</Type>
<Code>76805</Code>
<Quantity>1.0</Quantity>
<Net>706.1</Net>
<Clinician>GD6605</Clinician>
<PriorAuthorizationID/>
</Activity>
<Activity>
<ID>5223359</ID>
<Start>03/09/2013 00:00</Start>
<Type>3</Type>
<Code>99213</Code>
<Quantity>1.0</Quantity>
<Net>183.5</Net>
<Clinician>GD6605</Clinician>
<PriorAuthorizationID/>
</Activity>
<Activity>
<ID>5223360</ID>
<Start>03/09/2013 00:00</Start>
<Type>5</Type>
<Code>1732-3442-002</Code>
<Quantity>1.0</Quantity>
<Net>25.2</Net>
<Clinician>GD6605</Clinician>
<PriorAuthorizationID/>
</Activity>
<Contract>
<PackageName>Orient - Mednet</PackageName>
</Contract>
</Claim>
<Claim>
<ID>APM-966824</ID>
<IDPayer/>
<MemberID>097110040035835201</MemberID>
<PayerID>@Orient</PayerID>
<ProviderID>MF464</ProviderID>
<EmiratesIDNumber>000-0000-0000000-0</EmiratesIDNumber>
<Gross>355.8</Gross>
<PatientShare>57.7</PatientShare>
<Net>298.1</Net>
<Encounter>
<FacilityID>MF464</FacilityID>
<Type>1</Type>
<PatientID>96893/01</PatientID>
<Start>03/09/2013 00:00</Start>
<End>03/09/2013 00:00</End>
<StartType>1</StartType>
<EndType>1</EndType>
<TransferSource/>
<TransferDestination/>
</Encounter>
<Diagnosis>
<Type>Principal</Type>
<Code>565.0</Code>
</Diagnosis>
<Diagnosis>
<Type>Secondary</Type>
<Code>455.6</Code>
</Diagnosis>
<Activity>
<ID>5223363</ID>
<Start>03/09/2013 00:00</Start>
<Type>5</Type>
<Code>1556-4622-003</Code>
<Quantity>1.0</Quantity>
<Net>63.45</Net>
<Clinician>GD6642</Clinician>
<PriorAuthorizationID/>
</Activity>
<Activity>
<ID>5223364</ID>
<Start>03/09/2013 00:00</Start>
<Type>3</Type>
<Code>99212</Code>
<Quantity>1.0</Quantity>
<Net>93.8</Net>
<Clinician>GD6642</Clinician>
<PriorAuthorizationID/>
</Activity>
<Activity>
<ID>5223365</ID>
<Start>03/09/2013 00:00</Start>
<Type>5</Type>
<Code>1279-2074-001</Code>
<Quantity>1.0</Quantity>
<Net>73.35</Net>
<Clinician>GD6642</Clinician>
<PriorAuthorizationID/>
</Activity>
<Activity>
<ID>5223366</ID>
<Start>03/09/2013 00:00</Start>
<Type>5</Type>
<Code>1552-3628-002</Code>
<Quantity>3.0</Quantity>
<Net>67.5</Net>
<Clinician>GD6642</Clinician>
<PriorAuthorizationID/>
</Activity>
<Contract>
<PackageName>Orient - Mednet</PackageName>
</Contract>
</Claim>
<Claim>
<ID>APM-966966</ID>
<IDPayer/>
<MemberID>097110040030915201</MemberID>
<PayerID>@Orient</PayerID>
<ProviderID>MF464</ProviderID>
<EmiratesIDNumber>000-0000-0000000-0</EmiratesIDNumber>
<Gross>394.2</Gross>
<PatientShare>50</PatientShare>
<Net>344.2</Net>
<Encounter>
<FacilityID>MF464</FacilityID>
<Type>1</Type>
<PatientID>23580/04</PatientID>
<Start>02/09/2013 00:00</Start>
<End>02/09/2013 00:00</End>
<StartType>1</StartType>
<EndType>1</EndType>
<TransferSource/>
<TransferDestination/>
</Encounter>
<Diagnosis>
<Type>Principal</Type>
<Code>401.1</Code>
</Diagnosis>
<Activity>
<ID>5231854</ID>
<Start>02/09/2013 00:00</Start>
<Type>3</Type>
<Code>99212</Code>
<Quantity>1.0</Quantity>
<Net>78.8</Net>
<Clinician>D3344</Clinician>
<PriorAuthorizationID>274381</PriorAuthorizationID>
</Activity>
<Activity>
<ID>5231855</ID>
<Start>02/09/2013 00:00</Start>
<Type>5</Type>
<Code>2250-1271-003</Code>
<Quantity>60.0</Quantity>
<Net>35.4</Net>
<Clinician>D3344</Clinician>
<PriorAuthorizationID>274381</PriorAuthorizationID>
</Activity>
<Activity>
<ID>5231856</ID>
<Start>02/09/2013 00:00</Start>
<Type>5</Type>
<Code>1635-1223-001</Code>
<Quantity>2.0</Quantity>
<Net>230.0</Net>
<Clinician>D3344</Clinician>
<PriorAuthorizationID>274381</PriorAuthorizationID>
</Activity>
<Contract>
<PackageName>Orient - Mednet</PackageName>
</Contract>
</Claim>
<Claim>
<ID>APM-979497</ID>
<IDPayer/>
<MemberID>097110330039494402</MemberID>
<PayerID>A020</PayerID>
<ProviderID>MF464</ProviderID>
<EmiratesIDNumber>000-0000-0000000-0</EmiratesIDNumber>
<Gross>1051.6</Gross>
<PatientShare>25</PatientShare>
<Net>1026.6</Net>
<Encounter>
<FacilityID>MF464</FacilityID>
<Type>1</Type>
<PatientID>70064/01</PatientID>
<Start>04/09/2013 00:00</Start>
<End>04/09/2013 00:00</End>
<StartType>1</StartType>
<EndType>1</EndType>
<TransferSource/>
<TransferDestination/>
</Encounter>
<Diagnosis>
<Type>Principal</Type>
<Code>V22.1</Code>
</Diagnosis>
<Activity>
<ID>5291666</ID>
<Start>04/09/2013 00:00</Start>
<Type>5</Type>
<Code>1873-6751-001</Code>
<Quantity>1.0</Quantity>
<Net>99.0</Net>
<Clinician>GD6605</Clinician>
<PriorAuthorizationID/>
</Activity>
<Activity>
<ID>5291667</ID>
<Start>04/09/2013 00:00</Start>
<Type>3</Type>
<Code>76805</Code>
<Quantity>1.0</Quantity>
<Net>706.1</Net>
<Clinician>GD6605</Clinician>
<PriorAuthorizationID/>
</Activity>
<Activity>
<ID>5291668</ID>
<Start>04/09/2013 00:00</Start>
<Type>3</Type>
<Code>99213</Code>
<Quantity>1.0</Quantity>
<Net>193.5</Net>
<Clinician>GD6605</Clinician>
<PriorAuthorizationID/>
</Activity>
<Activity>
<ID>5291669</ID>
<Start>04/09/2013 00:00</Start>
<Type>5</Type>
<Code>1732-3442-002</Code>
<Quantity>1.0</Quantity>
<Net>28.0</Net>
<Clinician>GD6605</Clinician>
<PriorAuthorizationID/>
</Activity>
<Contract>
<PackageName>Salama-Mednet </PackageName>
</Contract>
</Claim>
<Claim>
<ID>APM-979499</ID>
<IDPayer/>
<MemberID>097110040040390101</MemberID>
<PayerID>@Orient</PayerID>
<ProviderID>MF464</ProviderID>
<EmiratesIDNumber>000-0000-0000000-0</EmiratesIDNumber>
<Gross>284.9</Gross>
<PatientShare>43.25</PatientShare>
<Net>241.65</Net>
<Encounter>
<FacilityID>MF464</FacilityID>
<Type>1</Type>
<PatientID>92335/01</PatientID>
<Start>04/09/2013 00:00</Start>
<End>04/09/2013 00:00</End>
<StartType>1</StartType>
<EndType>1</EndType>
<TransferSource/>
<TransferDestination/>
</Encounter>
<Diagnosis>
<Type>Principal</Type>
<Code>786.07</Code>
</Diagnosis>
<Diagnosis>
<Type>Secondary</Type>
<Code>462</Code>
</Diagnosis>
<Diagnosis>
<Type>Secondary</Type>
<Code>381.01</Code>
</Diagnosis>
<Activity>
<ID>5291710</ID>
<Start>04/09/2013 00:00</Start>
<Type>3</Type>
<Code>99212</Code>
<Quantity>1.0</Quantity>
<Net>93.8</Net>
<Clinician>GD8995</Clinician>
<PriorAuthorizationID/>
</Activity>
<Activity>
<ID>5291711</ID>
<Start>04/09/2013 00:00</Start>
<Type>3</Type>
<Code>94640</Code>
<Quantity>1.0</Quantity>
<Net>73.6</Net>
<Clinician>GD8995</Clinician>
<PriorAuthorizationID/>
</Activity>
<Activity>
<ID>5291712</ID>
<Start>04/09/2013 00:00</Start>
<Type>5</Type>
<Code>1661-1339-001</Code>
<Quantity>1.0</Quantity>
<Net>13.5</Net>
<Clinician>GD8995</Clinician>
<PriorAuthorizationID/>
</Activity>
<Activity>
<ID>5291713</ID>
<Start>04/09/2013 00:00</Start>
<Type>5</Type>
<Code>1552-2198-005</Code>
<Quantity>1.0</Quantity>
<Net>14.85</Net>
<Clinician>GD8995</Clinician>
<PriorAuthorizationID/>
</Activity>
<Activity>
<ID>5291714</ID>
<Start>04/09/2013 00:00</Start>
<Type>5</Type>
<Code>2414-1531-006</Code>
<Quantity>1.0</Quantity>
<Net>45.9</Net>
<Clinician>GD8995</Clinician>
<PriorAuthorizationID/>
</Activity>
<Contract>
<PackageName>Orient - Mednet</PackageName>
</Contract>
</Claim>
<Claim>
<ID>APM-979500</ID>
<IDPayer/>
<MemberID>097110040040390002</MemberID>
<PayerID>A012</PayerID>
<ProviderID>MF464</ProviderID>
<EmiratesIDNumber>000-0000-0000000-0</EmiratesIDNumber>
<Gross>1248.9</Gross>
<PatientShare>35</PatientShare>
<Net>1213.9</Net>
<Encounter>
<FacilityID>MF464</FacilityID>
<Type>1</Type>
<PatientID>92450/01</PatientID>
<Start>04/09/2013 00:00</Start>
<End>04/09/2013 00:00</End>
<StartType>1</StartType>
<EndType>1</EndType>
<TransferSource/>
<TransferDestination/>
</Encounter>
<Diagnosis>
<Type>Principal</Type>
<Code>654.23</Code>
</Diagnosis>
<Activity>
<ID>5291726</ID>
<Start>04/09/2013 00:00</Start>
<Type>3</Type>
<Code>85610</Code>
<Quantity>1.0</Quantity>
<Net>32.2</Net>
<Clinician>GD6605</Clinician>
<PriorAuthorizationID/>
</Activity>
<Activity>
<ID>5291727</ID>
<Start>04/09/2013 00:00</Start>
<Type>3</Type>
<Code>76805</Code>
<Quantity>1.0</Quantity>
<Net>706.1</Net>
<Clinician>GD6605</Clinician>
<PriorAuthorizationID/>
</Activity>
<Activity>
<ID>5291728</ID>
<Start>04/09/2013 00:00</Start>
<Type>3</Type>
<Code>85730</Code>
<Quantity>1.0</Quantity>
<Net>50.6</Net>
<Clinician>GD6605</Clinician>
<PriorAuthorizationID/>
</Activity>
<Activity>
<ID>5291729</ID>
<Start>04/09/2013 00:00</Start>
<Type>3</Type>
<Code>84443</Code>
<Quantity>1.0</Quantity>
<Net>138.0</Net>
<Clinician>GD6605</Clinician>
<PriorAuthorizationID/>
</Activity>
<Activity>
<ID>5291730</ID>
<Start>04/09/2013 00:00</Start>
<Type>3</Type>
<Code>99213</Code>
<Quantity>1.0</Quantity>
<Net>183.5</Net>
<Clinician>GD6605</Clinician>
<PriorAuthorizationID/>
</Activity>
<Activity>
<ID>5291731</ID>
<Start>04/09/2013 00:00</Start>
<Type>3</Type>
<Code>85025</Code>
<Quantity>1.0</Quantity>
<Net>64.4</Net>
<Clinician>GD6605</Clinician>
<PriorAuthorizationID/>
</Activity>
<Activity>
<ID>5291732</ID>
<Start>04/09/2013 00:00</Start>
<Type>3</Type>
<Code>82950</Code>
<Quantity>1.0</Quantity>
<Net>39.1</Net>
<Clinician>GD6605</Clinician>
<PriorAuthorizationID/>
</Activity>
<Contract>
<PackageName>Arab Orient - MedNet</PackageName>
</Contract>
</Claim>
<Claim>
<ID>APM-979501</ID>
<IDPayer/>
<MemberID>09710040043943502</MemberID>
<PayerID>@Orient</PayerID>
<ProviderID>MF464</ProviderID>
<EmiratesIDNumber>000-0000-0000000-0</EmiratesIDNumber>
<Gross>1240</Gross>
<PatientShare>248</PatientShare>
<Net>992</Net>
<Encounter>
<FacilityID>MF464</FacilityID>
<Type>1</Type>
<PatientID>97064/01</PatientID>
<Start>04/09/2013 00:00</Start>
<End>04/09/2013 00:00</End>
<StartType>1</StartType>
<EndType>1</EndType>
<TransferSource/>
<TransferDestination/>
</Encounter>
<Diagnosis>
<Type>Principal</Type>
<Code>521.03</Code>
</Diagnosis>
<Diagnosis>
<Type>Secondary</Type>
<Code>522.0</Code>
</Diagnosis>
<Activity>
<ID>5291745</ID>
<Start>04/09/2013 00:00</Start>
<Type>6</Type>
<Code>33131</Code>
<Quantity>1.0</Quantity>
<Net>515.2</Net>
<Clinician>GD9084</Clinician>
<PriorAuthorizationID>274313</PriorAuthorizationID>
<Observation>
<Type>Universal Dental</Type>
<Code>1</Code>
<Value>NA</Value>
<ValueType>NA</ValueType>
</Observation>
</Activity>
<Activity>
<ID>5291746</ID>
<Start>04/09/2013 00:00</Start>
<Type>6</Type>
<Code>01301</Code>
<Quantity>1.0</Quantity>
<Net>120.0</Net>
<Clinician>GD9084</Clinician>
<PriorAuthorizationID>274313</PriorAuthorizationID>
</Activity>
<Activity>
<ID>5291747</ID>
<Start>04/09/2013 00:00</Start>
<Type>6</Type>
<Code>23323</Code>
<Quantity>1.0</Quantity>
<Net>356.8</Net>
<Clinician>GD9084</Clinician>
<PriorAuthorizationID>274313</PriorAuthorizationID>
<Observation>
<Type>Universal Dental</Type>
<Code>1</Code>
<Value>NA</Value>
<ValueType>NA</ValueType>
</Observation>
</Activity>
<Contract>
<PackageName>Orient - Mednet</PackageName>
</Contract>
</Claim>
<Claim>
<ID>APM-979502</ID>
<IDPayer/>
<MemberID>097110330037774502</MemberID>
<PayerID>A020</PayerID>
<ProviderID>MF464</ProviderID>
<EmiratesIDNumber>000-0000-0000000-0</EmiratesIDNumber>
<Gross>924.6</Gross>
<PatientShare>50</PatientShare>
<Net>874.6</Net>
<Encounter>
<FacilityID>MF464</FacilityID>
<Type>1</Type>
<PatientID>69026/01</PatientID>
<Start>05/09/2013 00:00</Start>
<End>05/09/2013 00:00</End>
<StartType>1</StartType>
<EndType>1</EndType>
<TransferSource/>
<TransferDestination/>
</Encounter>
<Diagnosis>
<Type>Principal</Type>
<Code>V22.1</Code>
</Diagnosis>
<Activity>
<ID>5291749</ID>
<Start>05/09/2013 00:00</Start>
<Type>3</Type>
<Code>76805</Code>
<Quantity>1.0</Quantity>
<Net>706.1</Net>
<Clinician>GD6605</Clinician>
<PriorAuthorizationID/>
</Activity>
<Activity>
<ID>5291750</ID>
<Start>05/09/2013 00:00</Start>
<Type>3</Type>
<Code>99213</Code>
<Quantity>1.0</Quantity>
<Net>168.5</Net>
<Clinician>GD6605</Clinician>
<PriorAuthorizationID/>
</Activity>
<Contract>
<PackageName>Salama-Mednet </PackageName>
</Contract>
</Claim>
<Claim>
<ID>APM-979503</ID>
<IDPayer/>
<MemberID>097110040040792402</MemberID>
<PayerID>@Orient</PayerID>
<ProviderID>MF464</ProviderID>
<EmiratesIDNumber>000-0000-0000000-0</EmiratesIDNumber>
<Gross>1044.2</Gross>
<PatientShare>35</PatientShare>
<Net>1009.2</Net>
<Encounter>
<FacilityID>MF464</FacilityID>
<Type>1</Type>
<PatientID>91108/01</PatientID>
<Start>05/09/2013 00:00</Start>
<End>05/09/2013 00:00</End>
<StartType>1</StartType>
<EndType>1</EndType>
<TransferSource/>
<TransferDestination/>
</Encounter>
<Diagnosis>
<Type>Principal</Type>
<Code>V23.2</Code>
</Diagnosis>
<Activity>
<ID>5291766</ID>
<Start>05/09/2013 00:00</Start>
<Type>3</Type>
<Code>99212</Code>
<Quantity>1.0</Quantity>
<Net>93.8</Net>
<Clinician>D2618</Clinician>
<PriorAuthorizationID/>
</Activity>
<Activity>
<ID>5291767</ID>
<Start>05/09/2013 00:00</Start>
<Type>3</Type>
<Code>85730</Code>
<Quantity>1.0</Quantity>
<Net>50.6</Net>
<Clinician>D2618</Clinician>
<PriorAuthorizationID/>
</Activity>
<Activity>
<ID>5291768</ID>
<Start>05/09/2013 00:00</Start>
<Type>3</Type>
<Code>85384</Code>
<Quantity>1.0</Quantity>
<Net>71.3</Net>
<Clinician>D2618</Clinician>
<PriorAuthorizationID/>
</Activity>
<Activity>
<ID>5291769</ID>
<Start>05/09/2013 00:00</Start>
<Type>3</Type>
<Code>82950</Code>
<Quantity>1.0</Quantity>
<Net>39.1</Net>
<Clinician>D2618</Clinician>
<PriorAuthorizationID/>
</Activity>
<Activity>
<ID>5291770</ID>
<Start>05/09/2013 00:00</Start>
<Type>3</Type>
<Code>86703</Code>
<Quantity>1.0</Quantity>
<Net>101.2</Net>
<Clinician>D2618</Clinician>
<PriorAuthorizationID/>
</Activity>
<Activity>
<ID>5291771</ID>
<Start>05/09/2013 00:00</Start>
<Type>3</Type>
<Code>81000</Code>
<Quantity>1.0</Quantity>
<Net>25.3</Net>
<Clinician>D2618</Clinician>
<PriorAuthorizationID/>
</Activity>
<Activity>
<ID>5291772</ID>
<Start>05/09/2013 00:00</Start>
<Type>3</Type>
<Code>85610</Code>
<Quantity>1.0</Quantity>
<Net>32.2</Net>
<Clinician>D2618</Clinician>
<PriorAuthorizationID/>
</Activity>
<Activity>
<ID>5291773</ID>
<Start>05/09/2013 00:00</Start>
<Type>3</Type>
<Code>86900</Code>
<Quantity>1.0</Quantity>
<Net>25.3</Net>
<Clinician>D2618</Clinician>
<PriorAuthorizationID/>
</Activity>
<Activity>
<ID>5291774</ID>
<Start>05/09/2013 00:00</Start>
<Type>3</Type>
<Code>86592</Code>
<Quantity>1.0</Quantity>
<Net>34.5</Net>
<Clinician>D2618</Clinician>
<PriorAuthorizationID/>
</Activity>
<Activity>
<ID>5291775</ID>
<Start>05/09/2013 00:00</Start>
<Type>3</Type>
<Code>86901</Code>
<Quantity>1.0</Quantity>
<Net>25.3</Net>
<Clinician>D2618</Clinician>
<PriorAuthorizationID/>
</Activity>
<Activity>
<ID>5291776</ID>
<Start>05/09/2013 00:00</Start>
<Type>3</Type>
<Code>84704</Code>
<Quantity>2.0</Quantity>
<Net>248.4</Net>
<Clinician>D2618</Clinician>
<PriorAuthorizationID/>
</Activity>
<Activity>
<ID>5291777</ID>
<Start>05/09/2013 00:00</Start>
<Type>3</Type>
<Code>87340</Code>
<Quantity>1.0</Quantity>
<Net>78.2</Net>
<Clinician>D2618</Clinician>
<PriorAuthorizationID/>
</Activity>
<Activity>
<ID>5291778</ID>
<Start>05/09/2013 00:00</Start>
<Type>3</Type>
<Code>85025</Code>
<Quantity>1.0</Quantity>
<Net>64.4</Net>
<Clinician>D2618</Clinician>
<PriorAuthorizationID/>
</Activity>
<Activity>
<ID>5291779</ID>
<Start>05/09/2013 00:00</Start>
<Type>3</Type>
<Code>86762</Code>
<Quantity>1.0</Quantity>
<Net>119.6</Net>
<Clinician>D2618</Clinician>
<PriorAuthorizationID/>
</Activity>
<Contract>
<PackageName>Orient - Mednet</PackageName>
</Contract>
</Claim>
<Claim>
<ID>APM-979505</ID>
<IDPayer/>
<MemberID>097110040031785601</MemberID>
<PayerID>@Orient</PayerID>
<ProviderID>MF464</ProviderID>
<EmiratesIDNumber>000-0000-0000000-0</EmiratesIDNumber>
<Gross>811.9</Gross>
<PatientShare>35</PatientShare>
<Net>776.9</Net>
<Encounter>
<FacilityID>MF464</FacilityID>
<Type>1</Type>
<PatientID>76839/01</PatientID>
<Start>07/09/2013 00:00</Start>
<End>07/09/2013 00:00</End>
<StartType>1</StartType>
<EndType>1</EndType>
<TransferSource/>
<TransferDestination/>
</Encounter>
<Diagnosis>
<Type>Principal</Type>
<Code>789.9</Code>
</Diagnosis>
<Activity>
<ID>5291794</ID>
<Start>07/09/2013 00:00</Start>
<Type>3</Type>
<Code>76856</Code>
<Quantity>1.0</Quantity>
<Net>593.4</Net>
<Clinician>GD6605</Clinician>
<PriorAuthorizationID/>
</Activity>
<Activity>
<ID>5291795</ID>
<Start>07/09/2013 00:00</Start>
<Type>3</Type>
<Code>99213</Code>
<Quantity>1.0</Quantity>
<Net>183.5</Net>
<Clinician>GD6605</Clinician>
<PriorAuthorizationID/>
</Activity>
<Contract>
<PackageName>Orient - Mednet</PackageName>
</Contract>
</Claim>
<Claim>
<ID>APM-979506</ID>
<IDPayer/>
<MemberID>097110040040390002</MemberID>
<PayerID>A012</PayerID>
<ProviderID>MF464</ProviderID>
<EmiratesIDNumber>000-0000-0000000-0</EmiratesIDNumber>
<Gross>128.8</Gross>
<PatientShare>35</PatientShare>
<Net>93.8</Net>
<Encounter>
<FacilityID>MF464</FacilityID>
<Type>1</Type>
<PatientID>92450/01</PatientID>
<Start>07/09/2013 00:00</Start>
<End>07/09/2013 00:00</End>
<StartType>1</StartType>
<EndType>1</EndType>
<TransferSource/>
<TransferDestination/>
</Encounter>
<Diagnosis>
<Type>Principal</Type>
<Code>V72.83</Code>
</Diagnosis>
<Activity>
<ID>5291797</ID>
<Start>07/09/2013 00:00</Start>
<Type>3</Type>
<Code>99212</Code>
<Quantity>1.0</Quantity>
<Net>93.8</Net>
<Clinician>D3025</Clinician>
<PriorAuthorizationID/>
</Activity>
<Contract>
<PackageName>Arab Orient - MedNet</PackageName>
</Contract>
</Claim>
<Claim>
<ID>APM-979507</ID>
<IDPayer/>
<MemberID>097110030038715102</MemberID>
<PayerID>A009</PayerID>
<ProviderID>MF464</ProviderID>
<EmiratesIDNumber>000-0000-0000000-0</EmiratesIDNumber>
<Gross>64.4</Gross>
<PatientShare>50</PatientShare>
<Net>14.4</Net>
<Encounter>
<FacilityID>MF464</FacilityID>
<Type>2</Type>
<PatientID>93558/01</PatientID>
<Start>07/09/2013 00:00</Start>
<End>07/09/2013 00:00</End>
<StartType>2</StartType>
<EndType>1</EndType>
<TransferSource/>
<TransferDestination/>
</Encounter>
<Diagnosis>
<Type>Principal</Type>
<Code>V22.1</Code>
</Diagnosis>
<Activity>
<ID>5291802</ID>
<Start>07/09/2013 00:00</Start>
<Type>3</Type>
<Code>99281</Code>
<Quantity>1.0</Quantity>
<Net>14.4</Net>
<Clinician>GD11391</Clinician>
<PriorAuthorizationID/>
</Activity>
<Contract>
<PackageName>RAK - MedNet</PackageName>
</Contract>
</Claim>
<Claim>
<ID>APM-979512</ID>
<IDPayer/>
<MemberID>097110040027117401</MemberID>
<PayerID>@Orient</PayerID>
<ProviderID>MF464</ProviderID>
<EmiratesIDNumber>000-0000-0000000-0</EmiratesIDNumber>
<Gross>547.4</Gross>
<PatientShare>35</PatientShare>
<Net>512.4</Net>
<Encounter>
<FacilityID>MF464</FacilityID>
<Type>1</Type>
<PatientID>83251/01</PatientID>
<Start>08/09/2013 00:00</Start>
<End>08/09/2013 00:00</End>
<StartType>1</StartType>
<EndType>1</EndType>
<TransferSource/>
<TransferDestination/>
</Encounter>
<Diagnosis>
<Type>Principal</Type>
<Code>571.8</Code>
</Diagnosis>
<Diagnosis>
<Type>Secondary</Type>
<Code>401.1</Code>
</Diagnosis>
<Diagnosis>
<Type>Secondary</Type>
<Code>465.9</Code>
</Diagnosis>
<Activity>
<ID>5291885</ID>
<Start>08/09/2013 00:00</Start>
<Type>3</Type>
<Code>99212</Code>
<Quantity>1.0</Quantity>
<Net>93.8</Net>
<Clinician>D3344</Clinician>
<PriorAuthorizationID/>
</Activity>
<Activity>
<ID>5291886</ID>
<Start>08/09/2013 00:00</Start>
<Type>3</Type>
<Code>82977</Code>
<Quantity>1.0</Quantity>
<Net>59.8</Net>
<Clinician>D3344</Clinician>
<PriorAuthorizationID/>
</Activity>
<Activity>
<ID>5291887</ID>
<Start>08/09/2013 00:00</Start>
<Type>3</Type>
<Code>84450</Code>
<Quantity>1.0</Quantity>
<Net>43.7</Net>
<Clinician>D3344</Clinician>
<PriorAuthorizationID/>
</Activity>
<Activity>
<ID>5291888</ID>
<Start>08/09/2013 00:00</Start>
<Type>3</Type>
<Code>84520</Code>
<Quantity>1.0</Quantity>
<Net>32.2</Net>
<Clinician>D3344</Clinician>
<PriorAuthorizationID/>
</Activity>
<Activity>
<ID>5291889</ID>
<Start>08/09/2013 00:00</Start>
<Type>3</Type>
<Code>84460</Code>
<Quantity>1.0</Quantity>
<Net>43.7</Net>
<Clinician>D3344</Clinician>
<PriorAuthorizationID/>
</Activity>
<Activity>
<ID>5291890</ID>
<Start>08/09/2013 00:00</Start>
<Type>3</Type>
<Code>82565</Code>
<Quantity>1.0</Quantity>
<Net>41.4</Net>
<Clinician>D3344</Clinician>
<PriorAuthorizationID/>
</Activity>
<Activity>
<ID>5291891</ID>
<Start>08/09/2013 00:00</Start>
<Type>3</Type>
<Code>80061</Code>
<Quantity>1.0</Quantity>
<Net>154.1</Net>
<Clinician>D3344</Clinician>
<PriorAuthorizationID/>
</Activity>
<Activity>
<ID>5291892</ID>
<Start>08/09/2013 00:00</Start>
<Type>3</Type>
<Code>84075</Code>
<Quantity>1.0</Quantity>
<Net>43.7</Net>
<Clinician>D3344</Clinician>
<PriorAuthorizationID/>
</Activity>
<Contract>
<PackageName>Orient - Mednet</PackageName>
</Contract>
</Claim>
<Claim>
<ID>APM-979514</ID>
<IDPayer/>
<MemberID>09710040043943502</MemberID>
<PayerID>@Orient</PayerID>
<ProviderID>MF464</ProviderID>
<EmiratesIDNumber>000-0000-0000000-0</EmiratesIDNumber>
<Gross>174.8</Gross>
<PatientShare>39.6</PatientShare>
<Net>135.2</Net>
<Encounter>
<FacilityID>MF464</FacilityID>
<Type>1</Type>
<PatientID>97064/01</PatientID>
<Start>08/09/2013 00:00</Start>
<End>08/09/2013 00:00</End>
<StartType>1</StartType>
<EndType>1</EndType>
<TransferSource/>
<TransferDestination/>
</Encounter>
<Diagnosis>
<Type>Principal</Type>
<Code>466.0</Code>
</Diagnosis>
<Diagnosis>
<Type>Secondary</Type>
<Code>477.9</Code>
</Diagnosis>
<Activity>
<ID>5291901</ID>
<Start>08/09/2013 00:00</Start>
<Type>3</Type>
<Code>99212</Code>
<Quantity>1.0</Quantity>
<Net>93.8</Net>
<Clinician>D3344</Clinician>
<PriorAuthorizationID/>
</Activity>
<Activity>
<ID>5291902</ID>
<Start>08/09/2013 00:00</Start>
<Type>5</Type>
<Code>1650-1643-001</Code>
<Quantity>1.0</Quantity>
<Net>26.55</Net>
<Clinician>D3344</Clinician>
<PriorAuthorizationID/>
</Activity>
<Activity>
<ID>5291903</ID>
<Start>08/09/2013 00:00</Start>
<Type>5</Type>
<Code>1241-1457-014</Code>
<Quantity>1.0</Quantity>
<Net>14.85</Net>
<Clinician>D3344</Clinician>
<PriorAuthorizationID/>
</Activity>
<Contract>
<PackageName>Orient - Mednet</PackageName>
</Contract>
</Claim>
<Claim>
<ID>APM-979521</ID>
<IDPayer/>
<MemberID>097110040017729501</MemberID>
<PayerID>@Orient</PayerID>
<ProviderID>MF464</ProviderID>
<EmiratesIDNumber>000-0000-0000000-0</EmiratesIDNumber>
<Gross>682.36</Gross>
<PatientShare>2</PatientShare>
<Net>680.36</Net>
<Encounter>
<FacilityID>MF464</FacilityID>
<Type>2</Type>
<PatientID>47118/01</PatientID>
<Start>09/09/2013 00:00</Start>
<End>09/09/2013 00:00</End>
<StartType>2</StartType>
<EndType>1</EndType>
<TransferSource/>
<TransferDestination/>
</Encounter>
<Diagnosis>
<Type>Principal</Type>
<Code>009.0</Code>
</Diagnosis>
<Diagnosis>
<Type>Secondary</Type>
<Code>599.0</Code>
</Diagnosis>
<Activity>
<ID>5291904</ID>
<Start>09/09/2013 00:00</Start>
<Type>3</Type>
<Code>96365</Code>
<Quantity>1.0</Quantity>
<Net>197.8</Net>
<Clinician>GD7672</Clinician>
<PriorAuthorizationID/>
</Activity>
<Activity>
<ID>5291905</ID>
<Start>09/09/2013 00:00</Start>
<Type>3</Type>
<Code>86140</Code>
<Quantity>1.0</Quantity>
<Net>43.7</Net>
<Clinician>GD7672</Clinician>
<PriorAuthorizationID/>
</Activity>
<Activity>
<ID>5291906</ID>
<Start>09/09/2013 00:00</Start>
<Type>5</Type>
<Code>1718-3520-001</Code>
<Quantity>1.0</Quantity>
<Net>17.96</Net>
<Clinician>GD7672</Clinician>
<PriorAuthorizationID/>
</Activity>
<Activity>
<ID>5291907</ID>
<Start>09/09/2013 00:00</Start>
<Type>3</Type>
<Code>87177</Code>
<Quantity>1.0</Quantity>
<Net>73.6</Net>
<Clinician>GD7672</Clinician>
<PriorAuthorizationID/>
</Activity>
<Activity>
<ID>5291908</ID>
<Start>09/09/2013 00:00</Start>
<Type>3</Type>
<Code>85025</Code>
<Quantity>1.0</Quantity>
<Net>64.4</Net>
<Clinician>GD7672</Clinician>
<PriorAuthorizationID/>
</Activity>
<Activity>
<ID>5291909</ID>
<Start>09/09/2013 00:00</Start>
<Type>3</Type>
<Code>87086</Code>
<Quantity>1.0</Quantity>
<Net>66.7</Net>
<Clinician>GD7672</Clinician>
<PriorAuthorizationID/>
</Activity>
<Activity>
<ID>5291910</ID>
<Start>09/09/2013 00:00</Start>
<Type>3</Type>
<Code>81000</Code>
<Quantity>1.0</Quantity>
<Net>25.3</Net>
<Clinician>GD7672</Clinician>
<PriorAuthorizationID/>
</Activity>
<Activity>
<ID>5291911</ID>
<Start>09/09/2013 00:00</Start>
<Type>3</Type>
<Code>99283</Code>
<Quantity>1.0</Quantity>
<Net>190.9</Net>
<Clinician>GD7672</Clinician>
<PriorAuthorizationID/>
</Activity>
<Contract>
<PackageName>Orient - Mednet</PackageName>
</Contract>
</Claim>
<Claim>
<ID>APM-979525</ID>
<IDPayer/>
<MemberID>097110040037926401</MemberID>
<PayerID>@Orient</PayerID>
<ProviderID>MF464</ProviderID>
<EmiratesIDNumber>000-0000-0000000-0</EmiratesIDNumber>
<Gross>409.4</Gross>
<PatientShare>50</PatientShare>
<Net>359.4</Net>
<Encounter>
<FacilityID>MF464</FacilityID>
<Type>1</Type>
<PatientID>50069/02</PatientID>
<Start>09/09/2013 00:00</Start>
<End>09/09/2013 00:00</End>
<StartType>1</StartType>
<EndType>1</EndType>
<TransferSource/>
<TransferDestination/>
</Encounter>
<Diagnosis>
<Type>Principal</Type>
<Code>380.4</Code>
</Diagnosis>
<Diagnosis>
<Type>Secondary</Type>
<Code>380.10</Code>
</Diagnosis>
<Activity>
<ID>5291924</ID>
<Start>09/09/2013 00:00</Start>
<Type>3</Type>
<Code>99212</Code>
<Quantity>1.0</Quantity>
<Net>78.8</Net>
<Clinician>D5154</Clinician>
<PriorAuthorizationID/>
</Activity>
<Activity>
<ID>5291925</ID>
<Start>09/09/2013 00:00</Start>
<Type>3</Type>
<Code>69210</Code>
<Quantity>1.0</Quantity>
<Net>280.6</Net>
<Clinician>D5154</Clinician>
<PriorAuthorizationID/>
</Activity>
<Contract>
<PackageName>Orient - Mednet</PackageName>
</Contract>
</Claim>
<Claim>
<ID>APM-979529</ID>
<IDPayer/>
<MemberID>097110040017725501</MemberID>
<PayerID>@Orient</PayerID>
<ProviderID>MF464</ProviderID>
<EmiratesIDNumber>000-0000-0000000-0</EmiratesIDNumber>
<Gross>181.3</Gross>
<PatientShare>40.25</PatientShare>
<Net>141.05</Net>
<Encounter>
<FacilityID>MF464</FacilityID>
<Type>1</Type>
<PatientID>63832/01</PatientID>
<Start>09/09/2013 00:00</Start>
<End>09/09/2013 00:00</End>
<StartType>1</StartType>
<EndType>1</EndType>
<TransferSource/>
<TransferDestination/>
</Encounter>
<Diagnosis>
<Type>Principal</Type>
<Code>564.1</Code>
</Diagnosis>
<Activity>
<ID>5291926</ID>
<Start>09/09/2013 00:00</Start>
<Type>3</Type>
<Code>99212</Code>
<Quantity>1.0</Quantity>
<Net>93.8</Net>
<Clinician>D3344</Clinician>
<PriorAuthorizationID/>
</Activity>
<Activity>
<ID>5291927</ID>
<Start>09/09/2013 00:00</Start>
<Type>5</Type>
<Code>1129-2012-002</Code>
<Quantity>1.0</Quantity>
<Net>47.25</Net>
<Clinician>D3344</Clinician>
<PriorAuthorizationID/>
</Activity>
<Contract>
<PackageName>Orient - Mednet</PackageName>
</Contract>
</Claim>
<Claim>
<ID>APM-979534</ID>
<IDPayer/>
<MemberID>097110040044696602</MemberID>
<PayerID>@Orient</PayerID>
<ProviderID>MF464</ProviderID>
<EmiratesIDNumber>000-0000-0000000-0</EmiratesIDNumber>
<Gross>1572.8</Gross>
<PatientShare>62.1</PatientShare>
<Net>1510.7</Net>
<Encounter>
<FacilityID>MF464</FacilityID>
<Type>1</Type>
<PatientID>91872/02</PatientID>
<Start>09/09/2013 00:00</Start>
<End>09/09/2013 00:00</End>
<StartType>1</StartType>
<EndType>1</EndType>
<TransferSource/>
<TransferDestination/>
</Encounter>
<Diagnosis>
<Type>Principal</Type>
<Code>646.83</Code>
</Diagnosis>
<Diagnosis>
<Type>Secondary</Type>
<Code>465.9</Code>
</Diagnosis>
<Diagnosis>
<Type>Secondary</Type>
<Code>268.9</Code>
</Diagnosis>
<Activity>
<ID>5291932</ID>
<Start>09/09/2013 00:00</Start>
<Type>3</Type>
<Code>76805</Code>
<Quantity>1.0</Quantity>
<Net>706.1</Net>
<Clinician>D2618</Clinician>
<PriorAuthorizationID/>
</Activity>
<Activity>
<ID>5291933</ID>
<Start>09/09/2013 00:00</Start>
<Type>3</Type>
<Code>86900</Code>
<Quantity>1.0</Quantity>
<Net>25.3</Net>
<Clinician>D2618</Clinician>
<PriorAuthorizationID/>
</Activity>
<Activity>
<ID>5291934</ID>
<Start>09/09/2013 00:00</Start>
<Type>3</Type>
<Code>99202</Code>
<Quantity>1.0</Quantity>
<Net>190.4</Net>
<Clinician>D2618</Clinician>
<PriorAuthorizationID/>
</Activity>
<Activity>
<ID>5291935</ID>
<Start>09/09/2013 00:00</Start>
<Type>3</Type>
<Code>86901</Code>
<Quantity>1.0</Quantity>
<Net>25.3</Net>
<Clinician>D2618</Clinician>
<PriorAuthorizationID/>
</Activity>
<Activity>
<ID>5291936</ID>
<Start>09/09/2013 00:00</Start>
<Type>5</Type>
<Code>1802-5316-001</Code>
<Quantity>1.0</Quantity>
<Net>36.0</Net>
<Clinician>D2618</Clinician>
<PriorAuthorizationID/>
</Activity>
<Activity>
<ID>5291937</ID>
<Start>09/09/2013 00:00</Start>
<Type>3</Type>
<Code>87070</Code>
<Quantity>1.0</Quantity>
<Net>71.3</Net>
<Clinician>D2618</Clinician>
<PriorAuthorizationID/>
</Activity>
<Activity>
<ID>5291938</ID>
<Start>09/09/2013 00:00</Start>
<Type>5</Type>
<Code>1250-4098-004</Code>
<Quantity>1.0</Quantity>
<Net>89.1</Net>
<Clinician>D2618</Clinician>
<PriorAuthorizationID/>
</Activity>
<Activity>
<ID>5291939</ID>
<Start>09/09/2013 00:00</Start>
<Type>3</Type>
<Code>85025</Code>
<Quantity>1.0</Quantity>
<Net>64.4</Net>
<Clinician>D2618</Clinician>
<PriorAuthorizationID/>
</Activity>
<Activity>
<ID>5291940</ID>
<Start>09/09/2013 00:00</Start>
<Type>3</Type>
<Code>86762</Code>
<Quantity>1.0</Quantity>
<Net>119.6</Net>
<Clinician>D2618</Clinician>
<PriorAuthorizationID/>
</Activity>
<Activity>
<ID>5291941</ID>
<Start>09/09/2013 00:00</Start>
<Type>3</Type>
<Code>82950</Code>
<Quantity>1.0</Quantity>
<Net>39.1</Net>
<Clinician>D2618</Clinician>
<PriorAuthorizationID/>
</Activity>
<Activity>
<ID>5291942</ID>
<Start>09/09/2013 00:00</Start>
<Type>3</Type>
<Code>81000</Code>
<Quantity>1.0</Quantity>
<Net>25.3</Net>
<Clinician>D2618</Clinician>
<PriorAuthorizationID/>
</Activity>
<Activity>
<ID>5291943</ID>
<Start>09/09/2013 00:00</Start>
<Type>5</Type>
<Code>2034-5391-001</Code>
<Quantity>1.0</Quantity>
<Net>118.8</Net>
<Clinician>D2618</Clinician>
<PriorAuthorizationID/>
</Activity>
<Contract>
<PackageName>Orient - Mednet</PackageName>
</Contract>
</Claim>
<Claim>
<ID>APM-979536</ID>
<IDPayer/>
<MemberID>097110040017729501</MemberID>
<PayerID>@Orient</PayerID>
<ProviderID>MF464</ProviderID>
<EmiratesIDNumber>000-0000-0000000-0</EmiratesIDNumber>
<Gross>225.26</Gross>
<PatientShare>2.75</PatientShare>
<Net>222.51</Net>
<Encounter>
<FacilityID>MF464</FacilityID>
<Type>2</Type>
<PatientID>47118/01</PatientID>
<Start>10/09/2013 00:00</Start>
<End>10/09/2013 00:00</End>
<StartType>2</StartType>
<EndType>1</EndType>
<TransferSource/>
<TransferDestination/>
</Encounter>
<Diagnosis>
<Type>Principal</Type>
<Code>599.0</Code>
</Diagnosis>
<Diagnosis>
<Type>Secondary</Type>
<Code>009.0</Code>
</Diagnosis>
<Activity>
<ID>5291946</ID>
<Start>10/09/2013 00:00</Start>
<Type>3</Type>
<Code>96365</Code>
<Quantity>1.0</Quantity>
<Net>197.8</Net>
<Clinician>GD7672</Clinician>
<PriorAuthorizationID/>
</Activity>
<Activity>
<ID>5291947</ID>
<Start>10/09/2013 00:00</Start>
<Type>5</Type>
<Code>1472-1058-015</Code>
<Quantity>1.0</Quantity>
<Net>6.75</Net>
<Clinician>GD7672</Clinician>
<PriorAuthorizationID/>
</Activity>
<Activity>
<ID>5291948</ID>
<Start>10/09/2013 00:00</Start>
<Type>5</Type>
<Code>1718-3520-001</Code>
<Quantity>1.0</Quantity>
<Net>17.96</Net>
<Clinician>GD7672</Clinician>
<PriorAuthorizationID/>
</Activity>
<Contract>
<PackageName>Orient - Mednet</PackageName>
</Contract>
</Claim>
<Claim>
<ID>APM-979539</ID>
<IDPayer/>
<MemberID>097110040037926401</MemberID>
<PayerID>@Orient</PayerID>
<ProviderID>MF464</ProviderID>
<EmiratesIDNumber>000-0000-0000000-0</EmiratesIDNumber>
<Gross>294.8</Gross>
<PatientShare>0</PatientShare>
<Net>294.8</Net>
<Encounter>
<FacilityID>MF464</FacilityID>
<Type>1</Type>
<PatientID>50069/02</PatientID>
<Start>10/09/2013 00:00</Start>
<End>10/09/2013 00:00</End>
<StartType>1</StartType>
<EndType>1</EndType>
<TransferSource/>
<TransferDestination/>
</Encounter>
<Diagnosis>
<Type>Principal</Type>
<Code>380.10</Code>
</Diagnosis>
<Diagnosis>
<Type>Secondary</Type>
<Code>380.4</Code>
</Diagnosis>
<Activity>
<ID>5291950</ID>
<Start>10/09/2013 00:00</Start>
<Type>5</Type>
<Code>2209-6110-002</Code>
<Quantity>1.0</Quantity>
<Net>10.5</Net>
<Clinician>D5154</Clinician>
<PriorAuthorizationID/>
</Activity>
<Activity>
<ID>5291951</ID>
<Start>10/09/2013 00:00</Start>
<Type>5</Type>
<Code>1300-1614-004</Code>
<Quantity>2.0</Quantity>
<Net>249.0</Net>
<Clinician>D5154</Clinician>
<PriorAuthorizationID/>
</Activity>
<Activity>
<ID>5291952</ID>
<Start>10/09/2013 00:00</Start>
<Type>5</Type>
<Code>1648-1078-003</Code>
<Quantity>10.0</Quantity>
<Net>20.3</Net>
<Clinician>D5154</Clinician>
<PriorAuthorizationID/>
</Activity>
<Activity>
<ID>5291953</ID>
<Start>10/09/2013 00:00</Start>
<Type>5</Type>
<Code>1464-1394-001</Code>
<Quantity>1.0</Quantity>
<Net>15.0</Net>
<Clinician>D5154</Clinician>
<PriorAuthorizationID/>
</Activity>
<Contract>
<PackageName>Orient - Mednet</PackageName>
</Contract>
</Claim>
<Claim>
<ID>APM-979543</ID>
<IDPayer/>
<MemberID>097110040036056802</MemberID>
<PayerID>@Orient</PayerID>
<ProviderID>MF464</ProviderID>
<EmiratesIDNumber>000-0000-0000000-0</EmiratesIDNumber>
<Gross>1176.6</Gross>
<PatientShare>41.8</PatientShare>
<Net>1134.8</Net>
<Encounter>
<FacilityID>MF464</FacilityID>
<Type>1</Type>
<PatientID>80738/03</PatientID>
<Start>10/09/2013 00:00</Start>
<End>10/09/2013 00:00</End>
<StartType>1</StartType>
<EndType>1</EndType>
<TransferSource/>
<TransferDestination/>
</Encounter>
<Diagnosis>
<Type>Principal</Type>
<Code>616.0</Code>
</Diagnosis>
<Diagnosis>
<Type>Secondary</Type>
<Code>268.9</Code>
</Diagnosis>
<Diagnosis>
<Type>Secondary</Type>
<Code>616.10</Code>
</Diagnosis>
<Diagnosis>
<Type>Secondary</Type>
<Code>V24.1</Code>
</Diagnosis>
<Diagnosis>
<Type>Secondary</Type>
<Code>625.0</Code>
</Diagnosis>
<Diagnosis>
<Type>Secondary</Type>
<Code>599.0</Code>
</Diagnosis>
<Activity>
<ID>5291957</ID>
<Start>10/09/2013 00:00</Start>
<Type>3</Type>
<Code>76830</Code>
<Quantity>1.0</Quantity>
<Net>598.0</Net>
<Clinician>D2618</Clinician>
<PriorAuthorizationID/>
</Activity>
<Activity>
<ID>5291958</ID>
<Start>10/09/2013 00:00</Start>
<Type>3</Type>
<Code>88147</Code>
<Quantity>1.0</Quantity>
<Net>94.3</Net>
<Clinician>D2618</Clinician>
<PriorAuthorizationID/>
</Activity>
<Activity>
<ID>5291959</ID>
<Start>10/09/2013 00:00</Start>
<Type>5</Type>
<Code>1256-2856-001</Code>
<Quantity>2.0</Quantity>
<Net>61.2</Net>
<Clinician>D2618</Clinician>
<PriorAuthorizationID/>
</Activity>
<Activity>
<ID>5291960</ID>
<Start>10/09/2013 00:00</Start>
<Type>3</Type>
<Code>99213</Code>
<Quantity>1.0</Quantity>
<Net>183.5</Net>
<Clinician>D2618</Clinician>
<PriorAuthorizationID/>
</Activity>
<Activity>
<ID>5291961</ID>
<Start>10/09/2013 00:00</Start>
<Type>3</Type>
<Code>87070</Code>
<Quantity>1.0</Quantity>
<Net>71.3</Net>
<Clinician>D2618</Clinician>
<PriorAuthorizationID/>
</Activity>
<Activity>
<ID>5291962</ID>
<Start>10/09/2013 00:00</Start>
<Type>3</Type>
<Code>87086</Code>
<Quantity>1.0</Quantity>
<Net>66.7</Net>
<Clinician>D2618</Clinician>
<PriorAuthorizationID/>
</Activity>
<Activity>
<ID>5291963</ID>
<Start>10/09/2013 00:00</Start>
<Type>3</Type>
<Code>81000</Code>
<Quantity>1.0</Quantity>
<Net>25.3</Net>
<Clinician>D2618</Clinician>
<PriorAuthorizationID/>
</Activity>
<Activity>
<ID>5291964</ID>
<Start>10/09/2013 00:00</Start>
<Type>3</Type>
<Code>87210</Code>
<Quantity>1.0</Quantity>
<Net>34.5</Net>
<Clinician>D2618</Clinician>
<PriorAuthorizationID/>
</Activity>
<Contract>
<PackageName>Orient - Mednet</PackageName>
</Contract>
</Claim>
<Claim>
<ID>APM-979550</ID>
<IDPayer/>
<MemberID>097110040023651101</MemberID>
<PayerID>@Orient</PayerID>
<ProviderID>MF464</ProviderID>
<EmiratesIDNumber>000-0000-0000000-0</EmiratesIDNumber>
<Gross>294.3</Gross>
<PatientShare>51.55</PatientShare>
<Net>242.75</Net>
<Encounter>
<FacilityID>MF464</FacilityID>
<Type>1</Type>
<PatientID>94700/01</PatientID>
<Start>10/09/2013 00:00</Start>
<End>10/09/2013 00:00</End>
<StartType>1</StartType>
<EndType>1</EndType>
<TransferSource/>
<TransferDestination/>
</Encounter>
<Diagnosis>
<Type>Principal</Type>
<Code>466.0</Code>
</Diagnosis>
<Diagnosis>
<Type>Secondary</Type>
<Code>477.9</Code>
</Diagnosis>
<Activity>
<ID>5291969</ID>
<Start>10/09/2013 00:00</Start>
<Type>5</Type>
<Code>1300-1299-003</Code>
<Quantity>1.0</Quantity>
<Net>120.6</Net>
<Clinician>D5154</Clinician>
<PriorAuthorizationID/>
</Activity>
<Activity>
<ID>5291970</ID>
<Start>10/09/2013 00:00</Start>
<Type>3</Type>
<Code>99212</Code>
<Quantity>1.0</Quantity>
<Net>93.8</Net>
<Clinician>D5154</Clinician>
<PriorAuthorizationID/>
</Activity>
<Activity>
<ID>5291971</ID>
<Start>10/09/2013 00:00</Start>
<Type>5</Type>
<Code>1472-1058-015</Code>
<Quantity>1.0</Quantity>
<Net>6.75</Net>
<Clinician>D5154</Clinician>
<PriorAuthorizationID/>
</Activity>
<Activity>
<ID>5291972</ID>
<Start>10/09/2013 00:00</Start>
<Type>5</Type>
<Code>1543-1448-001</Code>
<Quantity>1.0</Quantity>
<Net>21.6</Net>
<Clinician>D5154</Clinician>
<PriorAuthorizationID/>
</Activity>
<Contract>
<PackageName>Orient - Mednet</PackageName>
</Contract>
</Claim>
<Claim>
<ID>APM-979551</ID>
<IDPayer/>
<MemberID>097110040023198601</MemberID>
<PayerID>@Orient</PayerID>
<ProviderID>MF464</ProviderID>
<EmiratesIDNumber>000-0000-0000000-0</EmiratesIDNumber>
<Gross>826.9</Gross>
<PatientShare>51.68</PatientShare>
<Net>775.22</Net>
<Encounter>
<FacilityID>MF464</FacilityID>
<Type>1</Type>
<PatientID>96734/01</PatientID>
<Start>10/09/2013 00:00</Start>
<End>10/09/2013 00:00</End>
<StartType>1</StartType>
<EndType>1</EndType>
<TransferSource/>
<TransferDestination/>
</Encounter>
<Diagnosis>
<Type>Principal</Type>
<Code>842.09</Code>
</Diagnosis>
<Diagnosis>
<Type>Secondary</Type>
<Code>716.90</Code>
</Diagnosis>
<Diagnosis>
<Type>Secondary</Type>
<Code>728.85</Code>
</Diagnosis>
<Activity>
<ID>5291973</ID>
<Start>10/09/2013 00:00</Start>
<Type>5</Type>
<Code>1760-2017-001</Code>
<Quantity>1.0</Quantity>
<Net>35.37</Net>
<Clinician>GD8060</Clinician>
<PriorAuthorizationID/>
</Activity>
<Activity>
<ID>5291974</ID>
<Start>10/09/2013 00:00</Start>
<Type>5</Type>
<Code>1556-4476-014</Code>
<Quantity>1.0</Quantity>
<Net>34.65</Net>
<Clinician>GD8060</Clinician>
<PriorAuthorizationID/>
</Activity>
<Activity>
<ID>5291975</ID>
<Start>10/09/2013 00:00</Start>
<Type>5</Type>
<Code>1664-6037-001</Code>
<Quantity>1.0</Quantity>
<Net>13.5</Net>
<Clinician>GD8060</Clinician>
<PriorAuthorizationID/>
</Activity>
<Activity>
<ID>5291976</ID>
<Start>10/09/2013 00:00</Start>
<Type>3</Type>
<Code>86140</Code>
<Quantity>1.0</Quantity>
<Net>43.7</Net>
<Clinician>GD8060</Clinician>
<PriorAuthorizationID/>
</Activity>
<Activity>
<ID>5291977</ID>
<Start>10/09/2013 00:00</Start>
<Type>3</Type>
<Code>85651</Code>
<Quantity>1.0</Quantity>
<Net>29.9</Net>
<Clinician>GD8060</Clinician>
<PriorAuthorizationID/>
</Activity>
<Activity>
<ID>5291978</ID>
<Start>10/09/2013 00:00</Start>
<Type>3</Type>
<Code>99213</Code>
<Quantity>1.0</Quantity>
<Net>183.5</Net>
<Clinician>GD8060</Clinician>
<PriorAuthorizationID/>
</Activity>
<Activity>
<ID>5291979</ID>
<Start>10/09/2013 00:00</Start>
<Type>3</Type>
<Code>82310</Code>
<Quantity>1.0</Quantity>
<Net>41.4</Net>
<Clinician>GD8060</Clinician>
<PriorAuthorizationID/>
</Activity>
<Activity>
<ID>5291980</ID>
<Start>10/09/2013 00:00</Start>
<Type>3</Type>
<Code>85025</Code>
<Quantity>1.0</Quantity>
<Net>64.4</Net>
<Clinician>GD8060</Clinician>
<PriorAuthorizationID/>
</Activity>
<Activity>
<ID>5291981</ID>
<Start>10/09/2013 00:00</Start>
<Type>3</Type>
<Code>73110</Code>
<Quantity>1.0</Quantity>
<Net>179.4</Net>
<Clinician>GD8060</Clinician>
<PriorAuthorizationID/>
</Activity>
<Activity>
<ID>5291982</ID>
<Start>10/09/2013 00:00</Start>
<Type>5</Type>
<Code>1556-4477-001</Code>
<Quantity>1.0</Quantity>
<Net>66.6</Net>
<Clinician>GD8060</Clinician>
<PriorAuthorizationID/>
</Activity>
<Activity>
<ID>5291983</ID>
<Start>10/09/2013 00:00</Start>
<Type>3</Type>
<Code>96372</Code>
<Quantity>1.0</Quantity>
<Net>46.0</Net>
<Clinician>GD8060</Clinician>
<PriorAuthorizationID/>
</Activity>
<Activity>
<ID>5291984</ID>
<Start>10/09/2013 00:00</Start>
<Type>3</Type>
<Code>84550</Code>
<Quantity>1.0</Quantity>
<Net>36.8</Net>
<Clinician>GD8060</Clinician>
<PriorAuthorizationID/>
</Activity>
<Contract>
<PackageName>Orient - Mednet</PackageName>
</Contract>
</Claim>
<Claim>
<ID>APM-979552</ID>
<IDPayer/>
<MemberID>097110040037748701</MemberID>
<PayerID>A012</PayerID>
<ProviderID>MF464</ProviderID>
<EmiratesIDNumber>000-0000-0000000-0</EmiratesIDNumber>
<Gross>459.4</Gross>
<PatientShare>60.75</PatientShare>
<Net>398.65</Net>
<Encounter>
<FacilityID>MF464</FacilityID>
<Type>1</Type>
<PatientID>64578/01</PatientID>
<Start>11/09/2013 00:00</Start>
<End>11/09/2013 00:00</End>
<StartType>1</StartType>
<EndType>1</EndType>
<TransferSource/>
<TransferDestination/>
</Encounter>
<Diagnosis>
<Type>Principal</Type>
<Code>463</Code>
</Diagnosis>
<Diagnosis>
<Type>Secondary</Type>
<Code>599.0</Code>
</Diagnosis>
<Diagnosis>
<Type>Secondary</Type>
<Code>995.3</Code>
</Diagnosis>
<Activity>
<ID>5292011</ID>
<Start>11/09/2013 00:00</Start>
<Type>5</Type>
<Code>1635-4157-004</Code>
<Quantity>1.0</Quantity>
<Net>30.6</Net>
<Clinician>D3344</Clinician>
<PriorAuthorizationID/>
</Activity>
<Activity>
<ID>5292012</ID>
<Start>11/09/2013 00:00</Start>
<Type>3</Type>
<Code>86140</Code>
<Quantity>1.0</Quantity>
<Net>43.7</Net>
<Clinician>D3344</Clinician>
<PriorAuthorizationID/>
</Activity>
<Activity>
<ID>5292013</ID>
<Start>11/09/2013 00:00</Start>
<Type>3</Type>
<Code>99213</Code>
<Quantity>1.0</Quantity>
<Net>168.5</Net>
<Clinician>D3344</Clinician>
<PriorAuthorizationID/>
</Activity>
<Activity>
<ID>5292014</ID>
<Start>11/09/2013 00:00</Start>
<Type>3</Type>
<Code>85025</Code>
<Quantity>1.0</Quantity>
<Net>64.4</Net>
<Clinician>D3344</Clinician>
<PriorAuthorizationID/>
</Activity>
<Activity>
<ID>5292015</ID>
<Start>11/09/2013 00:00</Start>
<Type>5</Type>
<Code>2463-6737-001</Code>
<Quantity>1.0</Quantity>
<Net>66.15</Net>
<Clinician>D3344</Clinician>
<PriorAuthorizationID/>
</Activity>
<Activity>
<ID>5292016</ID>
<Start>11/09/2013 00:00</Start>
<Type>3</Type>
<Code>81000</Code>
<Quantity>1.0</Quantity>
<Net>25.3</Net>
<Clinician>D3344</Clinician>
<PriorAuthorizationID/>
</Activity>
<Contract>
<PackageName>Arab Orient - MedNet</PackageName>
</Contract>
</Claim>
<Claim>
<ID>APM-979553</ID>
<IDPayer/>
<MemberID>097110040032092802</MemberID>
<PayerID>@Orient</PayerID>
<ProviderID>MF464</ProviderID>
<EmiratesIDNumber>000-0000-0000000-0</EmiratesIDNumber>
<Gross>277.9</Gross>
<PatientShare>56.35</PatientShare>
<Net>221.55</Net>
<Encounter>
<FacilityID>MF464</FacilityID>
<Type>2</Type>
<PatientID>90722/01</PatientID>
<Start>11/09/2013 00:00</Start>
<End>11/09/2013 00:00</End>
<StartType>2</StartType>
<EndType>1</EndType>
<TransferSource/>
<TransferDestination/>
</Encounter>
<Diagnosis>
<Type>Principal</Type>
<Code>346.91</Code>
</Diagnosis>
<Diagnosis>
<Type>Secondary</Type>
<Code>787.1</Code>
</Diagnosis>
<Activity>
<ID>5292034</ID>
<Start>11/09/2013 00:00</Start>
<Type>5</Type>
<Code>2215-2583-007</Code>
<Quantity>2.0</Quantity>
<Net>157.5</Net>
<Clinician>GD7672</Clinician>
<PriorAuthorizationID/>
</Activity>
<Activity>
<ID>5292035</ID>
<Start>11/09/2013 00:00</Start>
<Type>5</Type>
<Code>1280-2594-005</Code>
<Quantity>1.0</Quantity>
<Net>15.3</Net>
<Clinician>GD7672</Clinician>
<PriorAuthorizationID/>
</Activity>
<Activity>
<ID>5292036</ID>
<Start>11/09/2013 00:00</Start>
<Type>3</Type>
<Code>99281</Code>
<Quantity>1.0</Quantity>
<Net>29.4</Net>
<Clinician>GD7672</Clinician>
<PriorAuthorizationID/>
</Activity>
<Activity>
<ID>5292037</ID>
<Start>11/09/2013 00:00</Start>
<Type>5</Type>
<Code>1465-3082-001</Code>
<Quantity>1.0</Quantity>
<Net>19.35</Net>
<Clinician>GD7672</Clinician>
<PriorAuthorizationID/>
</Activity>
<Contract>
<PackageName>Orient - Mednet</PackageName>
</Contract>
</Claim>
<Claim>
<ID>APM-979554</ID>
<IDPayer/>
<MemberID>097110040032028201</MemberID>
<PayerID>@Orient</PayerID>
<ProviderID>MF464</ProviderID>
<EmiratesIDNumber>000-0000-0000000-0</EmiratesIDNumber>
<Gross>171.1</Gross>
<PatientShare>39</PatientShare>
<Net>132.1</Net>
<Encounter>
<FacilityID>MF464</FacilityID>
<Type>1</Type>
<PatientID>97254/01</PatientID>
<Start>11/09/2013 00:00</Start>
<End>11/09/2013 00:00</End>
<StartType>1</StartType>
<EndType>1</EndType>
<TransferSource/>
<TransferDestination/>
</Encounter>
<Diagnosis>
<Type>Principal</Type>
<Code>940.4</Code>
</Diagnosis>
<Diagnosis>
<Type>Secondary</Type>
<Code>E940.1</Code>
</Diagnosis>
<Diagnosis>
<Type>Secondary</Type>
<Code>375.15</Code>
</Diagnosis>
<Activity>
<ID>5292043</ID>
<Start>11/09/2013 00:00</Start>
<Type>5</Type>
<Code>1254-4220-002</Code>
<Quantity>1.0</Quantity>
<Net>17.55</Net>
<Clinician>D1975</Clinician>
<PriorAuthorizationID/>
</Activity>
<Activity>
<ID>5292044</ID>
<Start>11/09/2013 00:00</Start>
<Type>3</Type>
<Code>99201</Code>
<Quantity>1.0</Quantity>
<Net>96.1</Net>
<Clinician>D1975</Clinician>
<PriorAuthorizationID/>
</Activity>
<Activity>
<ID>5292045</ID>
<Start>11/09/2013 00:00</Start>
<Type>5</Type>
<Code>1254-4221-001</Code>
<Quantity>1.0</Quantity>
<Net>18.45</Net>
<Clinician>D1975</Clinician>
<PriorAuthorizationID/>
</Activity>
<Contract>
<PackageName>Orient - Mednet</PackageName>
</Contract>
</Claim>
<Claim>
<ID>APM-979555</ID>
<IDPayer/>
<MemberID>097110040017725501</MemberID>
<PayerID>@Orient</PayerID>
<ProviderID>MF464</ProviderID>
<EmiratesIDNumber>000-0000-0000000-0</EmiratesIDNumber>
<Gross>926.9</Gross>
<PatientShare>0</PatientShare>
<Net>926.9</Net>
<Encounter>
<FacilityID>MF464</FacilityID>
<Type>1</Type>
<PatientID>63832/01</PatientID>
<Start>12/09/2013 00:00</Start>
<End>12/09/2013 00:00</End>
<StartType>1</StartType>
<EndType>1</EndType>
<TransferSource/>
<TransferDestination/>
</Encounter>
<Diagnosis>
<Type>Principal</Type>
<Code>573.9</Code>
</Diagnosis>
<Diagnosis>
<Type>Secondary</Type>
<Code>272.4</Code>
</Diagnosis>
<Diagnosis>
<Type>Secondary</Type>
<Code>564.1</Code>
</Diagnosis>
<Diagnosis>
<Type>Secondary</Type>
<Code>788.0</Code>
</Diagnosis>
<Diagnosis>
<Type>Secondary</Type>
<Code>041.89</Code>
</Diagnosis>
<Diagnosis>
<Type>Secondary</Type>
<Code>463</Code>
</Diagnosis>
<Activity>
<ID>5292047</ID>
<Start>12/09/2013 00:00</Start>
<Type>3</Type>
<Code>80076</Code>
<Quantity>1.0</Quantity>
<Net>395.6</Net>
<Clinician>D3344</Clinician>
<PriorAuthorizationID/>
</Activity>
<Activity>
<ID>5292048</ID>
<Start>12/09/2013 00:00</Start>
<Type>3</Type>
<Code>82977</Code>
<Quantity>1.0</Quantity>
<Net>59.8</Net>
<Clinician>D3344</Clinician>
<PriorAuthorizationID/>
</Activity>
<Activity>
<ID>5292049</ID>
<Start>12/09/2013 00:00</Start>
<Type>3</Type>
<Code>86140</Code>
<Quantity>1.0</Quantity>
<Net>43.7</Net>
<Clinician>D3344</Clinician>
<PriorAuthorizationID/>
</Activity>
<Activity>
<ID>5292050</ID>
<Start>12/09/2013 00:00</Start>
<Type>3</Type>
<Code>84520</Code>
<Quantity>1.0</Quantity>
<Net>32.2</Net>
<Clinician>D3344</Clinician>
<PriorAuthorizationID/>
</Activity>
<Activity>
<ID>5292051</ID>
<Start>12/09/2013 00:00</Start>
<Type>3</Type>
<Code>82565</Code>
<Quantity>1.0</Quantity>
<Net>41.4</Net>
<Clinician>D3344</Clinician>
<PriorAuthorizationID/>
</Activity>
<Activity>
<ID>5292052</ID>
<Start>12/09/2013 00:00</Start>
<Type>3</Type>
<Code>87177</Code>
<Quantity>1.0</Quantity>
<Net>73.6</Net>
<Clinician>D3344</Clinician>
<PriorAuthorizationID/>
</Activity>
<Activity>
<ID>5292053</ID>
<Start>12/09/2013 00:00</Start>
<Type>3</Type>
<Code>80061</Code>
<Quantity>1.0</Quantity>
<Net>154.1</Net>
<Clinician>D3344</Clinician>
<PriorAuthorizationID/>
</Activity>
<Activity>
<ID>5292054</ID>
<Start>12/09/2013 00:00</Start>
<Type>3</Type>
<Code>85025</Code>
<Quantity>1.0</Quantity>
<Net>64.4</Net>
<Clinician>D3344</Clinician>
<PriorAuthorizationID/>
</Activity>
<Activity>
<ID>5292055</ID>
<Start>12/09/2013 00:00</Start>
<Type>3</Type>
<Code>81000</Code>
<Quantity>1.0</Quantity>
<Net>25.3</Net>
<Clinician>D3344</Clinician>
<PriorAuthorizationID/>
</Activity>
<Activity>
<ID>5292056</ID>
<Start>12/09/2013 00:00</Start>
<Type>3</Type>
<Code>84550</Code>
<Quantity>1.0</Quantity>
<Net>36.8</Net>
<Clinician>D3344</Clinician>
<PriorAuthorizationID/>
</Activity>
<Contract>
<PackageName>Orient - Mednet</PackageName>
</Contract>
</Claim>
<Claim>
<ID>APM-979556</ID>
<IDPayer/>
<MemberID>097110040021210601</MemberID>
<PayerID>@Orient</PayerID>
<ProviderID>MF464</ProviderID>
<EmiratesIDNumber>000-0000-0000000-0</EmiratesIDNumber>
<Gross>815.2</Gross>
<PatientShare>45.45</PatientShare>
<Net>769.75</Net>
<Encounter>
<FacilityID>MF464</FacilityID>
<Type>1</Type>
<PatientID>97270/01</PatientID>
<Start>12/09/2013 00:00</Start>
<End>12/09/2013 00:00</End>
<StartType>1</StartType>
<EndType>1</EndType>
<TransferSource/>
<TransferDestination/>
</Encounter>
<Diagnosis>
<Type>Principal</Type>
<Code>883.0</Code>
</Diagnosis>
<Activity>
<ID>5292059</ID>
<Start>12/09/2013 00:00</Start>
<Type>3</Type>
<Code>99212</Code>
<Quantity>1.0</Quantity>
<Net>93.8</Net>
<Clinician>D1578</Clinician>
<PriorAuthorizationID/>
</Activity>
<Activity>
<ID>5292060</ID>
<Start>12/09/2013 00:00</Start>
<Type>5</Type>
<Code>1750-4545-012</Code>
<Quantity>1.0</Quantity>
<Net>94.05</Net>
<Clinician>D1578</Clinician>
<PriorAuthorizationID/>
</Activity>
<Activity>
<ID>5292061</ID>
<Start>12/09/2013 00:00</Start>
<Type>3</Type>
<Code>12001</Code>
<Quantity>1.0</Quantity>
<Net>581.9</Net>
<Clinician>D1578</Clinician>
<PriorAuthorizationID/>
</Activity>
<Contract>
<PackageName>Orient - Mednet</PackageName>
</Contract>
</Claim>
<Claim>
<ID>APM-979557</ID>
<IDPayer/>
<MemberID>097110330041677902</MemberID>
<PayerID>A020</PayerID>
<ProviderID>MF464</ProviderID>
<EmiratesIDNumber>000-0000-0000000-0</EmiratesIDNumber>
<Gross>400.9</Gross>
<PatientShare>0</PatientShare>
<Net>400.9</Net>
<Encounter>
<FacilityID>MF464</FacilityID>
<Type>1</Type>
<PatientID>49002/01</PatientID>
<Start>14/09/2013 00:00</Start>
<End>14/09/2013 00:00</End>
<StartType>1</StartType>
<EndType>1</EndType>
<TransferSource/>
<TransferDestination/>
</Encounter>
<Diagnosis>
<Type>Principal</Type>
<Code>719.46</Code>
</Diagnosis>
<Activity>
<ID>5292081</ID>
<Start>14/09/2013 00:00</Start>
<Type>5</Type>
<Code>1760-2017-001</Code>
<Quantity>3.0</Quantity>
<Net>117.9</Net>
<Clinician>GD8060</Clinician>
<PriorAuthorizationID/>
</Activity>
<Activity>
<ID>5292082</ID>
<Start>14/09/2013 00:00</Start>
<Type>5</Type>
<Code>1664-6037-001</Code>
<Quantity>1.0</Quantity>
<Net>15.0</Net>
<Clinician>GD8060</Clinician>
<PriorAuthorizationID/>
</Activity>
<Activity>
<ID>5292083</ID>
<Start>14/09/2013 00:00</Start>
<Type>5</Type>
<Code>1556-4476-016</Code>
<Quantity>1.0</Quantity>
<Net>51.0</Net>
<Clinician>GD8060</Clinician>
<PriorAuthorizationID/>
</Activity>
<Activity>
<ID>5292084</ID>
<Start>14/09/2013 00:00</Start>
<Type>5</Type>
<Code>1531-1235-006</Code>
<Quantity>1.0</Quantity>
<Net>171.0</Net>
<Clinician>GD8060</Clinician>
<PriorAuthorizationID/>
</Activity>
<Activity>
<ID>5292085</ID>
<Start>14/09/2013 00:00</Start>
<Type>3</Type>
<Code>96372</Code>
<Quantity>1.0</Quantity>
<Net>46.0</Net>
<Clinician>GD8060</Clinician>
<PriorAuthorizationID/>
</Activity>
<Contract>
<PackageName>Salama-Mednet </PackageName>
</Contract>
</Claim>
<Claim>
<ID>APM-979558</ID>
<IDPayer/>
<MemberID>097110040019518001</MemberID>
<PayerID>A012</PayerID>
<ProviderID>MF464</ProviderID>
<EmiratesIDNumber>000-0000-0000000-0</EmiratesIDNumber>
<Gross>128.8</Gross>
<PatientShare>35</PatientShare>
<Net>93.8</Net>
<Encounter>
<FacilityID>MF464</FacilityID>
<Type>1</Type>
<PatientID>70868/01</PatientID>
<Start>14/09/2013 00:00</Start>
<End>14/09/2013 00:00</End>
<StartType>1</StartType>
<EndType>1</EndType>
<TransferSource/>
<TransferDestination/>
</Encounter>
<Diagnosis>
<Type>Principal</Type>
<Code>V72.83</Code>
</Diagnosis>
<Activity>
<ID>5292090</ID>
<Start>14/09/2013 00:00</Start>
<Type>3</Type>
<Code>99212</Code>
<Quantity>1.0</Quantity>
<Net>93.8</Net>
<Clinician>D3025</Clinician>
<PriorAuthorizationID/>
</Activity>
<Contract>
<PackageName>Arab Orient - MedNet</PackageName>
</Contract>
</Claim>
<Claim>
<ID>APM-979562</ID>
<IDPayer/>
<MemberID>097110030038138301</MemberID>
<PayerID>A009</PayerID>
<ProviderID>MF464</ProviderID>
<EmiratesIDNumber>000-0000-0000000-0</EmiratesIDNumber>
<Gross>989</Gross>
<PatientShare>50</PatientShare>
<Net>939</Net>
<Encounter>
<FacilityID>MF464</FacilityID>
<Type>1</Type>
<PatientID>87804/01</PatientID>
<Start>15/09/2013 00:00</Start>
<End>15/09/2013 00:00</End>
<StartType>1</StartType>
<EndType>1</EndType>
<TransferSource/>
<TransferDestination/>
</Encounter>
<Diagnosis>
<Type>Principal</Type>
<Code>250.00</Code>
</Diagnosis>
<Diagnosis>
<Type>Secondary</Type>
<Code>272.4</Code>
</Diagnosis>
<Diagnosis>
<Type>Secondary</Type>
<Code>401.1</Code>
</Diagnosis>
<Diagnosis>
<Type>Secondary</Type>
<Code>573.9</Code>
</Diagnosis>
<Activity>
<ID>5292107</ID>
<Start>15/09/2013 00:00</Start>
<Type>3</Type>
<Code>80076</Code>
<Quantity>1.0</Quantity>
<Net>395.6</Net>
<Clinician>GD11341</Clinician>
<PriorAuthorizationID/>
</Activity>
<Activity>
<ID>5292108</ID>
<Start>15/09/2013 00:00</Start>
<Type>3</Type>
<Code>83036</Code>
<Quantity>1.0</Quantity>
<Net>80.5</Net>
<Clinician>GD11341</Clinician>
<PriorAuthorizationID/>
<Observation>
<Type>LOINC</Type>
<Code>4548-4</Code>
<Value>5.5</Value>
<ValueType>%</ValueType>
</Observation>
</Activity>
<Activity>
<ID>5292109</ID>
<Start>15/09/2013 00:00</Start>
<Type>3</Type>
<Code>99212</Code>
<Quantity>1.0</Quantity>
<Net>78.8</Net>
<Clinician>GD11341</Clinician>
<PriorAuthorizationID/>
</Activity>
<Activity>
<ID>5292110</ID>
<Start>15/09/2013 00:00</Start>
<Type>3</Type>
<Code>82977</Code>
<Quantity>1.0</Quantity>
<Net>59.8</Net>
<Clinician>GD11341</Clinician>
<PriorAuthorizationID/>
</Activity>
<Activity>
<ID>5292111</ID>
<Start>15/09/2013 00:00</Start>
<Type>3</Type>
<Code>82947</Code>
<Quantity>1.0</Quantity>
<Net>32.2</Net>
<Clinician>GD11341</Clinician>
<PriorAuthorizationID/>
<Observation>
<Type>LOINC</Type>
<Code>14996-3</Code>
<Value>5.6</Value>
<ValueType>mmol/l</ValueType>
</Observation>
</Activity>
<Activity>
<ID>5292112</ID>
<Start>15/09/2013 00:00</Start>
<Type>3</Type>
<Code>84520</Code>
<Quantity>1.0</Quantity>
<Net>32.2</Net>
<Clinician>GD11341</Clinician>
<PriorAuthorizationID/>
</Activity>
<Activity>
<ID>5292113</ID>
<Start>15/09/2013 00:00</Start>
<Type>3</Type>
<Code>82565</Code>
<Quantity>1.0</Quantity>
<Net>41.4</Net>
<Clinician>GD11341</Clinician>
<PriorAuthorizationID/>
</Activity>
<Activity>
<ID>5292114</ID>
<Start>15/09/2013 00:00</Start>
<Type>3</Type>
<Code>85025</Code>
<Quantity>1.0</Quantity>
<Net>64.4</Net>
<Clinician>GD11341</Clinician>
<PriorAuthorizationID/>
</Activity>
<Activity>
<ID>5292115</ID>
<Start>15/09/2013 00:00</Start>
<Type>3</Type>
<Code>80061</Code>
<Quantity>1.0</Quantity>
<Net>154.1</Net>
<Clinician>GD11341</Clinician>
<PriorAuthorizationID/>
</Activity>
<Contract>
<PackageName>RAK - MedNet</PackageName>
</Contract>
</Claim>
<Claim>
<ID>APM-979564</ID>
<IDPayer/>
<MemberID>097110030038138402</MemberID>
<PayerID>A009</PayerID>
<ProviderID>MF464</ProviderID>
<EmiratesIDNumber>000-0000-0000000-0</EmiratesIDNumber>
<Gross>2173.5</Gross>
<PatientShare>50</PatientShare>
<Net>2123.5</Net>
<Encounter>
<FacilityID>MF464</FacilityID>
<Type>1</Type>
<PatientID>89014/01</PatientID>
<Start>15/09/2013 00:00</Start>
<End>15/09/2013 00:00</End>
<StartType>1</StartType>
<EndType>1</EndType>
<TransferSource/>
<TransferDestination/>
</Encounter>
<Diagnosis>
<Type>Principal</Type>
<Code>041.86</Code>
</Diagnosis>
<Diagnosis>
<Type>Secondary</Type>
<Code>268.9</Code>
</Diagnosis>
<Diagnosis>
<Type>Secondary</Type>
<Code>V18.0</Code>
</Diagnosis>
<Diagnosis>
<Type>Secondary</Type>
<Code>535.00</Code>
</Diagnosis>
<Diagnosis>
<Type>Secondary</Type>
<Code>241.0</Code>
</Diagnosis>
<Diagnosis>
<Type>Secondary</Type>
<Code>573.9</Code>
</Diagnosis>
<Diagnosis>
<Type>Secondary</Type>
<Code>788.42</Code>
</Diagnosis>
<Diagnosis>
<Type>Secondary</Type>
<Code>788.43</Code>
</Diagnosis>
<Activity>
<ID>5292130</ID>
<Start>15/09/2013 00:00</Start>
<Type>3</Type>
<Code>80076</Code>
<Quantity>1.0</Quantity>
<Net>395.6</Net>
<Clinician>GD11341</Clinician>
<PriorAuthorizationID/>
</Activity>
<Activity>
<ID>5292131</ID>
<Start>15/09/2013 00:00</Start>
<Type>3</Type>
<Code>99212</Code>
<Quantity>1.0</Quantity>
<Net>78.8</Net>
<Clinician>GD11341</Clinician>
<PriorAuthorizationID/>
</Activity>
<Activity>
<ID>5292132</ID>
<Start>15/09/2013 00:00</Start>
<Type>3</Type>
<Code>82977</Code>
<Quantity>1.0</Quantity>
<Net>59.8</Net>
<Clinician>GD11341</Clinician>
<PriorAuthorizationID/>
</Activity>
<Activity>
<ID>5292133</ID>
<Start>15/09/2013 00:00</Start>
<Type>3</Type>
<Code>82306</Code>
<Quantity>1.0</Quantity>
<Net>243.8</Net>
<Clinician>GD11341</Clinician>
<PriorAuthorizationID/>
</Activity>
<Activity>
<ID>5292134</ID>
<Start>15/09/2013 00:00</Start>
<Type>3</Type>
<Code>84443</Code>
<Quantity>1.0</Quantity>
<Net>138.0</Net>
<Clinician>GD11341</Clinician>
<PriorAuthorizationID/>
</Activity>
<Activity>
<ID>5292135</ID>
<Start>15/09/2013 00:00</Start>
<Type>3</Type>
<Code>82310</Code>
<Quantity>1.0</Quantity>
<Net>41.4</Net>
<Clinician>GD11341</Clinician>
<PriorAuthorizationID/>
</Activity>
<Activity>
<ID>5292136</ID>
<Start>15/09/2013 00:00</Start>
<Type>3</Type>
<Code>84100</Code>
<Quantity>1.0</Quantity>
<Net>39.1</Net>
<Clinician>GD11341</Clinician>
<PriorAuthorizationID/>
</Activity>
<Activity>
<ID>5292137</ID>
<Start>15/09/2013 00:00</Start>
<Type>3</Type>
<Code>84481</Code>
<Quantity>1.0</Quantity>
<Net>140.3</Net>
<Clinician>GD11341</Clinician>
<PriorAuthorizationID/>
</Activity>
<Activity>
<ID>5292138</ID>
<Start>15/09/2013 00:00</Start>
<Type>3</Type>
<Code>81000</Code>
<Quantity>1.0</Quantity>
<Net>25.3</Net>
<Clinician>GD11341</Clinician>
<PriorAuthorizationID/>
</Activity>
<Activity>
<ID>5292139</ID>
<Start>15/09/2013 00:00</Start>
<Type>3</Type>
<Code>84439</Code>
<Quantity>1.0</Quantity>
<Net>73.6</Net>
<Clinician>GD11341</Clinician>
<PriorAuthorizationID/>
</Activity>
<Activity>
<ID>5292140</ID>
<Start>15/09/2013 00:00</Start>
<Type>3</Type>
<Code>83036</Code>
<Quantity>1.0</Quantity>
<Net>80.5</Net>
<Clinician>GD11341</Clinician>
<PriorAuthorizationID/>
<Observation>
<Type>LOINC</Type>
<Code>4548-4</Code>
<Value>4.8</Value>
<ValueType>%</ValueType>
</Observation>
</Activity>
<Activity>
<ID>5292141</ID>
<Start>15/09/2013 00:00</Start>
<Type>3</Type>
<Code>82947</Code>
<Quantity>1.0</Quantity>
<Net>32.2</Net>
<Clinician>GD11341</Clinician>
<PriorAuthorizationID/>
<Observation>
<Type>LOINC</Type>
<Code>14996-3</Code>
<Value>5.0</Value>
<ValueType>mmol/l</ValueType>
</Observation>
</Activity>
<Activity>
<ID>5292142</ID>
<Start>15/09/2013 00:00</Start>
<Type>3</Type>
<Code>83013</Code>
<Quantity>1.0</Quantity>
<Net>556.6</Net>
<Clinician>GD11341</Clinician>
<PriorAuthorizationID/>
</Activity>
<Activity>
<ID>5292143</ID>
<Start>15/09/2013 00:00</Start>
<Type>3</Type>
<Code>80061</Code>
<Quantity>1.0</Quantity>
<Net>154.1</Net>
<Clinician>GD11341</Clinician>
<PriorAuthorizationID/>
</Activity>
<Activity>
<ID>5292144</ID>
<Start>15/09/2013 00:00</Start>
<Type>3</Type>
<Code>85025</Code>
<Quantity>1.0</Quantity>
<Net>64.4</Net>
<Clinician>GD11341</Clinician>
<PriorAuthorizationID/>
</Activity>
<Contract>
<PackageName>RAK - MedNet</PackageName>
</Contract>
</Claim>
<Claim>
<ID>APM-979575</ID>
<IDPayer/>
<MemberID>097110040037926401</MemberID>
<PayerID>@Orient</PayerID>
<ProviderID>MF464</ProviderID>
<EmiratesIDNumber>000-0000-0000000-0</EmiratesIDNumber>
<Gross>562.97</Gross>
<PatientShare>50</PatientShare>
<Net>512.97</Net>
<Encounter>
<FacilityID>MF464</FacilityID>
<Type>1</Type>
<PatientID>50069/02</PatientID>
<Start>17/09/2013 00:00</Start>
<End>17/09/2013 00:00</End>
<StartType>1</StartType>
<EndType>1</EndType>
<TransferSource/>
<TransferDestination/>
</Encounter>
<Diagnosis>
<Type>Principal</Type>
<Code>380.4</Code>
</Diagnosis>
<Diagnosis>
<Type>Secondary</Type>
<Code>384.00</Code>
</Diagnosis>
<Diagnosis>
<Type>Secondary</Type>
<Code>380.10</Code>
</Diagnosis>
<Activity>
<ID>5292155</ID>
<Start>17/09/2013 00:00</Start>
<Type>3</Type>
<Code>99212</Code>
<Quantity>1.0</Quantity>
<Net>78.8</Net>
<Clinician>GD15704</Clinician>
<PriorAuthorizationID/>
</Activity>
<Activity>
<ID>5292156</ID>
<Start>17/09/2013 00:00</Start>
<Type>5</Type>
<Code>1650-1643-001</Code>
<Quantity>7.0</Quantity>
<Net>14.77</Net>
<Clinician>GD15704</Clinician>
<PriorAuthorizationID/>
</Activity>
<Activity>
<ID>5292157</ID>
<Start>17/09/2013 00:00</Start>
<Type>3</Type>
<Code>69210</Code>
<Quantity>1.0</Quantity>
<Net>280.6</Net>
<Clinician>GD15704</Clinician>
<PriorAuthorizationID/>
</Activity>
<Activity>
<ID>5292158</ID>
<Start>17/09/2013 00:00</Start>
<Type>5</Type>
<Code>1697-1953-001</Code>
<Quantity>10.0</Quantity>
<Net>16.3</Net>
<Clinician>GD15704</Clinician>
<PriorAuthorizationID/>
</Activity>
<Activity>
<ID>5292159</ID>
<Start>17/09/2013 00:00</Start>
<Type>5</Type>
<Code>1671-1293-003</Code>
<Quantity>1.0</Quantity>
<Net>122.5</Net>
<Clinician>GD15704</Clinician>
<PriorAuthorizationID/>
</Activity>
<Contract>
<PackageName>Orient - Mednet</PackageName>
</Contract>
</Claim>
<Claim>
<ID>APM-979579</ID>
<IDPayer/>
<MemberID>097110040034975302</MemberID>
<PayerID>@Orient</PayerID>
<ProviderID>MF464</ProviderID>
<EmiratesIDNumber>000-0000-0000000-0</EmiratesIDNumber>
<Gross>1279.3</Gross>
<PatientShare>47.7</PatientShare>
<Net>1231.6</Net>
<Encounter>
<FacilityID>MF464</FacilityID>
<Type>1</Type>
<PatientID>90145/01</PatientID>
<Start>17/09/2013 00:00</Start>
<End>17/09/2013 00:00</End>
<StartType>1</StartType>
<EndType>1</EndType>
<TransferSource/>
<TransferDestination/>
</Encounter>
<Diagnosis>
<Type>Principal</Type>
<Code>V22.1</Code>
</Diagnosis>
<Activity>
<ID>5292174</ID>
<Start>17/09/2013 00:00</Start>
<Type>5</Type>
<Code>1873-6751-001</Code>
<Quantity>1.0</Quantity>
<Net>89.1</Net>
<Clinician>GD6605</Clinician>
<PriorAuthorizationID/>
</Activity>
<Activity>
<ID>5292175</ID>
<Start>17/09/2013 00:00</Start>
<Type>3</Type>
<Code>76805</Code>
<Quantity>1.0</Quantity>
<Net>706.1</Net>
<Clinician>GD6605</Clinician>
<PriorAuthorizationID/>
</Activity>
<Activity>
<ID>5292176</ID>
<Start>17/09/2013 00:00</Start>
<Type>3</Type>
<Code>99213</Code>
<Quantity>1.0</Quantity>
<Net>183.5</Net>
<Clinician>GD6605</Clinician>
<PriorAuthorizationID/>
</Activity>
<Activity>
<ID>5292177</ID>
<Start>17/09/2013 00:00</Start>
<Type>3</Type>
<Code>85025</Code>
<Quantity>1.0</Quantity>
<Net>64.4</Net>
<Clinician>GD6605</Clinician>
<PriorAuthorizationID/>
</Activity>
<Activity>
<ID>5292178</ID>
<Start>17/09/2013 00:00</Start>
<Type>5</Type>
<Code>1732-3442-002</Code>
<Quantity>1.0</Quantity>
<Net>25.2</Net>
<Clinician>GD6605</Clinician>
<PriorAuthorizationID/>
</Activity>
<Activity>
<ID>5292179</ID>
<Start>17/09/2013 00:00</Start>
<Type>3</Type>
<Code>82951</Code>
<Quantity>1.0</Quantity>
<Net>105.8</Net>
<Clinician>GD6605</Clinician>
<PriorAuthorizationID/>
<Observation>
<Type>LOINC</Type>
<Code>14995-5</Code>
<Value>8.0</Value>
<ValueType>mmol/l</ValueType>
</Observation>
<Observation>
<Type>LOINC</Type>
<Code>14995-5</Code>
<Value>9.6</Value>
<ValueType>mmol/l</ValueType>
</Observation>
<Observation>
<Type>LOINC</Type>
<Code>14995-5</Code>
<Value>4.5</Value>
<ValueType>mmol/l</ValueType>
</Observation>
</Activity>
<Activity>
<ID>5292180</ID>
<Start>17/09/2013 00:00</Start>
<Type>3</Type>
<Code>82952</Code>
<Quantity>1.0</Quantity>
<Net>32.2</Net>
<Clinician>GD6605</Clinician>
<PriorAuthorizationID/>
</Activity>
<Activity>
<ID>5292181</ID>
<Start>17/09/2013 00:00</Start>
<Type>3</Type>
<Code>81000</Code>
<Quantity>1.0</Quantity>
<Net>25.3</Net>
<Clinician>GD6605</Clinician>
<PriorAuthorizationID/>
</Activity>
<Contract>
<PackageName>Orient - Mednet</PackageName>
</Contract>
</Claim>
<Claim>
<ID>APM-979582</ID>
<IDPayer/>
<MemberID>097110040018043501</MemberID>
<PayerID>@Orient</PayerID>
<ProviderID>MF464</ProviderID>
<EmiratesIDNumber>000-0000-0000000-0</EmiratesIDNumber>
<Gross>569.1</Gross>
<PatientShare>63.1</PatientShare>
<Net>506</Net>
<Encounter>
<FacilityID>MF464</FacilityID>
<Type>1</Type>
<PatientID>95048/01</PatientID>
<Start>18/09/2013 00:00</Start>
<End>18/09/2013 00:00</End>
<StartType>1</StartType>
<EndType>1</EndType>
<TransferSource/>
<TransferDestination/>
</Encounter>
<Diagnosis>
<Type>Principal</Type>
<Code>416.0</Code>
</Diagnosis>
<Diagnosis>
<Type>Secondary</Type>
<Code>536.8</Code>
</Diagnosis>
<Diagnosis>
<Type>Secondary</Type>
<Code>274.9</Code>
</Diagnosis>
<Activity>
<ID>5292202</ID>
<Start>18/09/2013 00:00</Start>
<Type>3</Type>
<Code>85610</Code>
<Quantity>1.0</Quantity>
<Net>32.2</Net>
<Clinician>D3344</Clinician>
<PriorAuthorizationID/>
</Activity>
<Activity>
<ID>5292203</ID>
<Start>18/09/2013 00:00</Start>
<Type>5</Type>
<Code>1420-4521-003</Code>
<Quantity>2.0</Quantity>
<Net>131.4</Net>
<Clinician>D3344</Clinician>
<PriorAuthorizationID/>
</Activity>
<Activity>
<ID>5292204</ID>
<Start>18/09/2013 00:00</Start>
<Type>3</Type>
<Code>99213</Code>
<Quantity>1.0</Quantity>
<Net>183.5</Net>
<Clinician>D3344</Clinician>
<PriorAuthorizationID/>
</Activity>
<Activity>
<ID>5292205</ID>
<Start>18/09/2013 00:00</Start>
<Type>5</Type>
<Code>2250-1271-003</Code>
<Quantity>30.0</Quantity>
<Net>15.9</Net>
<Clinician>D3344</Clinician>
<PriorAuthorizationID/>
</Activity>
<Activity>
<ID>5292206</ID>
<Start>18/09/2013 00:00</Start>
<Type>5</Type>
<Code>1969-2773-010</Code>
<Quantity>30.0</Quantity>
<Net>106.2</Net>
<Clinician>D3344</Clinician>
<PriorAuthorizationID/>
</Activity>
<Activity>
<ID>5292207</ID>
<Start>18/09/2013 00:00</Start>
<Type>3</Type>
<Code>84550</Code>
<Quantity>1.0</Quantity>
<Net>36.8</Net>
<Clinician>D3344</Clinician>
<PriorAuthorizationID/>
</Activity>
<Contract>
<PackageName>Orient - Mednet</PackageName>
</Contract>
</Claim>
<Claim>
<ID>APM-979586</ID>
<IDPayer/>
<MemberID>097110040040603702</MemberID>
<PayerID>@Orient</PayerID>
<ProviderID>MF464</ProviderID>
<EmiratesIDNumber>000-0000-0000000-0</EmiratesIDNumber>
<Gross>1535.36</Gross>
<PatientShare>50</PatientShare>
<Net>1485.36</Net>
<Encounter>
<FacilityID>MF464</FacilityID>
<Type>1</Type>
<PatientID>97364/01</PatientID>
<Start>18/09/2013 00:00</Start>
<End>18/09/2013 00:00</End>
<StartType>1</StartType>
<EndType>1</EndType>
<TransferSource/>
<TransferDestination/>
</Encounter>
<Diagnosis>
<Type>Principal</Type>
<Code>621.0</Code>
</Diagnosis>
<Diagnosis>
<Type>Secondary</Type>
<Code>626.4</Code>
</Diagnosis>
<Diagnosis>
<Type>Secondary</Type>
<Code>621.30</Code>
</Diagnosis>
<Activity>
<ID>5292228</ID>
<Start>18/09/2013 00:00</Start>
<Type>3</Type>
<Code>83001</Code>
<Quantity>1.0</Quantity>
<Net>154.1</Net>
<Clinician>GD6605</Clinician>
<PriorAuthorizationID/>
</Activity>
<Activity>
<ID>5292229</ID>
<Start>18/09/2013 00:00</Start>
<Type>3</Type>
<Code>76830</Code>
<Quantity>1.0</Quantity>
<Net>598.0</Net>
<Clinician>GD6605</Clinician>
<PriorAuthorizationID/>
</Activity>
<Activity>
<ID>5292230</ID>
<Start>18/09/2013 00:00</Start>
<Type>3</Type>
<Code>88147</Code>
<Quantity>1.0</Quantity>
<Net>94.3</Net>
<Clinician>GD6605</Clinician>
<PriorAuthorizationID/>
</Activity>
<Activity>
<ID>5292231</ID>
<Start>18/09/2013 00:00</Start>
<Type>3</Type>
<Code>99202</Code>
<Quantity>1.0</Quantity>
<Net>175.4</Net>
<Clinician>GD6605</Clinician>
<PriorAuthorizationID/>
</Activity>
<Activity>
<ID>5292232</ID>
<Start>18/09/2013 00:00</Start>
<Type>5</Type>
<Code>1644-5480-001</Code>
<Quantity>42.0</Quantity>
<Net>97.86</Net>
<Clinician>GD6605</Clinician>
<PriorAuthorizationID/>
</Activity>
<Activity>
<ID>5292233</ID>
<Start>18/09/2013 00:00</Start>
<Type>3</Type>
<Code>84443</Code>
<Quantity>1.0</Quantity>
<Net>138.0</Net>
<Clinician>GD6605</Clinician>
<PriorAuthorizationID/>
</Activity>
<Activity>
<ID>5292234</ID>
<Start>18/09/2013 00:00</Start>
<Type>3</Type>
<Code>84704</Code>
<Quantity>1.0</Quantity>
<Net>124.2</Net>
<Clinician>GD6605</Clinician>
<PriorAuthorizationID/>
</Activity>
<Activity>
<ID>5292235</ID>
<Start>18/09/2013 00:00</Start>
<Type>3</Type>
<Code>85025</Code>
<Quantity>1.0</Quantity>
<Net>64.4</Net>
<Clinician>GD6605</Clinician>
<PriorAuthorizationID/>
</Activity>
<Activity>
<ID>5292236</ID>
<Start>18/09/2013 00:00</Start>
<Type>3</Type>
<Code>82950</Code>
<Quantity>1.0</Quantity>
<Net>39.1</Net>
<Clinician>GD6605</Clinician>
<PriorAuthorizationID/>
</Activity>
<Contract>
<PackageName>Orient - Mednet</PackageName>
</Contract>
</Claim>
<Claim>
<ID>APM-979588</ID>
<IDPayer/>
<MemberID>097110330041677902</MemberID>
<PayerID>A020</PayerID>
<ProviderID>MF464</ProviderID>
<EmiratesIDNumber>000-0000-0000000-0</EmiratesIDNumber>
<Gross>193.9</Gross>
<PatientShare>0</PatientShare>
<Net>193.9</Net>
<Encounter>
<FacilityID>MF464</FacilityID>
<Type>1</Type>
<PatientID>49002/01</PatientID>
<Start>19/09/2013 00:00</Start>
<End>19/09/2013 00:00</End>
<StartType>1</StartType>
<EndType>1</EndType>
<TransferSource/>
<TransferDestination/>
</Encounter>
<Diagnosis>
<Type>Principal</Type>
<Code>719.46</Code>
</Diagnosis>
<Activity>
<ID>5292238</ID>
<Start>19/09/2013 00:00</Start>
<Type>5</Type>
<Code>1760-2017-001</Code>
<Quantity>3.0</Quantity>
<Net>117.9</Net>
<Clinician>GD8060</Clinician>
<PriorAuthorizationID/>
</Activity>
<Activity>
<ID>5292239</ID>
<Start>19/09/2013 00:00</Start>
<Type>5</Type>
<Code>1664-6037-001</Code>
<Quantity>2.0</Quantity>
<Net>30.0</Net>
<Clinician>GD8060</Clinician>
<PriorAuthorizationID/>
</Activity>
<Activity>
<ID>5292240</ID>
<Start>19/09/2013 00:00</Start>
<Type>3</Type>
<Code>96372</Code>
<Quantity>1.0</Quantity>
<Net>46.0</Net>
<Clinician>GD8060</Clinician>
<PriorAuthorizationID/>
</Activity>
<Contract>
<PackageName>Salama-Mednet </PackageName>
</Contract>
</Claim>
<Claim>
<ID>APM-979592</ID>
<IDPayer/>
<MemberID>097110040041961002</MemberID>
<PayerID>@Orient</PayerID>
<ProviderID>MF464</ProviderID>
<EmiratesIDNumber>000-0000-0000000-0</EmiratesIDNumber>
<Gross>227.7</Gross>
<PatientShare>0</PatientShare>
<Net>227.7</Net>
<Encounter>
<FacilityID>MF464</FacilityID>
<Type>1</Type>
<PatientID>93555/01</PatientID>
<Start>19/09/2013 00:00</Start>
<End>19/09/2013 00:00</End>
<StartType>1</StartType>
<EndType>1</EndType>
<TransferSource/>
<TransferDestination/>
</Encounter>
<Diagnosis>
<Type>Principal</Type>
<Code>648.83</Code>
</Diagnosis>
<Activity>
<ID>5292243</ID>
<Start>19/09/2013 00:00</Start>
<Type>3</Type>
<Code>85025</Code>
<Quantity>1.0</Quantity>
<Net>64.4</Net>
<Clinician>GD6605</Clinician>
<PriorAuthorizationID/>
</Activity>
<Activity>
<ID>5292244</ID>
<Start>19/09/2013 00:00</Start>
<Type>3</Type>
<Code>82951</Code>
<Quantity>1.0</Quantity>
<Net>105.8</Net>
<Clinician>GD6605</Clinician>
<PriorAuthorizationID/>
<Observation>
<Type>LOINC</Type>
<Code>14995-5</Code>
<Value>7.2</Value>
<ValueType>mmol/l</ValueType>
</Observation>
<Observation>
<Type>LOINC</Type>
<Code>14995-5</Code>
<Value>7.6</Value>
<ValueType>mmol/l</ValueType>
</Observation>
<Observation>
<Type>LOINC</Type>
<Code>14995-5</Code>
<Value>4.0</Value>
<ValueType>mmol/l</ValueType>
</Observation>
</Activity>
<Activity>
<ID>5292245</ID>
<Start>19/09/2013 00:00</Start>
<Type>3</Type>
<Code>82952</Code>
<Quantity>1.0</Quantity>
<Net>32.2</Net>
<Clinician>GD6605</Clinician>
<PriorAuthorizationID/>
</Activity>
<Activity>
<ID>5292246</ID>
<Start>19/09/2013 00:00</Start>
<Type>3</Type>
<Code>81000</Code>
<Quantity>1.0</Quantity>
<Net>25.3</Net>
<Clinician>GD6605</Clinician>
<PriorAuthorizationID/>
</Activity>
<Contract>
<PackageName>Orient - Mednet</PackageName>
</Contract>
</Claim>
<Claim>
<ID>APM-979596</ID>
<IDPayer/>
<MemberID>097110040029113402</MemberID>
<PayerID>@Orient</PayerID>
<ProviderID>MF464</ProviderID>
<EmiratesIDNumber>000-0000-0000000-0</EmiratesIDNumber>
<Gross>560.46</Gross>
<PatientShare>37</PatientShare>
<Net>523.46</Net>
<Encounter>
<FacilityID>MF464</FacilityID>
<Type>2</Type>
<PatientID>86037/01</PatientID>
<Start>20/09/2013 00:00</Start>
<End>20/09/2013 00:00</End>
<StartType>2</StartType>
<EndType>1</EndType>
<TransferSource/>
<TransferDestination/>
</Encounter>
<Diagnosis>
<Type>Principal</Type>
<Code>789.00</Code>
</Diagnosis>
<Diagnosis>
<Type>Secondary</Type>
<Code>626.0</Code>
</Diagnosis>
<Activity>
<ID>5292247</ID>
<Start>20/09/2013 00:00</Start>
<Type>3</Type>
<Code>96365</Code>
<Quantity>1.0</Quantity>
<Net>197.8</Net>
<Clinician>GD15943</Clinician>
<PriorAuthorizationID/>
</Activity>
<Activity>
<ID>5292248</ID>
<Start>20/09/2013 00:00</Start>
<Type>3</Type>
<Code>84703</Code>
<Quantity>1.0</Quantity>
<Net>62.1</Net>
<Clinician>GD15943</Clinician>
<PriorAuthorizationID/>
</Activity>
<Activity>
<ID>5292249</ID>
<Start>20/09/2013 00:00</Start>
<Type>5</Type>
<Code>1718-3520-001</Code>
<Quantity>1.0</Quantity>
<Net>17.96</Net>
<Clinician>GD15943</Clinician>
<PriorAuthorizationID/>
</Activity>
<Activity>
<ID>5292250</ID>
<Start>20/09/2013 00:00</Start>
<Type>3</Type>
<Code>85025</Code>
<Quantity>1.0</Quantity>
<Net>64.4</Net>
<Clinician>GD15943</Clinician>
<PriorAuthorizationID/>
</Activity>
<Activity>
<ID>5292252</ID>
<Start>20/09/2013 00:00</Start>
<Type>3</Type>
<Code>81000</Code>
<Quantity>1.0</Quantity>
<Net>25.3</Net>
<Clinician>GD15943</Clinician>
<PriorAuthorizationID/>
</Activity>
<Activity>
<ID>5292253</ID>
<Start>20/09/2013 00:00</Start>
<Type>3</Type>
<Code>99283</Code>
<Quantity>1.0</Quantity>
<Net>155.9</Net>
<Clinician>GD15943</Clinician>
<PriorAuthorizationID/>
</Activity>
<Contract>
<PackageName>Orient - Mednet</PackageName>
</Contract>
</Claim>
<Claim>
<ID>APM-979597</ID>
<IDPayer/>
<MemberID>097110030038138301</MemberID>
<PayerID>A009</PayerID>
<ProviderID>MF464</ProviderID>
<EmiratesIDNumber>000-0000-0000000-0</EmiratesIDNumber>
<Gross>31</Gross>
<PatientShare>6.2</PatientShare>
<Net>24.8</Net>
<Encounter>
<FacilityID>MF464</FacilityID>
<Type>1</Type>
<PatientID>87804/01</PatientID>
<Start>20/09/2013 00:00</Start>
<End>20/09/2013 00:00</End>
<StartType>1</StartType>
<EndType>1</EndType>
<TransferSource/>
<TransferDestination/>
</Encounter>
<Diagnosis>
<Type>Principal</Type>
<Code>686.9</Code>
</Diagnosis>
<Diagnosis>
<Type>Secondary</Type>
<Code>401.1</Code>
</Diagnosis>
<Diagnosis>
<Type>Secondary</Type>
<Code>573.9</Code>
</Diagnosis>
<Diagnosis>
<Type>Secondary</Type>
<Code>250.00</Code>
</Diagnosis>
<Diagnosis>
<Type>Secondary</Type>
<Code>272.4</Code>
</Diagnosis>
<Activity>
<ID>5292269</ID>
<Start>20/09/2013 00:00</Start>
<Type>5</Type>
<Code>1497-2306-002</Code>
<Quantity>1.0</Quantity>
<Net>24.8</Net>
<Clinician>GD11341</Clinician>
<PriorAuthorizationID/>
</Activity>
<Contract>
<PackageName>RAK - MedNet</PackageName>
</Contract>
</Claim>
<Claim>
<ID>APM-979598</ID>
<IDPayer/>
<MemberID>097110030038138402</MemberID>
<PayerID>A009</PayerID>
<ProviderID>MF464</ProviderID>
<EmiratesIDNumber>000-0000-0000000-0</EmiratesIDNumber>
<Gross>696.5</Gross>
<PatientShare>130.1</PatientShare>
<Net>566.4</Net>
<Encounter>
<FacilityID>MF464</FacilityID>
<Type>1</Type>
<PatientID>89014/01</PatientID>
<Start>20/09/2013 00:00</Start>
<End>20/09/2013 00:00</End>
<StartType>1</StartType>
<EndType>1</EndType>
<TransferSource/>
<TransferDestination/>
</Encounter>
<Diagnosis>
<Type>Principal</Type>
<Code>041.86</Code>
</Diagnosis>
<Diagnosis>
<Type>Secondary</Type>
<Code>535.00</Code>
</Diagnosis>
<Diagnosis>
<Type>Secondary</Type>
<Code>268.9</Code>
</Diagnosis>
<Activity>
<ID>5292275</ID>
<Start>20/09/2013 00:00</Start>
<Type>5</Type>
<Code>1720-2771-001</Code>
<Quantity>2.0</Quantity>
<Net>148.0</Net>
<Clinician>GD11341</Clinician>
<PriorAuthorizationID/>
</Activity>
<Activity>
<ID>5292276</ID>
<Start>20/09/2013 00:00</Start>
<Type>5</Type>
<Code>2169-6742-001</Code>
<Quantity>1.0</Quantity>
<Net>46.8</Net>
<Clinician>GD11341</Clinician>
<PriorAuthorizationID/>
</Activity>
<Activity>
<ID>5292277</ID>
<Start>20/09/2013 00:00</Start>
<Type>5</Type>
<Code>2266-6088-002</Code>
<Quantity>1.0</Quantity>
<Net>48.0</Net>
<Clinician>GD11341</Clinician>
<PriorAuthorizationID/>
</Activity>
<Activity>
<ID>5292278</ID>
<Start>20/09/2013 00:00</Start>
<Type>5</Type>
<Code>1622-4586-002</Code>
<Quantity>2.0</Quantity>
<Net>81.6</Net>
<Clinician>GD11341</Clinician>
<PriorAuthorizationID/>
</Activity>
<Activity>
<ID>5292279</ID>
<Start>20/09/2013 00:00</Start>
<Type>5</Type>
<Code>1671-1293-003</Code>
<Quantity>2.0</Quantity>
<Net>196.0</Net>
<Clinician>GD11341</Clinician>
<PriorAuthorizationID/>
</Activity>
<Activity>
<ID>5292280</ID>
<Start>20/09/2013 00:00</Start>
<Type>3</Type>
<Code>96372</Code>
<Quantity>1.0</Quantity>
<Net>46.0</Net>
<Clinician>GD11341</Clinician>
<PriorAuthorizationID/>
</Activity>
<Contract>
<PackageName>RAK - MedNet</PackageName>
</Contract>
</Claim>
</Claim.Submission>
