<?xml version="1.0"?>
<Claim.Submission xmlns:xsi="http://www.w3.org/2001/XMLSchema-instance" xmlns:tns="http://www.haad.ae/DataDictionary/CommonTypes" xsi:noNamespaceSchemaLocation="http://www.haad.ae/DataDictionary/CommonTypes/ClaimSubmission.xsd">
  <Header>
    <SenderID>PF1391</SenderID>
    <ReceiverID>C004</ReceiverID>
    <TransactionDate>12/10/2013 03:13</TransactionDate>
    <RecordCount>6</RecordCount>
    <DispositionFlag>PRODUCTION</DispositionFlag>
  </Header>
  <Claim>
    <ID>SP30201092</ID>
    <IDPayer />
    <MemberID>0971 1033 00388429 02</MemberID>
    <PayerID>A020</PayerID>
    <ProviderID>PF1391</ProviderID>
    <EmiratesIDNumber>999-9999-9999999-9</EmiratesIDNumber>
    <Gross>160.00</Gross>
    <PatientShare>16.00</PatientShare>
    <Net>144.00</Net>
    <Encounter>
      <FacilityID>PF1391</FacilityID>
      <Type>1</Type>
      <PatientID>210723</PatientID>
      <Start>04/09/2013 12:21</Start>
      <End>04/09/2013 12:21</End>
      <StartType>1</StartType>
      <EndType>1</EndType>
    </Encounter>
    <Diagnosis>
      <Type>Principal</Type>
      <Code>V22.1</Code>
    </Diagnosis>
    <Activity>
      <ID>39508879</ID>
      <Start>04/09/2013 12:21</Start>
      <Type>5</Type>
      <Code>2034-5391-001</Code>
      <Quantity>1.00</Quantity>
      <Net>118.80</Net>
      <Clinician>GD5970</Clinician>
    </Activity>
    <Activity>
      <ID>39508880</ID>
      <Start>04/09/2013 12:21</Start>
      <Type>5</Type>
      <Code>1732-3442-002</Code>
      <Quantity>1.00</Quantity>
      <Net>25.20</Net>
      <Clinician>GD5970</Clinician>
    </Activity>
    <Contract>
      <PackageName>Salama Mednet</PackageName>
    </Contract>
  </Claim>
  <Claim>
    <ID>SP30201093</ID>
    <IDPayer />
    <MemberID>0971 1033 00416781 01</MemberID>
    <PayerID>A020</PayerID>
    <ProviderID>PF1391</ProviderID>
    <EmiratesIDNumber>999-9999-9999999-9</EmiratesIDNumber>
    <Gross>76.50</Gross>
    <PatientShare>0.00</PatientShare>
    <Net>76.50</Net>
    <Encounter>
      <FacilityID>PF1391</FacilityID>
      <Type>1</Type>
      <PatientID>120114788</PatientID>
      <Start>07/09/2013 13:01</Start>
      <End>07/09/2013 13:01</End>
      <StartType>1</StartType>
      <EndType>1</EndType>
    </Encounter>
    <Diagnosis>
      <Type>Secondary</Type>
      <Code>524.62</Code>
    </Diagnosis>
    <Diagnosis>
      <Type>Secondary</Type>
      <Code>V72.19</Code>
    </Diagnosis>
    <Diagnosis>
      <Type>Secondary</Type>
      <Code>389.9</Code>
    </Diagnosis>
    <Diagnosis>
      <Type>Principal</Type>
      <Code>388.70</Code>
    </Diagnosis>
    <Activity>
      <ID>39508881</ID>
      <Start>07/09/2013 13:01</Start>
      <Type>5</Type>
      <Code>1967-3064-002</Code>
      <Quantity>1.00</Quantity>
      <Net>76.50</Net>
      <Clinician>D5451</Clinician>
    </Activity>
    <Contract>
      <PackageName>Salama Mednet</PackageName>
    </Contract>
  </Claim>
  <Claim>
    <ID>SP30201094</ID>
    <IDPayer />
    <MemberID>0971 1033 00416778 01</MemberID>
    <PayerID>A020</PayerID>
    <ProviderID>PF1391</ProviderID>
    <EmiratesIDNumber>999-9999-9999999-9</EmiratesIDNumber>
    <Gross>296.00</Gross>
    <PatientShare>0.00</PatientShare>
    <Net>296.00</Net>
    <Encounter>
      <FacilityID>PF1391</FacilityID>
      <Type>1</Type>
      <PatientID>120091415</PatientID>
      <Start>07/09/2013 13:20</Start>
      <End>07/09/2013 13:20</End>
      <StartType>1</StartType>
      <EndType>1</EndType>
    </Encounter>
    <Diagnosis>
      <Type>Principal</Type>
      <Code>477.8</Code>
    </Diagnosis>
    <Diagnosis>
      <Type>Secondary</Type>
      <Code>478.0</Code>
    </Diagnosis>
    <Diagnosis>
      <Type>Secondary</Type>
      <Code>381.81</Code>
    </Diagnosis>
    <Diagnosis>
      <Type>Secondary</Type>
      <Code>530.11</Code>
    </Diagnosis>
    <Activity>
      <ID>39508882</ID>
      <Start>07/09/2013 13:20</Start>
      <Type>5</Type>
      <Code>1465-3082-001</Code>
      <Quantity>1.00</Quantity>
      <Net>21.50</Net>
      <Clinician>D5451</Clinician>
    </Activity>
    <Activity>
      <ID>39508883</ID>
      <Start>07/09/2013 13:20</Start>
      <Type>5</Type>
      <Code>2325-3485-010</Code>
      <Quantity>1.00</Quantity>
      <Net>201.50</Net>
      <Clinician>D5451</Clinician>
    </Activity>
    <Activity>
      <ID>39508884</ID>
      <Start>07/09/2013 13:20</Start>
      <Type>5</Type>
      <Code>1650-3153-001</Code>
      <Quantity>1.00</Quantity>
      <Net>73.00</Net>
      <Clinician>D5451</Clinician>
    </Activity>
    <Contract>
      <PackageName>Salama Mednet</PackageName>
    </Contract>
  </Claim>
  <Claim>
    <ID>SP30201095</ID>
    <IDPayer />
    <MemberID>097110330046541801</MemberID>
    <PayerID>A020</PayerID>
    <ProviderID>PF1391</ProviderID>
    <EmiratesIDNumber>999-9999-9999999-9</EmiratesIDNumber>
    <Gross>73.00</Gross>
    <PatientShare>14.60</PatientShare>
    <Net>58.40</Net>
    <Encounter>
      <FacilityID>PF1391</FacilityID>
      <Type>1</Type>
      <PatientID>120113241</PatientID>
      <Start>11/09/2013 12:55</Start>
      <End>11/09/2013 12:55</End>
      <StartType>1</StartType>
      <EndType>1</EndType>
    </Encounter>
    <Diagnosis>
      <Type>Principal</Type>
      <Code>465.9</Code>
    </Diagnosis>
    <Diagnosis>
      <Type>Secondary</Type>
      <Code>787.3</Code>
    </Diagnosis>
    <Activity>
      <ID>39508885</ID>
      <Start>11/09/2013 12:55</Start>
      <Type>5</Type>
      <Code>2169-6041-001</Code>
      <Quantity>1.00</Quantity>
      <Net>18.40</Net>
      <Clinician>D2086</Clinician>
    </Activity>
    <Activity>
      <ID>39508886</ID>
      <Start>11/09/2013 12:55</Start>
      <Type>5</Type>
      <Code>1829-4834-001</Code>
      <Quantity>1.00</Quantity>
      <Net>26.80</Net>
      <Clinician>D2086</Clinician>
    </Activity>
    <Activity>
      <ID>39508887</ID>
      <Start>11/09/2013 12:55</Start>
      <Type>5</Type>
      <Code>1552-2198-005</Code>
      <Quantity>1.00</Quantity>
      <Net>13.20</Net>
      <Clinician>D2086</Clinician>
    </Activity>
    <Contract>
      <PackageName>Salama Mednet</PackageName>
    </Contract>
  </Claim>
  <Claim>
    <ID>SP30201096</ID>
    <IDPayer />
    <MemberID>0971 1033 00416822 02</MemberID>
    <PayerID>A020</PayerID>
    <ProviderID>PF1391</ProviderID>
    <EmiratesIDNumber>999-9999-9999999-9</EmiratesIDNumber>
    <Gross>106.50</Gross>
    <PatientShare>0.00</PatientShare>
    <Net>106.50</Net>
    <Encounter>
      <FacilityID>PF1391</FacilityID>
      <Type>1</Type>
      <PatientID>33925</PatientID>
      <Start>12/09/2013 20:59</Start>
      <End>12/09/2013 20:59</End>
      <StartType>1</StartType>
      <EndType>1</EndType>
    </Encounter>
    <Diagnosis>
      <Type>Secondary</Type>
      <Code>268.9</Code>
    </Diagnosis>
    <Diagnosis>
      <Type>Principal</Type>
      <Code>719.40</Code>
    </Diagnosis>
    <Diagnosis>
      <Type>Secondary</Type>
      <Code>240.9</Code>
    </Diagnosis>
    <Diagnosis>
      <Type>Secondary</Type>
      <Code>285.9</Code>
    </Diagnosis>
    <Diagnosis>
      <Type>Secondary</Type>
      <Code>620.0</Code>
    </Diagnosis>
    <Activity>
      <ID>39508888</ID>
      <Start>12/09/2013 20:59</Start>
      <Type>5</Type>
      <Code>2209-6110-002</Code>
      <Quantity>1.00</Quantity>
      <Net>10.50</Net>
      <Clinician>GD6505</Clinician>
    </Activity>
    <Activity>
      <ID>39508889</ID>
      <Start>12/09/2013 20:59</Start>
      <Type>5</Type>
      <Code>1556-4478-003</Code>
      <Quantity>1.00</Quantity>
      <Net>60.00</Net>
      <Clinician>GD6505</Clinician>
    </Activity>
    <Activity>
      <ID>39508890</ID>
      <Start>12/09/2013 20:59</Start>
      <Type>5</Type>
      <Code>1828-5283-001</Code>
      <Quantity>0.08</Quantity>
      <Net>36.00</Net>
      <Clinician>GD6505</Clinician>
    </Activity>
    <Contract>
      <PackageName>Salama Mednet</PackageName>
    </Contract>
  </Claim>
  <Claim>
    <ID>SP30212077</ID>
    <IDPayer />
    <MemberID>0971 1033 00358350 02</MemberID>
    <PayerID>A020</PayerID>
    <ProviderID>PF1391</ProviderID>
    <EmiratesIDNumber>999-9999-9999999-9</EmiratesIDNumber>
    <Gross>3145.81</Gross>
    <PatientShare>0.00</PatientShare>
    <Net>3145.81</Net>
    <Encounter>
      <FacilityID>PF1391</FacilityID>
      <Type>1</Type>
      <PatientID>120028506</PatientID>
      <Start>25/09/2013 21:14</Start>
      <End>25/09/2013 21:14</End>
      <StartType>1</StartType>
      <EndType>1</EndType>
    </Encounter>
    <Diagnosis>
      <Type>Secondary</Type>
      <Code>V85.42</Code>
    </Diagnosis>
    <Diagnosis>
      <Type>Principal</Type>
      <Code>250.62</Code>
    </Diagnosis>
    <Diagnosis>
      <Type>Secondary</Type>
      <Code>V58.67</Code>
    </Diagnosis>
    <Diagnosis>
      <Type>Secondary</Type>
      <Code>530.11</Code>
    </Diagnosis>
    <Diagnosis>
      <Type>Secondary</Type>
      <Code>536.8</Code>
    </Diagnosis>
    <Diagnosis>
      <Type>Secondary</Type>
      <Code>V77.8</Code>
    </Diagnosis>
    <Diagnosis>
      <Type>Secondary</Type>
      <Code>337.1</Code>
    </Diagnosis>
    <Diagnosis>
      <Type>Secondary</Type>
      <Code>401.1</Code>
    </Diagnosis>
    <Activity>
      <ID>39508891</ID>
      <Start>25/09/2013 21:14</Start>
      <Type>5</Type>
      <Code>1576-2822-003</Code>
      <Quantity>2.00</Quantity>
      <Net>630.00</Net>
      <Clinician>GD11427</Clinician>
      <PriorAuthorizationID>277196</PriorAuthorizationID>
    </Activity>
    <Activity>
      <ID>39508892</ID>
      <Start>25/09/2013 21:14</Start>
      <Type>5</Type>
      <Code>1581-2891-001</Code>
      <Quantity>1.07</Quantity>
      <Net>431.21</Net>
      <Clinician>GD11427</Clinician>
      <PriorAuthorizationID>277196</PriorAuthorizationID>
    </Activity>
    <Activity>
      <ID>39508893</ID>
      <Start>25/09/2013 21:14</Start>
      <Type>5</Type>
      <Code>1527-1723-001</Code>
      <Quantity>2.00</Quantity>
      <Net>68.00</Net>
      <Clinician>GD11427</Clinician>
      <PriorAuthorizationID>277196</PriorAuthorizationID>
    </Activity>
    <Activity>
      <ID>39508894</ID>
      <Start>25/09/2013 21:14</Start>
      <Type>5</Type>
      <Code>1556-5596-001</Code>
      <Quantity>2.00</Quantity>
      <Net>747.00</Net>
      <Clinician>GD11427</Clinician>
      <PriorAuthorizationID>277196</PriorAuthorizationID>
    </Activity>
    <Activity>
      <ID>39508895</ID>
      <Start>25/09/2013 21:14</Start>
      <Type>5</Type>
      <Code>1279-3234-003</Code>
      <Quantity>4.00</Quantity>
      <Net>440.00</Net>
      <Clinician>GD11427</Clinician>
      <PriorAuthorizationID>277196</PriorAuthorizationID>
    </Activity>
    <Activity>
      <ID>39508896</ID>
      <Start>25/09/2013 21:14</Start>
      <Type>5</Type>
      <Code>1556-4590-001</Code>
      <Quantity>2.00</Quantity>
      <Net>530.00</Net>
      <Clinician>GD11427</Clinician>
      <PriorAuthorizationID>277196</PriorAuthorizationID>
    </Activity>
    <Activity>
      <ID>39508897</ID>
      <Start>25/09/2013 21:14</Start>
      <Type>5</Type>
      <Code>1559-3058-002</Code>
      <Quantity>2.80</Quantity>
      <Net>299.60</Net>
      <Clinician>GD11427</Clinician>
      <PriorAuthorizationID>277196</PriorAuthorizationID>
    </Activity>
    <Contract>
      <PackageName>Salama Mednet</PackageName>
    </Contract>
  </Claim>
</Claim.Submission>