<?xml version="1.0" encoding="utf-8"?><Claim.Submission xmlns:tns="http://www.haad.ae/DataDictionary/CommonTypes" xmlns:xsi="http://www.w3.org/2001/XMLSchema-instance" xsi:noNamespaceSchemaLocation="http://www.shafafiya.org/dictionary/CommonTypes/DataDictionary.xsd"><Header><SenderID>MF404</SenderID><ReceiverID>C004</ReceiverID><TransactionDate>09/10/2013 00:00</TransactionDate><RecordCount>1</RecordCount><DispositionFlag>PRODUCTION</DispositionFlag></Header><Claim><ID>229136-IP-0001</ID><MemberID>097110040046704901</MemberID><PayerID>A012</PayerID><ProviderID>MF404</ProviderID><EmiratesIDNumber>784-1981-0969095-2</EmiratesIDNumber><Gross>5304</Gross><PatientShare>0</PatientShare><Net>5304</Net><Encounter><FacilityID>MF404</FacilityID><Type>5</Type><PatientID>229136</PatientID><Start>26/09/2013 17:33</Start><End>26/09/2013 23:50</End><EndType>1</EndType><TransferSource>MF404</TransferSource></Encounter><Diagnosis><Type>Principal</Type><Code>634.91</Code></Diagnosis><Activity><ID>PROC-4916896</ID><Start>26/09/2013 23:50</Start><Type>3</Type><Code>01965</Code><Quantity>4</Quantity><Net>0</Net><Clinician>GD10369</Clinician><PriorAuthorizationID>57748</PriorAuthorizationID></Activity><Activity><ID>PROC-4918219</ID><Start>26/09/2013 23:50</Start><Type>5</Type><Code>1408-3653-002</Code><Quantity>1</Quantity><Net>0</Net><Clinician>GD6101</Clinician><PriorAuthorizationID>57748</PriorAuthorizationID></Activity><Activity><ID>PROC-4918220</ID><Start>26/09/2013 23:50</Start><Type>5</Type><Code>1427-4307-002</Code><Quantity>1</Quantity><Net>0</Net><Clinician>GD6101</Clinician><PriorAuthorizationID>57748</PriorAuthorizationID></Activity><Activity><ID>PROC-4918229</ID><Start>26/09/2013 23:50</Start><Type>5</Type><Code>1436-1715-001</Code><Quantity>1</Quantity><Net>0</Net><Clinician>GD6101</Clinician><PriorAuthorizationID>57748</PriorAuthorizationID></Activity><Activity><ID>PROC-4918192</ID><Start>26/09/2013 23:50</Start><Type>5</Type><Code>1436-4008-002</Code><Quantity>1</Quantity><Net>0</Net><Clinician>GD6101</Clinician><PriorAuthorizationID>57748</PriorAuthorizationID></Activity><Activity><ID>PROC-4918194</ID><Start>26/09/2013 23:50</Start><Type>5</Type><Code>1489-2990-007</Code><Quantity>1</Quantity><Net>0</Net><Clinician>GD6101</Clinician><PriorAuthorizationID>57748</PriorAuthorizationID></Activity><Activity><ID>PROC-4918230</ID><Start>26/09/2013 23:50</Start><Type>5</Type><Code>1489-2990-007</Code><Quantity>1</Quantity><Net>0</Net><Clinician>GD6101</Clinician><PriorAuthorizationID>57748</PriorAuthorizationID></Activity><Activity><ID>PROC-4918240</ID><Start>26/09/2013 23:50</Start><Type>5</Type><Code>1573-2720-002</Code><Quantity>2</Quantity><Net>0</Net><Clinician>GD6101</Clinician><PriorAuthorizationID>57748</PriorAuthorizationID></Activity><Activity><ID>PROC-4918201</ID><Start>26/09/2013 23:50</Start><Type>8</Type><Code>17-23</Code><Quantity>1</Quantity><Net>0</Net><Clinician>GD6101</Clinician><PriorAuthorizationID>57748</PriorAuthorizationID></Activity><Activity><ID>PROC-4918188</ID><Start>26/09/2013 23:50</Start><Type>8</Type><Code>17-25</Code><Quantity>1</Quantity><Net>0</Net><Clinician>GD6101</Clinician><PriorAuthorizationID>57748</PriorAuthorizationID></Activity><Activity><ID>PROC-4918202</ID><Start>26/09/2013 23:50</Start><Type>8</Type><Code>20-02</Code><Quantity>1</Quantity><Net>0</Net><Clinician>GD6101</Clinician><PriorAuthorizationID>57748</PriorAuthorizationID></Activity><Activity><ID>PROC-4918231</ID><Start>26/09/2013 23:50</Start><Type>5</Type><Code>2219-3520-003</Code><Quantity>1</Quantity><Net>0</Net><Clinician>GD6101</Clinician><PriorAuthorizationID>57748</PriorAuthorizationID></Activity><Activity><ID>PROC-4918187</ID><Start>26/09/2013 23:50</Start><Type>8</Type><Code>25-02</Code><Quantity>1</Quantity><Net>3400</Net><Clinician>GD6101</Clinician><PriorAuthorizationID>57748</PriorAuthorizationID></Activity><Activity><ID>PROC-4916894</ID><Start>26/09/2013 23:50</Start><Type>3</Type><Code>59812</Code><Quantity>1</Quantity><Net>1904</Net><Clinician>GD6101</Clinician><PriorAuthorizationID>57748</PriorAuthorizationID></Activity><Activity><ID>PROC-4916845</ID><Start>26/09/2013 23:50</Start><Type>3</Type><Code>85027</Code><Quantity>1</Quantity><Net>0</Net><Clinician>GD6101</Clinician><PriorAuthorizationID>57748</PriorAuthorizationID></Activity><Activity><ID>PROC-4916934</ID><Start>26/09/2013 23:50</Start><Type>3</Type><Code>85027</Code><Quantity>1</Quantity><Net>0</Net><Clinician>GD6101</Clinician><PriorAuthorizationID>57748</PriorAuthorizationID></Activity><Activity><ID>PROC-4916860</ID><Start>26/09/2013 23:50</Start><Type>3</Type><Code>85384</Code><Quantity>1</Quantity><Net>0</Net><Clinician>GD6101</Clinician><PriorAuthorizationID>57748</PriorAuthorizationID></Activity><Activity><ID>PROC-4916861</ID><Start>26/09/2013 23:50</Start><Type>3</Type><Code>85610</Code><Quantity>1</Quantity><Net>0</Net><Clinician>GD6101</Clinician><PriorAuthorizationID>57748</PriorAuthorizationID></Activity><Activity><ID>PROC-4916862</ID><Start>26/09/2013 23:50</Start><Type>3</Type><Code>85730</Code><Quantity>1</Quantity><Net>0</Net><Clinician>GD6101</Clinician><PriorAuthorizationID>57748</PriorAuthorizationID></Activity><Activity><ID>PROC-4916857</ID><Start>26/09/2013 23:50</Start><Type>3</Type><Code>86885</Code><Quantity>1</Quantity><Net>0</Net><Clinician>GD6101</Clinician><PriorAuthorizationID>57748</PriorAuthorizationID></Activity><Activity><ID>PROC-4916853</ID><Start>26/09/2013 23:50</Start><Type>3</Type><Code>86886</Code><Quantity>1</Quantity><Net>0</Net><Clinician>GD6101</Clinician><PriorAuthorizationID>57748</PriorAuthorizationID></Activity><Activity><ID>PROC-4916854</ID><Start>26/09/2013 23:50</Start><Type>3</Type><Code>86900</Code><Quantity>1</Quantity><Net>0</Net><Clinician>GD6101</Clinician><PriorAuthorizationID>57748</PriorAuthorizationID></Activity><Activity><ID>PROC-4916852</ID><Start>26/09/2013 23:50</Start><Type>3</Type><Code>86901</Code><Quantity>1</Quantity><Net>0</Net><Clinician>GD6101</Clinician><PriorAuthorizationID>57748</PriorAuthorizationID></Activity><Activity><ID>PROC-4916895</ID><Start>26/09/2013 23:50</Start><Type>3</Type><Code>88305</Code><Quantity>1</Quantity><Net>0</Net><Clinician>GD6101</Clinician><PriorAuthorizationID>57748</PriorAuthorizationID></Activity><Activity><ID>PROC-4918199</ID><Start>26/09/2013 23:50</Start><Type>3</Type><Code>96374</Code><Quantity>1</Quantity><Net>0</Net><Clinician>GD6101</Clinician><PriorAuthorizationID>57748</PriorAuthorizationID></Activity><Activity><ID>MEDI-1963968</ID><Start>26/09/2013 17:33</Start><Type>5</Type><Code>1241-3956-001</Code><Quantity>0.08</Quantity><Net>0</Net><Clinician>GD6101</Clinician><PriorAuthorizationID>57748</PriorAuthorizationID></Activity><Activity><ID>MEDI-1963502</ID><Start>26/09/2013 17:33</Start><Type>5</Type><Code>1489-2990-006</Code><Quantity>10</Quantity><Net>0</Net><Clinician>GD6101</Clinician><PriorAuthorizationID>57748</PriorAuthorizationID></Activity><Activity><ID>MEDI-1963495</ID><Start>26/09/2013 17:33</Start><Type>5</Type><Code>1680-2207-001</Code><Quantity>1</Quantity><Net>0</Net><Clinician>GD6101</Clinician><PriorAuthorizationID>57748</PriorAuthorizationID></Activity><Activity><ID>MEDI-1963497</ID><Start>26/09/2013 17:33</Start><Type>5</Type><Code>1680-3904-002</Code><Quantity>20</Quantity><Net>0</Net><Clinician>GD6101</Clinician><PriorAuthorizationID>57748</PriorAuthorizationID></Activity></Claim></Claim.Submission>