<?xml version="1.0"?><Claim.Submission xmlns:tns="http://www.eclaimlink.ae/DataDictionary/CommonTypes" xmlns:xsi="http://www.w3.org/2001/XMLSchema-instance" xsi:noNamespaceSchemaLocation="http://www.eclaimlink.ae/DataDictionary/CommonTypes/ClaimSubmission.xsd"><Header><SenderID>DHA-F-0000197</SenderID><ReceiverID>TPA009</ReceiverID><TransactionDate>26/10/2013 20:02</TransactionDate><RecordCount>15</RecordCount><DispositionFlag>PRODUCTION</DispositionFlag></Header><Claim><ID>OPC-R-2013-046214</ID><MemberID>097110890045683901</MemberID><PayerID>INS089</PayerID><ProviderID>DHA-F-0000197</ProviderID><EmiratesIDNumber>999-9999-9999999-9</EmiratesIDNumber><Gross>329</Gross><PatientShare>0</PatientShare><Net>329</Net><Encounter><FacilityID>DHA-F-0000197</FacilityID><Type>1</Type><PatientID>0001008963</PatientID><Start>15/09/2013 09:24</Start><End>15/09/2013 10:15</End><StartType>1</StartType><EndType>1</EndType></Encounter><Diagnosis><Type>Principal</Type><Code>M54.5</Code></Diagnosis><Activity><ID>OPRXX0312441029</ID><Start>15/09/2013 09:24</Start><Type>8</Type><Code>11</Code><Quantity>1</Quantity><Net>329</Net><Clinician>DHA-P-0011589</Clinician><PriorAuthorizationID>S3129851</PriorAuthorizationID><Observation><Type>Text</Type><Code>Non-Standard-Code</Code><Value>DCF001</Value><ValueType>Other</ValueType></Observation><Observation><Type>Text</Type><Code>Description</Code><Value>CONSULTANT VISIT -NEW VISIT</Value><ValueType>Other</ValueType></Observation></Activity></Claim><Claim><ID>OPC-R-2013-046149</ID><MemberID>097110890042132701</MemberID><PayerID>INS089</PayerID><ProviderID>DHA-F-0000197</ProviderID><EmiratesIDNumber>999-9999-9999999-9</EmiratesIDNumber><Gross>252</Gross><PatientShare>0</PatientShare><Net>252</Net><Encounter><FacilityID>DHA-F-0000197</FacilityID><Type>1</Type><PatientID>0000190386</PatientID><Start>14/09/2013 18:05</Start><End>14/09/2013 18:05</End><StartType>1</StartType><EndType>1</EndType></Encounter><Diagnosis><Type>Principal</Type><Code>M25.511</Code></Diagnosis><Activity><ID>BILXX0293901383</ID><Start>14/09/2013 18:05</Start><Type>3</Type><Code>97010</Code><Quantity>1</Quantity><Net>252</Net><Clinician>DHA-P-0034872</Clinician><PriorAuthorizationID>S2815447</PriorAuthorizationID><Observation><Type>Text</Type><Code>Non-Standard-Code</Code><Value>PHY001</Value><ValueType>Other</ValueType></Observation><Observation><Type>Text</Type><Code>Description</Code><Value>30 MTS PHYSIOTHERAPY</Value><ValueType>Other</ValueType></Observation></Activity></Claim><Claim><ID>OPC-R-2013-045231</ID><MemberID>097110890046202902</MemberID><PayerID>INS089</PayerID><ProviderID>DHA-F-0000197</ProviderID><EmiratesIDNumber>999-9999-9999999-9</EmiratesIDNumber><Gross>637</Gross><PatientShare>0</PatientShare><Net>637</Net><Encounter><FacilityID>DHA-F-0000197</FacilityID><Type>1</Type><PatientID>0001008796</PatientID><Start>08/09/2013 10:55</Start><End>08/09/2013 12:06</End><StartType>1</StartType><EndType>1</EndType></Encounter><Diagnosis><Type>Principal</Type><Code>M22.42</Code></Diagnosis><Diagnosis><Type>Secondary</Type><Code>M67.52</Code></Diagnosis><Diagnosis><Type>Secondary</Type><Code>M67.88</Code></Diagnosis><Diagnosis><Type>Secondary</Type><Code>M25.562</Code></Diagnosis><Activity><ID>OPRXX0305171038</ID><Start>08/09/2013 10:55</Start><Type>8</Type><Code>10</Code><Quantity>1</Quantity><Net>290.5</Net><Clinician>DHA-P-0251210</Clinician><Observation><Type>Text</Type><Code>Non-Standard-Code</Code><Value>DCF010</Value><ValueType>Other</ValueType></Observation><Observation><Type>Text</Type><Code>Description</Code><Value>SPECIALIST -NEW VISIT</Value><ValueType>Other</ValueType></Observation></Activity><Activity><ID>BILXX0286430839</ID><Start>08/09/2013 11:21</Start><Type>3</Type><Code>70010</Code><Quantity>3</Quantity><Net>346.5</Net><Clinician>DHA-P-0251210</Clinician><Observation><Type>Text</Type><Code>Non-Standard-Code</Code><Value>RAD105</Value><ValueType>Other</ValueType></Observation><Observation><Type>Text</Type><Code>Description</Code><Value>X-RAY (PER VIEW)</Value><ValueType>Other</ValueType></Observation></Activity></Claim><Claim><ID>OPC-R-2013-046231</ID><MemberID>097110890042132701</MemberID><PayerID>INS089</PayerID><ProviderID>DHA-F-0000197</ProviderID><EmiratesIDNumber>999-9999-9999999-9</EmiratesIDNumber><Gross>252</Gross><PatientShare>0</PatientShare><Net>252</Net><Encounter><FacilityID>DHA-F-0000197</FacilityID><Type>1</Type><PatientID>0000190386</PatientID><Start>15/09/2013 11:03</Start><End>15/09/2013 11:03</End><StartType>1</StartType><EndType>1</EndType></Encounter><Diagnosis><Type>Principal</Type><Code>M75.50</Code></Diagnosis><Activity><ID>BILXX0294441383</ID><Start>15/09/2013 11:03</Start><Type>3</Type><Code>97010</Code><Quantity>1</Quantity><Net>252</Net><Clinician>DHA-P-0034872</Clinician><PriorAuthorizationID>S2815447</PriorAuthorizationID><Observation><Type>Text</Type><Code>Non-Standard-Code</Code><Value>PHY001</Value><ValueType>Other</ValueType></Observation><Observation><Type>Text</Type><Code>Description</Code><Value>30 MTS PHYSIOTHERAPY</Value><ValueType>Other</ValueType></Observation></Activity></Claim><Claim><ID>OPC-R-2013-044387</ID><MemberID>0971100890045368101</MemberID><PayerID>INS089</PayerID><ProviderID>DHA-F-0000197</ProviderID><EmiratesIDNumber>999-9999-9999999-9</EmiratesIDNumber><Gross>521.5</Gross><PatientShare>0</PatientShare><Net>521.5</Net><Encounter><FacilityID>DHA-F-0000197</FacilityID><Type>1</Type><PatientID>0001008651</PatientID><Start>02/09/2013 14:42</Start><End>02/09/2013 15:42</End><StartType>1</StartType><EndType>1</EndType></Encounter><Diagnosis><Type>Principal</Type><Code>S83.281A</Code></Diagnosis><Diagnosis><Type>Secondary</Type><Code>M25.561</Code></Diagnosis><Activity><ID>OPRXX0298931038</ID><Start>02/09/2013 14:42</Start><Type>8</Type><Code>10</Code><Quantity>1</Quantity><Net>290.5</Net><Clinician>DHA-P-0034872</Clinician><PriorAuthorizationID>275296</PriorAuthorizationID><Observation><Type>Text</Type><Code>Non-Standard-Code</Code><Value>DCF010</Value><ValueType>Other</ValueType></Observation><Observation><Type>Text</Type><Code>Description</Code><Value>SPECIALIST -NEW VISIT</Value><ValueType>Other</ValueType></Observation></Activity><Activity><ID>BILXX0280140839</ID><Start>02/09/2013 15:13</Start><Type>3</Type><Code>70010</Code><Quantity>2</Quantity><Net>231</Net><Clinician>DHA-P-0034872</Clinician><PriorAuthorizationID>275296</PriorAuthorizationID><Observation><Type>Text</Type><Code>Non-Standard-Code</Code><Value>RAD105</Value><ValueType>Other</ValueType></Observation><Observation><Type>Text</Type><Code>Description</Code><Value>X-RAY (PER VIEW)</Value><ValueType>Other</ValueType></Observation></Activity></Claim><Claim><ID>OPC-R-2013-046202</ID><MemberID>097110890038257602</MemberID><PayerID>INS089</PayerID><ProviderID>DHA-F-0000197</ProviderID><EmiratesIDNumber>999-9999-9999999-9</EmiratesIDNumber><Gross>1309</Gross><PatientShare>0</PatientShare><Net>1309</Net><Encounter><FacilityID>DHA-F-0000197</FacilityID><Type>1</Type><PatientID>0000204151</PatientID><Start>15/09/2013 08:43</Start><End>15/09/2013 08:43</End><StartType>1</StartType><EndType>1</EndType></Encounter><Diagnosis><Type>Principal</Type><Code>M25.562</Code></Diagnosis><Diagnosis><Type>Secondary</Type><Code>S83.282A</Code></Diagnosis><Activity><ID>BILXX0294280805</ID><Start>15/09/2013 08:43</Start><Type>3</Type><Code>70540</Code><Quantity>1</Quantity><Net>1309</Net><Clinician>DHA-P-0251210</Clinician><PriorAuthorizationID>272791</PriorAuthorizationID><Observation><Type>Text</Type><Code>Non-Standard-Code</Code><Value>RAD071</Value><ValueType>Other</ValueType></Observation><Observation><Type>Text</Type><Code>Description</Code><Value>MRI ONE PART</Value><ValueType>Other</ValueType></Observation></Activity></Claim><Claim><ID>OPC-R-2013-045593</ID><MemberID>097110890042132701</MemberID><PayerID>INS089</PayerID><ProviderID>DHA-F-0000197</ProviderID><EmiratesIDNumber>999-9999-9999999-9</EmiratesIDNumber><Gross>213.5</Gross><PatientShare>0</PatientShare><Net>213.5</Net><Encounter><FacilityID>DHA-F-0000197</FacilityID><Type>1</Type><PatientID>0000190386</PatientID><Start>10/09/2013 12:19</Start><End>10/09/2013 12:45</End><StartType>1</StartType><EndType>1</EndType></Encounter><Diagnosis><Type>Principal</Type><Code>M75.41</Code></Diagnosis><Diagnosis><Type>Secondary</Type><Code>M75.101</Code></Diagnosis><Activity><ID>OPRXX0308061039</ID><Start>10/09/2013 12:19</Start><Type>8</Type><Code>10</Code><Quantity>1</Quantity><Net>213.5</Net><Clinician>DHA-P-0005016</Clinician><Observation><Type>Text</Type><Code>Non-Standard-Code</Code><Value>DCF011</Value><ValueType>Other</ValueType></Observation><Observation><Type>Text</Type><Code>Description</Code><Value>SPECIALIST - REPEAT VISIT</Value><ValueType>Other</ValueType></Observation></Activity></Claim><Claim><ID>OPC-R-2013-045618</ID><MemberID>097110890042132701</MemberID><PayerID>INS089</PayerID><ProviderID>DHA-F-0000197</ProviderID><EmiratesIDNumber>999-9999-9999999-9</EmiratesIDNumber><Gross>252</Gross><PatientShare>0</PatientShare><Net>252</Net><Encounter><FacilityID>DHA-F-0000197</FacilityID><Type>1</Type><PatientID>0000190386</PatientID><Start>10/09/2013 14:40</Start><End>10/09/2013 14:40</End><StartType>1</StartType><EndType>1</EndType></Encounter><Diagnosis><Type>Principal</Type><Code>M25.511</Code></Diagnosis><Activity><ID>BILXX0289491383</ID><Start>10/09/2013 14:40</Start><Type>3</Type><Code>97010</Code><Quantity>1</Quantity><Net>252</Net><Clinician>DHA-P-0034872</Clinician><PriorAuthorizationID>S2815433</PriorAuthorizationID><Observation><Type>Text</Type><Code>Non-Standard-Code</Code><Value>PHY001</Value><ValueType>Other</ValueType></Observation><Observation><Type>Text</Type><Code>Description</Code><Value>30 MTS PHYSIOTHERAPY</Value><ValueType>Other</ValueType></Observation></Activity></Claim><Claim><ID>OPC-R-2013-045278</ID><MemberID>097110890042132701</MemberID><PayerID>INS089</PayerID><ProviderID>DHA-F-0000197</ProviderID><EmiratesIDNumber>999-9999-9999999-9</EmiratesIDNumber><Gross>252</Gross><PatientShare>0</PatientShare><Net>252</Net><Encounter><FacilityID>DHA-F-0000197</FacilityID><Type>1</Type><PatientID>0000190386</PatientID><Start>08/09/2013 15:37</Start><End>08/09/2013 15:37</End><StartType>1</StartType><EndType>1</EndType></Encounter><Diagnosis><Type>Principal</Type><Code>M25.511</Code></Diagnosis><Activity><ID>BILXX0286921383</ID><Start>08/09/2013 15:37</Start><Type>3</Type><Code>97010</Code><Quantity>1</Quantity><Net>252</Net><Clinician>DHA-P-0006681</Clinician><PriorAuthorizationID>S2815433</PriorAuthorizationID><Observation><Type>Text</Type><Code>Non-Standard-Code</Code><Value>PHY001</Value><ValueType>Other</ValueType></Observation><Observation><Type>Text</Type><Code>Description</Code><Value>30 MTS PHYSIOTHERAPY</Value><ValueType>Other</ValueType></Observation></Activity></Claim><Claim><ID>OPC-R-2013-045623</ID><MemberID>097110890042132701</MemberID><PayerID>INS089</PayerID><ProviderID>DHA-F-0000197</ProviderID><EmiratesIDNumber>999-9999-9999999-9</EmiratesIDNumber><Gross>290.5</Gross><PatientShare>0</PatientShare><Net>290.5</Net><Encounter><FacilityID>DHA-F-0000197</FacilityID><Type>1</Type><PatientID>0000190386</PatientID><Start>10/09/2013 15:15</Start><End>10/09/2013 15:16</End><StartType>1</StartType><EndType>1</EndType></Encounter><Diagnosis><Type>Principal</Type><Code>M75.01</Code></Diagnosis><Diagnosis><Type>Secondary</Type><Code>M75.51</Code></Diagnosis><Diagnosis><Type>Secondary</Type><Code>M25.511</Code></Diagnosis><Diagnosis><Type>Secondary</Type><Code>M25.611</Code></Diagnosis><Activity><ID>OPRXX0308301038</ID><Start>10/09/2013 15:15</Start><Type>8</Type><Code>10</Code><Quantity>1</Quantity><Net>290.5</Net><Clinician>DHA-P-0007891</Clinician><Observation><Type>Text</Type><Code>Non-Standard-Code</Code><Value>DCF010</Value><ValueType>Other</ValueType></Observation><Observation><Type>Text</Type><Code>Description</Code><Value>SPECIALIST -NEW VISIT</Value><ValueType>Other</ValueType></Observation></Activity></Claim><Claim><ID>OPC-R-2013-046326</ID><MemberID>097110890045645201</MemberID><PayerID>INS089</PayerID><ProviderID>DHA-F-0000197</ProviderID><EmiratesIDNumber>999-9999-9999999-9</EmiratesIDNumber><Gross>637</Gross><PatientShare>0</PatientShare><Net>637</Net><Encounter><FacilityID>DHA-F-0000197</FacilityID><Type>1</Type><PatientID>0000067336</PatientID><Start>15/09/2013 16:58</Start><End>15/09/2013 16:58</End><StartType>1</StartType><EndType>1</EndType></Encounter><Diagnosis><Type>Principal</Type><Code>M79.641</Code></Diagnosis><Activity><ID>OPRXX0313281038</ID><Start>15/09/2013 16:58</Start><Type>8</Type><Code>10</Code><Quantity>1</Quantity><Net>290.5</Net><Clinician>DHA-P-0034872</Clinician><Observation><Type>Text</Type><Code>Non-Standard-Code</Code><Value>DCF010</Value><ValueType>Other</ValueType></Observation><Observation><Type>Text</Type><Code>Description</Code><Value>SPECIALIST -NEW VISIT</Value><ValueType>Other</ValueType></Observation></Activity><Activity><ID>BILXX0295160839</ID><Start>15/09/2013 16:58</Start><Type>3</Type><Code>70010</Code><Quantity>3</Quantity><Net>346.5</Net><Clinician>DHA-P-0034872</Clinician><Observation><Type>Text</Type><Code>Non-Standard-Code</Code><Value>RAD105</Value><ValueType>Other</ValueType></Observation><Observation><Type>Text</Type><Code>Description</Code><Value>X-RAY (PER VIEW)</Value><ValueType>Other</ValueType></Observation></Activity></Claim><Claim><ID>PBL-R-2013-012785</ID><MemberID>097110890042132701</MemberID><PayerID>INS089</PayerID><ProviderID>DHA-F-0000197</ProviderID><EmiratesIDNumber>999-9999-9999999-9</EmiratesIDNumber><Gross>213.12</Gross><PatientShare>0</PatientShare><Net>213.12</Net><Encounter><FacilityID>DHA-F-0000197</FacilityID><Type>1</Type><PatientID>0000190386</PatientID><Start>10/09/2013 15:15</Start><End>10/09/2013 15:37</End><StartType>1</StartType><EndType>1</EndType></Encounter><Diagnosis><Type>Principal</Type><Code>M75.01</Code></Diagnosis><Diagnosis><Type>Secondary</Type><Code>M75.51</Code></Diagnosis><Diagnosis><Type>Secondary</Type><Code>M25.511</Code></Diagnosis><Diagnosis><Type>Secondary</Type><Code>M25.611</Code></Diagnosis><Activity><ID>PBLXX034403R130</ID><Start>10/09/2013 15:37</Start><Type>5</Type><Code>0077-258502-1171</Code><Quantity>80</Quantity><Net>48.96</Net><Clinician>DHA-P-0007891</Clinician><Observation><Type>Text</Type><Code>Non-Standard-Code</Code><Value>REPTB0</Value><ValueType>Other</ValueType></Observation><Observation><Type>Text</Type><Code>Description</Code><Value>REPARIL-DRAGEES 20MG TAB 40 S</Value><ValueType>Other</ValueType></Observation></Activity><Activity><ID>PBLXX0344031140</ID><Start>10/09/2013 15:37</Start><Type>5</Type><Code>0090-122303-0392</Code><Quantity>28</Quantity><Net>164.16</Net><Clinician>DHA-P-0007891</Clinician><Observation><Type>Text</Type><Code>Non-Standard-Code</Code><Value>ARCTB01</Value><ValueType>Other</ValueType></Observation><Observation><Type>Text</Type><Code>Description</Code><Value>ARCOXIA 90MG TAB 28 S</Value><ValueType>Other</ValueType></Observation></Activity></Claim><Claim><ID>PBL-R-2013-012972</ID><MemberID>097110890045645201</MemberID><PayerID>INS089</PayerID><ProviderID>DHA-F-0000197</ProviderID><EmiratesIDNumber>999-9999-9999999-9</EmiratesIDNumber><Gross>48.96</Gross><PatientShare>0</PatientShare><Net>48.96</Net><Encounter><FacilityID>DHA-F-0000197</FacilityID><Type>1</Type><PatientID>0000067336</PatientID><Start>15/09/2013 16:54</Start><End>15/09/2013 16:54</End><StartType>1</StartType><EndType>1</EndType></Encounter><Diagnosis><Type>Principal</Type><Code>M79.641</Code></Diagnosis><Activity><ID>PBLXX034914V322</ID><Start>15/09/2013 16:54</Start><Type>5</Type><Code>0027-378802-0433</Code><Quantity>1</Quantity><Net>48.96</Net><Clinician>DHA-P-0034872</Clinician><Observation><Type>Text</Type><Code>Non-Standard-Code</Code><Value>VLTRN</Value><ValueType>Other</ValueType></Observation><Observation><Type>Text</Type><Code>Description</Code><Value>VOLTAREN DISPENSER 75ML</Value><ValueType>Other</ValueType></Observation></Activity></Claim><Claim><ID>PBL-R-2013-012662</ID><MemberID>097110890046202902</MemberID><PayerID>INS089</PayerID><ProviderID>DHA-F-0000197</ProviderID><EmiratesIDNumber>999-9999-9999999-9</EmiratesIDNumber><Gross>123.12</Gross><PatientShare>0</PatientShare><Net>123.12</Net><Encounter><FacilityID>DHA-F-0000197</FacilityID><Type>1</Type><PatientID>0001008796</PatientID><Start>08/09/2013 12:15</Start><End>08/09/2013 12:15</End><StartType>1</StartType><EndType>1</EndType></Encounter><Diagnosis><Type>Principal</Type><Code>M22.42</Code></Diagnosis><Diagnosis><Type>Secondary</Type><Code>M67.52</Code></Diagnosis><Diagnosis><Type>Secondary</Type><Code>M67.88</Code></Diagnosis><Diagnosis><Type>Secondary</Type><Code>M25.562</Code></Diagnosis><Activity><ID>PBLXX0341181140</ID><Start>08/09/2013 12:15</Start><Type>5</Type><Code>0090-122303-0392</Code><Quantity>21</Quantity><Net>123.12</Net><Clinician>DHA-P-0251210</Clinician><Observation><Type>Text</Type><Code>Non-Standard-Code</Code><Value>ARCTB01</Value><ValueType>Other</ValueType></Observation><Observation><Type>Text</Type><Code>Description</Code><Value>ARCOXIA 90MG TAB 28 S</Value><ValueType>Other</ValueType></Observation></Activity></Claim><Claim><ID>PBL-R-2013-012775</ID><MemberID>097110890042132701</MemberID><PayerID>INS089</PayerID><ProviderID>DHA-F-0000197</ProviderID><EmiratesIDNumber>999-9999-9999999-9</EmiratesIDNumber><Gross>171.84</Gross><PatientShare>0</PatientShare><Net>171.84</Net><Encounter><FacilityID>DHA-F-0000197</FacilityID><Type>1</Type><PatientID>0000190386</PatientID><Start>10/09/2013 12:19</Start><End>10/09/2013 12:43</End><StartType>1</StartType><EndType>1</EndType></Encounter><Diagnosis><Type>Principal</Type><Code>M75.41</Code></Diagnosis><Diagnosis><Type>Secondary</Type><Code>M75.101</Code></Diagnosis><Activity><ID>PBLXX034386C343</ID><Start>10/09/2013 12:43</Start><Type>5</Type><Code>0186-143701-0062</Code><Quantity>30</Quantity><Net>171.84</Net><Clinician>DHA-P-0005016</Clinician><Observation><Type>Text</Type><Code>Non-Standard-Code</Code><Value>CELCP03</Value><ValueType>Other</ValueType></Observation><Observation><Type>Text</Type><Code>Description</Code><Value>CELEBREX 200MG CAP 30S</Value><ValueType>Other</ValueType></Observation></Activity></Claim></Claim.Submission>