<?xml version="1.0" encoding="US-ASCII"?><Claim.Submission xsi:noNamespaceSchemaLocation="http://www.haad.ae/DataDictionary/CommonTypes/ClaimSubmission.xsd" xmlns:tns="http://www.haad.ae/DataDictionary/CommonTypes" xmlns:xsi="http://www.w3.org/2001/XMLSchema-instance">
<Header>
<SenderID>MF464</SenderID>
<ReceiverID>C004</ReceiverID>
<TransactionDate>30/09/2013 13:48</TransactionDate>
<RecordCount>20</RecordCount>
<DispositionFlag>PRODUCTION</DispositionFlag>
</Header>
<Claim>
<ID>APM-951497</ID>
<IDPayer/>
<MemberID>097110330041676801</MemberID>
<PayerID>A020</PayerID>
<ProviderID>MF464</ProviderID>
<EmiratesIDNumber>000-0000-0000000-0</EmiratesIDNumber>
<Gross>288.1</Gross>
<PatientShare>50</PatientShare>
<Net>238.1</Net>
<Encounter>
<FacilityID>MF464</FacilityID>
<Type>1</Type>
<PatientID>63842/01</PatientID>
<Start>17/08/2013 00:00</Start>
<End>17/08/2013 00:00</End>
<StartType>1</StartType>
<EndType>1</EndType>
<TransferSource/>
<TransferDestination/>
</Encounter>
<Diagnosis>
<Type>Principal</Type>
<Code>372.10</Code>
</Diagnosis>
<Diagnosis>
<Type>Secondary</Type>
<Code>372.40</Code>
</Diagnosis>
<Diagnosis>
<Type>Secondary</Type>
<Code>372.51</Code>
</Diagnosis>
<Diagnosis>
<Type>Secondary</Type>
<Code>250.00</Code>
</Diagnosis>
<Diagnosis>
<Type>Secondary</Type>
<Code>375.15</Code>
</Diagnosis>
<Activity>
<ID>5135593</ID>
<Start>17/08/2013 00:00</Start>
<Type>5</Type>
<Code>2021-5237-001</Code>
<Quantity>1.0</Quantity>
<Net>69.0</Net>
<Clinician>D1975</Clinician>
<PriorAuthorizationID/>
</Activity>
<Activity>
<ID>5135594</ID>
<Start>17/08/2013 00:00</Start>
<Type>3</Type>
<Code>99201</Code>
<Quantity>1.0</Quantity>
<Net>81.1</Net>
<Clinician>D1975</Clinician>
<PriorAuthorizationID/>
</Activity>
<Activity>
<ID>5135595</ID>
<Start>17/08/2013 00:00</Start>
<Type>5</Type>
<Code>1253-3233-001</Code>
<Quantity>1.0</Quantity>
<Net>62.5</Net>
<Clinician>D1975</Clinician>
<PriorAuthorizationID/>
</Activity>
<Activity>
<ID>5135596</ID>
<Start>17/08/2013 00:00</Start>
<Type>5</Type>
<Code>2204-5344-002</Code>
<Quantity>1.0</Quantity>
<Net>14.5</Net>
<Clinician>D1975</Clinician>
<PriorAuthorizationID/>
</Activity>
<Activity>
<ID>5135597</ID>
<Start>17/08/2013 00:00</Start>
<Type>5</Type>
<Code>1252-4754-001</Code>
<Quantity>1.0</Quantity>
<Net>11.0</Net>
<Clinician>D1975</Clinician>
<PriorAuthorizationID/>
</Activity>
<Contract>
<PackageName>Salama-Mednet </PackageName>
</Contract>
</Claim>
<Claim>
<ID>APM-951501</ID>
<IDPayer/>
<MemberID>097110040035835201</MemberID>
<PayerID>@Orient</PayerID>
<ProviderID>MF464</ProviderID>
<EmiratesIDNumber>000-0000-0000000-0</EmiratesIDNumber>
<Gross>387.8</Gross>
<PatientShare>42.5</PatientShare>
<Net>345.3</Net>
<Encounter>
<FacilityID>MF464</FacilityID>
<Type>1</Type>
<PatientID>96893/01</PatientID>
<Start>18/08/2013 00:00</Start>
<End>18/08/2013 00:00</End>
<StartType>1</StartType>
<EndType>1</EndType>
<TransferSource/>
<TransferDestination/>
</Encounter>
<Diagnosis>
<Type>Principal</Type>
<Code>455.6</Code>
</Diagnosis>
<Diagnosis>
<Type>Secondary</Type>
<Code>564.00</Code>
</Diagnosis>
<Activity>
<ID>5135598</ID>
<Start>18/08/2013 00:00</Start>
<Type>3</Type>
<Code>99201</Code>
<Quantity>1.0</Quantity>
<Net>96.1</Net>
<Clinician>GD6642</Clinician>
<PriorAuthorizationID/>
</Activity>
<Activity>
<ID>5135599</ID>
<Start>18/08/2013 00:00</Start>
<Type>3</Type>
<Code>86140</Code>
<Quantity>1.0</Quantity>
<Net>43.7</Net>
<Clinician>GD6642</Clinician>
<PriorAuthorizationID/>
</Activity>
<Activity>
<ID>5135600</ID>
<Start>18/08/2013 00:00</Start>
<Type>3</Type>
<Code>87177</Code>
<Quantity>1.0</Quantity>
<Net>73.6</Net>
<Clinician>GD6642</Clinician>
<PriorAuthorizationID/>
</Activity>
<Activity>
<ID>5135601</ID>
<Start>18/08/2013 00:00</Start>
<Type>3</Type>
<Code>85025</Code>
<Quantity>1.0</Quantity>
<Net>64.4</Net>
<Clinician>GD6642</Clinician>
<PriorAuthorizationID/>
</Activity>
<Activity>
<ID>5135602</ID>
<Start>18/08/2013 00:00</Start>
<Type>5</Type>
<Code>1552-3628-002</Code>
<Quantity>3.0</Quantity>
<Net>67.5</Net>
<Clinician>GD6642</Clinician>
<PriorAuthorizationID/>
</Activity>
<Contract>
<PackageName>Orient - Mednet</PackageName>
</Contract>
</Claim>
<Claim>
<ID>APM-951505</ID>
<IDPayer/>
<MemberID>097110170008698002</MemberID>
<PayerID>A019</PayerID>
<ProviderID>MF464</ProviderID>
<EmiratesIDNumber>000-0000-0000000-0</EmiratesIDNumber>
<Gross>128.8</Gross>
<PatientShare>50</PatientShare>
<Net>78.8</Net>
<Encounter>
<FacilityID>MF464</FacilityID>
<Type>1</Type>
<PatientID>30108/01</PatientID>
<Start>18/08/2013 00:00</Start>
<End>18/08/2013 00:00</End>
<StartType>1</StartType>
<EndType>1</EndType>
<TransferSource/>
<TransferDestination/>
</Encounter>
<Diagnosis>
<Type>Principal</Type>
<Code>401.1</Code>
</Diagnosis>
<Diagnosis>
<Type>Secondary</Type>
<Code>724.2</Code>
</Diagnosis>
<Activity>
<ID>5135606</ID>
<Start>18/08/2013 00:00</Start>
<Type>3</Type>
<Code>99212</Code>
<Quantity>1.0</Quantity>
<Net>78.8</Net>
<Clinician>D3344</Clinician>
<PriorAuthorizationID/>
</Activity>
<Contract>
<PackageName>Arabia Insurance - MedNet</PackageName>
</Contract>
</Claim>
<Claim>
<ID>APM-951507</ID>
<IDPayer/>
<MemberID>097110040031785601</MemberID>
<PayerID>@Orient</PayerID>
<ProviderID>MF464</ProviderID>
<EmiratesIDNumber>000-0000-0000000-0</EmiratesIDNumber>
<Gross>968.3</Gross>
<PatientShare>0</PatientShare>
<Net>968.3</Net>
<Encounter>
<FacilityID>MF464</FacilityID>
<Type>1</Type>
<PatientID>96623/01</PatientID>
<Start>20/08/2013 00:00</Start>
<End>20/08/2013 00:00</End>
<StartType>1</StartType>
<EndType>1</EndType>
<TransferSource/>
<TransferDestination/>
</Encounter>
<Diagnosis>
<Type>Principal</Type>
<Code>478.0</Code>
</Diagnosis>
<Diagnosis>
<Type>Secondary</Type>
<Code>470</Code>
</Diagnosis>
<Activity>
<ID>5135607</ID>
<Start>20/08/2013 00:00</Start>
<Type>3</Type>
<Code>31231</Code>
<Quantity>1.0</Quantity>
<Net>968.3</Net>
<Clinician>GD15704</Clinician>
<PriorAuthorizationID>272379</PriorAuthorizationID>
</Activity>
<Contract>
<PackageName>Orient - Mednet</PackageName>
</Contract>
</Claim>
<Claim>
<ID>APM-951509</ID>
<IDPayer/>
<MemberID>097110040022567701</MemberID>
<PayerID>A012</PayerID>
<ProviderID>MF464</ProviderID>
<EmiratesIDNumber>000-0000-0000000-0</EmiratesIDNumber>
<Gross>285.3</Gross>
<PatientShare>50.65</PatientShare>
<Net>234.65</Net>
<Encounter>
<FacilityID>MF464</FacilityID>
<Type>1</Type>
<PatientID>96656/01</PatientID>
<Start>20/08/2013 00:00</Start>
<End>20/08/2013 00:00</End>
<StartType>1</StartType>
<EndType>1</EndType>
<TransferSource/>
<TransferDestination/>
</Encounter>
<Diagnosis>
<Type>Principal</Type>
<Code>592.0</Code>
</Diagnosis>
<Diagnosis>
<Type>Secondary</Type>
<Code>788.0</Code>
</Diagnosis>
<Diagnosis>
<Type>Secondary</Type>
<Code>788.1</Code>
</Diagnosis>
<Diagnosis>
<Type>Secondary</Type>
<Code>788.61</Code>
</Diagnosis>
<Diagnosis>
<Type>Secondary</Type>
<Code>788.41</Code>
</Diagnosis>
<Diagnosis>
<Type>Secondary</Type>
<Code>788.43</Code>
</Diagnosis>
<Diagnosis>
<Type>Secondary</Type>
<Code>788.63</Code>
</Diagnosis>
<Diagnosis>
<Type>Secondary</Type>
<Code>788.65</Code>
</Diagnosis>
<Diagnosis>
<Type>Secondary</Type>
<Code>787.3</Code>
</Diagnosis>
<Activity>
<ID>5135612</ID>
<Start>20/08/2013 00:00</Start>
<Type>3</Type>
<Code>99212</Code>
<Quantity>1.0</Quantity>
<Net>93.8</Net>
<Clinician>D3713</Clinician>
<PriorAuthorizationID/>
</Activity>
<Activity>
<ID>5135613</ID>
<Start>20/08/2013 00:00</Start>
<Type>5</Type>
<Code>1562-4494-002</Code>
<Quantity>1.0</Quantity>
<Net>21.6</Net>
<Clinician>D3713</Clinician>
<PriorAuthorizationID/>
</Activity>
<Activity>
<ID>5135614</ID>
<Start>20/08/2013 00:00</Start>
<Type>5</Type>
<Code>1641-6263-001</Code>
<Quantity>1.0</Quantity>
<Net>119.25</Net>
<Clinician>D3713</Clinician>
<PriorAuthorizationID/>
</Activity>
<Contract>
<PackageName>Arab Orient - MedNet</PackageName>
</Contract>
</Claim>
<Claim>
<ID>APM-951511</ID>
<IDPayer/>
<MemberID>097110030038138301</MemberID>
<PayerID>A009</PayerID>
<ProviderID>MF464</ProviderID>
<EmiratesIDNumber>000-0000-0000000-0</EmiratesIDNumber>
<Gross>1442.2</Gross>
<PatientShare>312.68</PatientShare>
<Net>1129.52</Net>
<Encounter>
<FacilityID>MF464</FacilityID>
<Type>1</Type>
<PatientID>87804/01</PatientID>
<Start>22/08/2013 00:00</Start>
<End>22/08/2013 00:00</End>
<StartType>1</StartType>
<EndType>1</EndType>
<TransferSource/>
<TransferDestination/>
</Encounter>
<Diagnosis>
<Type>Principal</Type>
<Code>250.00</Code>
</Diagnosis>
<Diagnosis>
<Type>Secondary</Type>
<Code>272.4</Code>
</Diagnosis>
<Diagnosis>
<Type>Secondary</Type>
<Code>401.1</Code>
</Diagnosis>
<Diagnosis>
<Type>Secondary</Type>
<Code>573.9</Code>
</Diagnosis>
<Activity>
<ID>5135622</ID>
<Start>22/08/2013 00:00</Start>
<Type>3</Type>
<Code>99212</Code>
<Quantity>1.0</Quantity>
<Net>78.8</Net>
<Clinician>GD11341</Clinician>
<PriorAuthorizationID>273125</PriorAuthorizationID>
</Activity>
<Activity>
<ID>5135623</ID>
<Start>22/08/2013 00:00</Start>
<Type>5</Type>
<Code>1279-1277-002</Code>
<Quantity>2.0</Quantity>
<Net>227.2</Net>
<Clinician>GD11341</Clinician>
<PriorAuthorizationID>273125</PriorAuthorizationID>
</Activity>
<Activity>
<ID>5135624</ID>
<Start>22/08/2013 00:00</Start>
<Type>5</Type>
<Code>1752-2821-002</Code>
<Quantity>2.0</Quantity>
<Net>64.8</Net>
<Clinician>GD11341</Clinician>
<PriorAuthorizationID>273125</PriorAuthorizationID>
</Activity>
<Activity>
<ID>5135625</ID>
<Start>22/08/2013 00:00</Start>
<Type>5</Type>
<Code>1531-4675-001</Code>
<Quantity>2.0</Quantity>
<Net>472.0</Net>
<Clinician>GD11341</Clinician>
<PriorAuthorizationID>273125</PriorAuthorizationID>
</Activity>
<Activity>
<ID>5135626</ID>
<Start>22/08/2013 00:00</Start>
<Type>5</Type>
<Code>2319-2822-008</Code>
<Quantity>2.0</Quantity>
<Net>258.4</Net>
<Clinician>GD11341</Clinician>
<PriorAuthorizationID>273125</PriorAuthorizationID>
</Activity>
<Activity>
<ID>5135627</ID>
<Start>22/08/2013 00:00</Start>
<Type>5</Type>
<Code>2250-1271-003</Code>
<Quantity>60.0</Quantity>
<Net>28.32</Net>
<Clinician>GD11341</Clinician>
<PriorAuthorizationID>273125</PriorAuthorizationID>
</Activity>
<Contract>
<PackageName>RAK - MedNet</PackageName>
</Contract>
</Claim>
<Claim>
<ID>APM-951514</ID>
<IDPayer/>
<MemberID>097110040018417101</MemberID>
<PayerID>@Orient</PayerID>
<ProviderID>MF464</ProviderID>
<EmiratesIDNumber>000-0000-0000000-0</EmiratesIDNumber>
<Gross>298.8</Gross>
<PatientShare>52</PatientShare>
<Net>246.8</Net>
<Encounter>
<FacilityID>MF464</FacilityID>
<Type>1</Type>
<PatientID>96471/01</PatientID>
<Start>22/08/2013 00:00</Start>
<End>22/08/2013 00:00</End>
<StartType>1</StartType>
<EndType>1</EndType>
<TransferSource/>
<TransferDestination/>
</Encounter>
<Diagnosis>
<Type>Principal</Type>
<Code>697.0</Code>
</Diagnosis>
<Activity>
<ID>5135634</ID>
<Start>22/08/2013 00:00</Start>
<Type>3</Type>
<Code>99212</Code>
<Quantity>1.0</Quantity>
<Net>93.8</Net>
<Clinician>D1578</Clinician>
<PriorAuthorizationID/>
</Activity>
<Activity>
<ID>5135635</ID>
<Start>22/08/2013 00:00</Start>
<Type>5</Type>
<Code>1714-1279-004</Code>
<Quantity>2.0</Quantity>
<Net>10.8</Net>
<Clinician>D1578</Clinician>
<PriorAuthorizationID/>
</Activity>
<Activity>
<ID>5135636</ID>
<Start>22/08/2013 00:00</Start>
<Type>5</Type>
<Code>1635-4157-004</Code>
<Quantity>2.0</Quantity>
<Net>61.2</Net>
<Clinician>D1578</Clinician>
<PriorAuthorizationID/>
</Activity>
<Activity>
<ID>5135637</ID>
<Start>22/08/2013 00:00</Start>
<Type>5</Type>
<Code>1973-1331-003</Code>
<Quantity>3.0</Quantity>
<Net>81.0</Net>
<Clinician>D1578</Clinician>
<PriorAuthorizationID/>
</Activity>
<Contract>
<PackageName>Orient - Mednet</PackageName>
</Contract>
</Claim>
<Claim>
<ID>APM-951515</ID>
<IDPayer/>
<MemberID>097110040023198601</MemberID>
<PayerID>@Orient</PayerID>
<ProviderID>MF464</ProviderID>
<EmiratesIDNumber>000-0000-0000000-0</EmiratesIDNumber>
<Gross>244.4</Gross>
<PatientShare>39.2</PatientShare>
<Net>205.2</Net>
<Encounter>
<FacilityID>MF464</FacilityID>
<Type>2</Type>
<PatientID>96734/01</PatientID>
<Start>22/08/2013 00:00</Start>
<End>22/08/2013 00:00</End>
<StartType>2</StartType>
<EndType>1</EndType>
<TransferSource/>
<TransferDestination/>
</Encounter>
<Diagnosis>
<Type>Principal</Type>
<Code>780.60</Code>
</Diagnosis>
<Diagnosis>
<Type>Secondary</Type>
<Code>786.07</Code>
</Diagnosis>
<Diagnosis>
<Type>Secondary</Type>
<Code>465.9</Code>
</Diagnosis>
<Diagnosis>
<Type>Secondary</Type>
<Code>786.2</Code>
</Diagnosis>
<Diagnosis>
<Type>Secondary</Type>
<Code>780.96</Code>
</Diagnosis>
<Activity>
<ID>5135648</ID>
<Start>22/08/2013 00:00</Start>
<Type>5</Type>
<Code>2209-6110-002</Code>
<Quantity>1.0</Quantity>
<Net>9.45</Net>
<Clinician>GD10310</Clinician>
<PriorAuthorizationID/>
</Activity>
<Activity>
<ID>5135649</ID>
<Start>22/08/2013 00:00</Start>
<Type>3</Type>
<Code>94640</Code>
<Quantity>1.0</Quantity>
<Net>73.6</Net>
<Clinician>GD10310</Clinician>
<PriorAuthorizationID/>
</Activity>
<Activity>
<ID>5135650</ID>
<Start>22/08/2013 00:00</Start>
<Type>5</Type>
<Code>1552-3971-001</Code>
<Quantity>1.0</Quantity>
<Net>22.5</Net>
<Clinician>GD10310</Clinician>
<PriorAuthorizationID/>
</Activity>
<Activity>
<ID>5135651</ID>
<Start>22/08/2013 00:00</Start>
<Type>5</Type>
<Code>1622-4532-001</Code>
<Quantity>10.0</Quantity>
<Net>5.85</Net>
<Clinician>GD10310</Clinician>
<PriorAuthorizationID/>
</Activity>
<Activity>
<ID>5135652</ID>
<Start>22/08/2013 00:00</Start>
<Type>3</Type>
<Code>99282</Code>
<Quantity>1.0</Quantity>
<Net>93.8</Net>
<Clinician>GD10310</Clinician>
<PriorAuthorizationID/>
</Activity>
<Contract>
<PackageName>Orient - Mednet</PackageName>
</Contract>
</Claim>
<Claim>
<ID>APM-951519</ID>
<IDPayer/>
<MemberID>097110040017789101</MemberID>
<PayerID>@Orient</PayerID>
<ProviderID>MF464</ProviderID>
<EmiratesIDNumber>000-0000-0000000-0</EmiratesIDNumber>
<Gross>216.3</Gross>
<PatientShare>39.15</PatientShare>
<Net>177.15</Net>
<Encounter>
<FacilityID>MF464</FacilityID>
<Type>2</Type>
<PatientID>49300/01</PatientID>
<Start>24/08/2013 00:00</Start>
<End>24/08/2013 00:00</End>
<StartType>2</StartType>
<EndType>1</EndType>
<TransferSource/>
<TransferDestination/>
</Encounter>
<Diagnosis>
<Type>Principal</Type>
<Code>883.0</Code>
</Diagnosis>
<Activity>
<ID>5135662</ID>
<Start>24/08/2013 00:00</Start>
<Type>5</Type>
<Code>1497-2305-002</Code>
<Quantity>1.0</Quantity>
<Net>37.35</Net>
<Clinician>GD15943</Clinician>
<PriorAuthorizationID/>
</Activity>
<Activity>
<ID>5135663</ID>
<Start>24/08/2013 00:00</Start>
<Type>5</Type>
<Code>2203-6216-001</Code>
<Quantity>1.0</Quantity>
<Net>0.0</Net>
<Clinician>GD15943</Clinician>
<PriorAuthorizationID/>
</Activity>
<Activity>
<ID>5135664</ID>
<Start>24/08/2013 00:00</Start>
<Type>3</Type>
<Code>96372</Code>
<Quantity>1.0</Quantity>
<Net>46.0</Net>
<Clinician>GD15943</Clinician>
<PriorAuthorizationID/>
</Activity>
<Activity>
<ID>5135665</ID>
<Start>24/08/2013 00:00</Start>
<Type>3</Type>
<Code>99282</Code>
<Quantity>1.0</Quantity>
<Net>93.8</Net>
<Clinician>GD15943</Clinician>
<PriorAuthorizationID/>
</Activity>
<Contract>
<PackageName>Orient - Mednet</PackageName>
</Contract>
</Claim>
<Claim>
<ID>APM-951520</ID>
<IDPayer/>
<MemberID>097110040017888101</MemberID>
<PayerID>@Orient</PayerID>
<ProviderID>MF464</ProviderID>
<EmiratesIDNumber>000-0000-0000000-0</EmiratesIDNumber>
<Gross>185.6</Gross>
<PatientShare>36.08</PatientShare>
<Net>149.52</Net>
<Encounter>
<FacilityID>MF464</FacilityID>
<Type>2</Type>
<PatientID>53893/01</PatientID>
<Start>24/08/2013 00:00</Start>
<End>24/08/2013 00:00</End>
<StartType>2</StartType>
<EndType>1</EndType>
<TransferSource/>
<TransferDestination/>
</Encounter>
<Diagnosis>
<Type>Principal</Type>
<Code>462</Code>
</Diagnosis>
<Diagnosis>
<Type>Secondary</Type>
<Code>460</Code>
</Diagnosis>
<Activity>
<ID>5135671</ID>
<Start>24/08/2013 00:00</Start>
<Type>5</Type>
<Code>1556-4476-009</Code>
<Quantity>1.0</Quantity>
<Net>9.72</Net>
<Clinician>GD15943</Clinician>
<PriorAuthorizationID/>
</Activity>
<Activity>
<ID>5135672</ID>
<Start>24/08/2013 00:00</Start>
<Type>3</Type>
<Code>96372</Code>
<Quantity>1.0</Quantity>
<Net>46.0</Net>
<Clinician>GD15943</Clinician>
<PriorAuthorizationID/>
</Activity>
<Activity>
<ID>5135673</ID>
<Start>24/08/2013 00:00</Start>
<Type>3</Type>
<Code>99282</Code>
<Quantity>1.0</Quantity>
<Net>93.8</Net>
<Clinician>GD15943</Clinician>
<PriorAuthorizationID/>
</Activity>
<Contract>
<PackageName>Orient - Mednet</PackageName>
</Contract>
</Claim>
<Claim>
<ID>APM-951521</ID>
<IDPayer/>
<MemberID>097110040027117401</MemberID>
<PayerID>@Orient</PayerID>
<ProviderID>MF464</ProviderID>
<EmiratesIDNumber>000-0000-0000000-0</EmiratesIDNumber>
<Gross>128.8</Gross>
<PatientShare>35</PatientShare>
<Net>93.8</Net>
<Encounter>
<FacilityID>MF464</FacilityID>
<Type>1</Type>
<PatientID>83251/01</PatientID>
<Start>26/08/2013 00:00</Start>
<End>26/08/2013 00:00</End>
<StartType>1</StartType>
<EndType>1</EndType>
<TransferSource/>
<TransferDestination/>
</Encounter>
<Diagnosis>
<Type>Principal</Type>
<Code>401.1</Code>
</Diagnosis>
<Diagnosis>
<Type>Secondary</Type>
<Code>411.89</Code>
</Diagnosis>
<Diagnosis>
<Type>Secondary</Type>
<Code>272.4</Code>
</Diagnosis>
<Activity>
<ID>5135674</ID>
<Start>26/08/2013 00:00</Start>
<Type>3</Type>
<Code>99212</Code>
<Quantity>1.0</Quantity>
<Net>93.8</Net>
<Clinician>D3344</Clinician>
<PriorAuthorizationID/>
</Activity>
<Contract>
<PackageName>Orient - Mednet</PackageName>
</Contract>
</Claim>
<Claim>
<ID>APM-951522</ID>
<IDPayer/>
<MemberID>097110330041676801</MemberID>
<PayerID>A020</PayerID>
<ProviderID>MF464</ProviderID>
<EmiratesIDNumber>000-0000-0000000-0</EmiratesIDNumber>
<Gross>155.3</Gross>
<PatientShare>50</PatientShare>
<Net>105.3</Net>
<Encounter>
<FacilityID>MF464</FacilityID>
<Type>1</Type>
<PatientID>63842/01</PatientID>
<Start>27/08/2013 00:00</Start>
<End>27/08/2013 00:00</End>
<StartType>1</StartType>
<EndType>1</EndType>
<TransferSource/>
<TransferDestination/>
</Encounter>
<Diagnosis>
<Type>Principal</Type>
<Code>381.81</Code>
</Diagnosis>
<Activity>
<ID>5135682</ID>
<Start>27/08/2013 00:00</Start>
<Type>3</Type>
<Code>99212</Code>
<Quantity>1.0</Quantity>
<Net>78.8</Net>
<Clinician>GD15704</Clinician>
<PriorAuthorizationID/>
</Activity>
<Activity>
<ID>5135683</ID>
<Start>27/08/2013 00:00</Start>
<Type>5</Type>
<Code>1635-4157-003</Code>
<Quantity>1.0</Quantity>
<Net>26.5</Net>
<Clinician>GD15704</Clinician>
<PriorAuthorizationID/>
</Activity>
<Contract>
<PackageName>Salama-Mednet </PackageName>
</Contract>
</Claim>
<Claim>
<ID>APM-951523</ID>
<IDPayer/>
<MemberID>097110330037774502</MemberID>
<PayerID>A020</PayerID>
<ProviderID>MF464</ProviderID>
<EmiratesIDNumber>000-0000-0000000-0</EmiratesIDNumber>
<Gross>64.4</Gross>
<PatientShare>50</PatientShare>
<Net>14.4</Net>
<Encounter>
<FacilityID>MF464</FacilityID>
<Type>2</Type>
<PatientID>69026/01</PatientID>
<Start>27/08/2013 00:00</Start>
<End>27/08/2013 00:00</End>
<StartType>2</StartType>
<EndType>1</EndType>
<TransferSource/>
<TransferDestination/>
</Encounter>
<Diagnosis>
<Type>Principal</Type>
<Code>592.1</Code>
</Diagnosis>
<Diagnosis>
<Type>Secondary</Type>
<Code>590.10</Code>
</Diagnosis>
<Diagnosis>
<Type>Secondary</Type>
<Code>541</Code>
</Diagnosis>
<Activity>
<ID>5135684</ID>
<Start>27/08/2013 00:00</Start>
<Type>3</Type>
<Code>99281</Code>
<Quantity>1.0</Quantity>
<Net>14.4</Net>
<Clinician>GD7672</Clinician>
<PriorAuthorizationID/>
</Activity>
<Contract>
<PackageName>Salama-Mednet </PackageName>
</Contract>
</Claim>
<Claim>
<ID>APM-951524</ID>
<IDPayer/>
<MemberID>097110330037774502</MemberID>
<PayerID>A020</PayerID>
<ProviderID>MF464</ProviderID>
<EmiratesIDNumber>000-0000-0000000-0</EmiratesIDNumber>
<Gross>1320.2</Gross>
<PatientShare>50</PatientShare>
<Net>1270.2</Net>
<Encounter>
<FacilityID>MF464</FacilityID>
<Type>1</Type>
<PatientID>69026/01</PatientID>
<Start>27/08/2013 00:00</Start>
<End>27/08/2013 00:00</End>
<StartType>1</StartType>
<EndType>1</EndType>
<TransferSource/>
<TransferDestination/>
</Encounter>
<Diagnosis>
<Type>Principal</Type>
<Code>595.0</Code>
</Diagnosis>
<Diagnosis>
<Type>Secondary</Type>
<Code>788.41</Code>
</Diagnosis>
<Diagnosis>
<Type>Secondary</Type>
<Code>788.63</Code>
</Diagnosis>
<Diagnosis>
<Type>Secondary</Type>
<Code>788.64</Code>
</Diagnosis>
<Diagnosis>
<Type>Secondary</Type>
<Code>788.0</Code>
</Diagnosis>
<Diagnosis>
<Type>Secondary</Type>
<Code>788.1</Code>
</Diagnosis>
<Activity>
<ID>5135701</ID>
<Start>27/08/2013 00:00</Start>
<Type>3</Type>
<Code>76856</Code>
<Quantity>1.0</Quantity>
<Net>593.4</Net>
<Clinician>D3713</Clinician>
<PriorAuthorizationID/>
</Activity>
<Activity>
<ID>5135702</ID>
<Start>27/08/2013 00:00</Start>
<Type>3</Type>
<Code>99213</Code>
<Quantity>1.0</Quantity>
<Net>168.5</Net>
<Clinician>D3713</Clinician>
<PriorAuthorizationID/>
</Activity>
<Activity>
<ID>5135703</ID>
<Start>27/08/2013 00:00</Start>
<Type>3</Type>
<Code>76775</Code>
<Quantity>1.0</Quantity>
<Net>508.3</Net>
<Clinician>D3713</Clinician>
<PriorAuthorizationID/>
</Activity>
<Contract>
<PackageName>Salama-Mednet </PackageName>
</Contract>
</Claim>
<Claim>
<ID>APM-951526</ID>
<IDPayer/>
<MemberID>097110330041677902</MemberID>
<PayerID>A020</PayerID>
<ProviderID>MF464</ProviderID>
<EmiratesIDNumber>000-0000-0000000-0</EmiratesIDNumber>
<Gross>202.8</Gross>
<PatientShare>50</PatientShare>
<Net>152.8</Net>
<Encounter>
<FacilityID>MF464</FacilityID>
<Type>1</Type>
<PatientID>49002/01</PatientID>
<Start>28/08/2013 00:00</Start>
<End>28/08/2013 00:00</End>
<StartType>1</StartType>
<EndType>1</EndType>
<TransferSource/>
<TransferDestination/>
</Encounter>
<Diagnosis>
<Type>Principal</Type>
<Code>719.46</Code>
</Diagnosis>
<Activity>
<ID>5135710</ID>
<Start>28/08/2013 00:00</Start>
<Type>3</Type>
<Code>99212</Code>
<Quantity>1.0</Quantity>
<Net>78.8</Net>
<Clinician>GD8060</Clinician>
<PriorAuthorizationID/>
</Activity>
<Activity>
<ID>5135711</ID>
<Start>28/08/2013 00:00</Start>
<Type>5</Type>
<Code>1556-4477-001</Code>
<Quantity>1.0</Quantity>
<Net>74.0</Net>
<Clinician>GD8060</Clinician>
<PriorAuthorizationID/>
</Activity>
<Contract>
<PackageName>Salama-Mednet </PackageName>
</Contract>
</Claim>
<Claim>
<ID>APM-951527</ID>
<IDPayer/>
<MemberID>097110330037774502</MemberID>
<PayerID>A020</PayerID>
<ProviderID>MF464</ProviderID>
<EmiratesIDNumber>000-0000-0000000-0</EmiratesIDNumber>
<Gross>15</Gross>
<PatientShare>3</PatientShare>
<Net>12</Net>
<Encounter>
<FacilityID>MF464</FacilityID>
<Type>1</Type>
<PatientID>69026/01</PatientID>
<Start>28/08/2013 00:00</Start>
<End>28/08/2013 00:00</End>
<StartType>1</StartType>
<EndType>1</EndType>
<TransferSource/>
<TransferDestination/>
</Encounter>
<Diagnosis>
<Type>Principal</Type>
<Code>595.0</Code>
</Diagnosis>
<Diagnosis>
<Type>Secondary</Type>
<Code>788.41</Code>
</Diagnosis>
<Diagnosis>
<Type>Secondary</Type>
<Code>788.63</Code>
</Diagnosis>
<Diagnosis>
<Type>Secondary</Type>
<Code>788.64</Code>
</Diagnosis>
<Diagnosis>
<Type>Secondary</Type>
<Code>788.0</Code>
</Diagnosis>
<Diagnosis>
<Type>Secondary</Type>
<Code>788.1</Code>
</Diagnosis>
<Activity>
<ID>5135719</ID>
<Start>28/08/2013 00:00</Start>
<Type>5</Type>
<Code>1550-4038-002</Code>
<Quantity>1.0</Quantity>
<Net>12.0</Net>
<Clinician>D3713</Clinician>
<PriorAuthorizationID/>
</Activity>
<Contract>
<PackageName>Salama-Mednet </PackageName>
</Contract>
</Claim>
<Claim>
<ID>APM-951528</ID>
<IDPayer/>
<MemberID>097110330037774502</MemberID>
<PayerID>A020</PayerID>
<ProviderID>MF464</ProviderID>
<EmiratesIDNumber>000-0000-0000000-0</EmiratesIDNumber>
<Gross>547.4</Gross>
<PatientShare>0</PatientShare>
<Net>547.4</Net>
<Encounter>
<FacilityID>MF464</FacilityID>
<Type>1</Type>
<PatientID>69026/01</PatientID>
<Start>28/08/2013 00:00</Start>
<End>28/08/2013 00:00</End>
<StartType>1</StartType>
<EndType>1</EndType>
<TransferSource/>
<TransferDestination/>
</Encounter>
<Diagnosis>
<Type>Principal</Type>
<Code>595.0</Code>
</Diagnosis>
<Diagnosis>
<Type>Secondary</Type>
<Code>788.41</Code>
</Diagnosis>
<Diagnosis>
<Type>Secondary</Type>
<Code>788.63</Code>
</Diagnosis>
<Diagnosis>
<Type>Secondary</Type>
<Code>788.64</Code>
</Diagnosis>
<Diagnosis>
<Type>Secondary</Type>
<Code>788.0</Code>
</Diagnosis>
<Diagnosis>
<Type>Secondary</Type>
<Code>788.1</Code>
</Diagnosis>
<Activity>
<ID>5135720</ID>
<Start>28/08/2013 00:00</Start>
<Type>3</Type>
<Code>51798</Code>
<Quantity>1.0</Quantity>
<Net>142.6</Net>
<Clinician>D3713</Clinician>
<PriorAuthorizationID/>
</Activity>
<Activity>
<ID>5135721</ID>
<Start>28/08/2013 00:00</Start>
<Type>3</Type>
<Code>51741</Code>
<Quantity>1.0</Quantity>
<Net>404.8</Net>
<Clinician>D3713</Clinician>
<PriorAuthorizationID/>
</Activity>
<Contract>
<PackageName>Salama-Mednet </PackageName>
</Contract>
</Claim>
<Claim>
<ID>APM-951532</ID>
<IDPayer/>
<MemberID>09711004004081801</MemberID>
<PayerID>@Orient</PayerID>
<ProviderID>MF464</ProviderID>
<EmiratesIDNumber>000-0000-0000000-0</EmiratesIDNumber>
<Gross>64.4</Gross>
<PatientShare>35</PatientShare>
<Net>29.4</Net>
<Encounter>
<FacilityID>MF464</FacilityID>
<Type>2</Type>
<PatientID>93555/02</PatientID>
<Start>30/08/2013 00:00</Start>
<End>30/08/2013 00:00</End>
<StartType>2</StartType>
<EndType>1</EndType>
<TransferSource/>
<TransferDestination/>
</Encounter>
<Diagnosis>
<Type>Principal</Type>
<Code>724.5</Code>
</Diagnosis>
<Diagnosis>
<Type>Secondary</Type>
<Code>847.9</Code>
</Diagnosis>
<Activity>
<ID>5135750</ID>
<Start>30/08/2013 00:00</Start>
<Type>3</Type>
<Code>99281</Code>
<Quantity>1.0</Quantity>
<Net>29.4</Net>
<Clinician>GD15945</Clinician>
<PriorAuthorizationID/>
</Activity>
<Contract>
<PackageName>Orient - Mednet</PackageName>
</Contract>
</Claim>
<Claim>
<ID>APM-951533</ID>
<IDPayer/>
<MemberID>097110040040818001</MemberID>
<PayerID>@Orient</PayerID>
<ProviderID>MF464</ProviderID>
<EmiratesIDNumber>000-0000-0000000-0</EmiratesIDNumber>
<Gross>64</Gross>
<PatientShare>6.4</PatientShare>
<Net>57.6</Net>
<Encounter>
<FacilityID>MF464</FacilityID>
<Type>2</Type>
<PatientID>93555/02</PatientID>
<Start>31/08/2013 00:00</Start>
<End>31/08/2013 00:00</End>
<StartType>2</StartType>
<EndType>1</EndType>
<TransferSource/>
<TransferDestination/>
</Encounter>
<Diagnosis>
<Type>Principal</Type>
<Code>724.5</Code>
</Diagnosis>
<Diagnosis>
<Type>Secondary</Type>
<Code>847.9</Code>
</Diagnosis>
<Activity>
<ID>5135751</ID>
<Start>31/08/2013 00:00</Start>
<Type>5</Type>
<Code>1556-4476-016</Code>
<Quantity>1.0</Quantity>
<Net>45.9</Net>
<Clinician>GD15945</Clinician>
<PriorAuthorizationID/>
</Activity>
<Activity>
<ID>5135752</ID>
<Start>31/08/2013 00:00</Start>
<Type>5</Type>
<Code>1472-1064-002</Code>
<Quantity>1.0</Quantity>
<Net>11.7</Net>
<Clinician>GD15945</Clinician>
<PriorAuthorizationID/>
</Activity>
<Contract>
<PackageName>Orient - Mednet</PackageName>
</Contract>
</Claim>
<Claim>
<ID>APM-966462</ID>
<IDPayer/>
<MemberID>097110040043548901</MemberID>
<PayerID>A012</PayerID>
<ProviderID>MF464</ProviderID>
<EmiratesIDNumber>000-0000-0000000-0</EmiratesIDNumber>
<Gross>697.3</Gross>
<PatientShare>50</PatientShare>
<Net>647.3</Net>
<Encounter>
<FacilityID>MF464</FacilityID>
<Type>1</Type>
<PatientID>97053/01</PatientID>
<Start>31/08/2013 00:00</Start>
<End>31/08/2013 00:00</End>
<StartType>1</StartType>
<EndType>1</EndType>
<TransferSource/>
<TransferDestination/>
</Encounter>
<Diagnosis>
<Type>Principal</Type>
<Code>719.46</Code>
</Diagnosis>
<Diagnosis>
<Type>Secondary</Type>
<Code>716.90</Code>
</Diagnosis>
<Diagnosis>
<Type>Secondary</Type>
<Code>728.85</Code>
</Diagnosis>
<Activity>
<ID>5221204</ID>
<Start>31/08/2013 00:00</Start>
<Type>3</Type>
<Code>86140</Code>
<Quantity>1.0</Quantity>
<Net>43.7</Net>
<Clinician>GD8060</Clinician>
<PriorAuthorizationID/>
</Activity>
<Activity>
<ID>5221205</ID>
<Start>31/08/2013 00:00</Start>
<Type>3</Type>
<Code>99202</Code>
<Quantity>1.0</Quantity>
<Net>175.4</Net>
<Clinician>GD8060</Clinician>
<PriorAuthorizationID/>
</Activity>
<Activity>
<ID>5221206</ID>
<Start>31/08/2013 00:00</Start>
<Type>3</Type>
<Code>85651</Code>
<Quantity>1.0</Quantity>
<Net>29.9</Net>
<Clinician>GD8060</Clinician>
<PriorAuthorizationID/>
</Activity>
<Activity>
<ID>5221207</ID>
<Start>31/08/2013 00:00</Start>
<Type>3</Type>
<Code>82310</Code>
<Quantity>1.0</Quantity>
<Net>41.4</Net>
<Clinician>GD8060</Clinician>
<PriorAuthorizationID/>
</Activity>
<Activity>
<ID>5221208</ID>
<Start>31/08/2013 00:00</Start>
<Type>3</Type>
<Code>85025</Code>
<Quantity>1.0</Quantity>
<Net>64.4</Net>
<Clinician>GD8060</Clinician>
<PriorAuthorizationID/>
</Activity>
<Activity>
<ID>5221209</ID>
<Start>31/08/2013 00:00</Start>
<Type>3</Type>
<Code>73562</Code>
<Quantity>1.0</Quantity>
<Net>181.7</Net>
<Clinician>GD8060</Clinician>
<PriorAuthorizationID/>
</Activity>
<Activity>
<ID>5221210</ID>
<Start>31/08/2013 00:00</Start>
<Type>5</Type>
<Code>1556-4477-001</Code>
<Quantity>1.0</Quantity>
<Net>74.0</Net>
<Clinician>GD8060</Clinician>
<PriorAuthorizationID/>
</Activity>
<Activity>
<ID>5221211</ID>
<Start>31/08/2013 00:00</Start>
<Type>3</Type>
<Code>84550</Code>
<Quantity>1.0</Quantity>
<Net>36.8</Net>
<Clinician>GD8060</Clinician>
<PriorAuthorizationID/>
</Activity>
<Contract>
<PackageName>Arab Orient - MedNet</PackageName>
</Contract>
</Claim>
</Claim.Submission>
