<?xml version="1.0" encoding="UTF-8"?>
<Claim.Submission xsi:noNamespaceSchemaLocation="http://www.haad.ae/DataDictionary/CommonTypes/DataDictionary.xsd" xmlns:tns="http://www.haad.ae/DataDictionary/CommonTypes" xmlns:xsi="http://www.w3.org/2001/XMLSchema-instance">
  <Header>
    <SenderID>DHA-F-0000078</SenderID>
    <ReceiverID>C004</ReceiverID>
    <DispositionFlag>PRODUCTION</DispositionFlag>
    <TransactionDate>28/10/2013 19:31</TransactionDate>
    <RecordCount>1</RecordCount>
  </Header>
  <Claim>
    <ID>OPC-R-2013-021496</ID>
    <MemberID>438352</MemberID>
    <PayerID>A020</PayerID>
    <ProviderID>DHA-F-0000078</ProviderID>
    <EmiratesIDNumber>999-9999-9999999-9</EmiratesIDNumber>
    <Gross>591.5</Gross>
    <PatientShare>25</PatientShare>
    <Net>566.5</Net>
    <Encounter>
      <FacilityID>DHA-F-0000078</FacilityID>
      <Type>1</Type>
      <PatientID>0000005284</PatientID>
      <Start>15/09/2013 20:21</Start>
      <End>15/09/2013 21:10</End>
      <StartType>1</StartType>
      <EndType>1</EndType>
    </Encounter>
    <Diagnosis>
      <Type>Principal</Type>
      <Code>R22.1</Code>
    </Diagnosis>
    <Diagnosis>
      <Type>Secondary</Type>
      <Code>R51</Code>
    </Diagnosis>
    <Diagnosis>
      <Type>Secondary</Type>
      <Code>J06.9</Code>
    </Diagnosis>
    <Activity>
      <ID>OPRXX0100941038</ID>
      <Start>15/09/2013 20:21</Start>
      <End>15/09/2013 20:21</End>
      <Code>10</Code>
      <Type>8</Type>
      <Quantity>1</Quantity>
      <Net>413</Net>
      <Clinician>DHA-P-0016524</Clinician>
      <Observation>
        <Type>Text</Type>
        <Code>Non-Standard-Code</Code>
        <Value>DCF010</Value>
        <ValueType>Other</ValueType>
      </Observation>
      <Observation>
        <Type>Text</Type>
        <Code>Description</Code>
        <Value>SPECIALIST -NEW VISIT</Value>
        <ValueType>Other</ValueType>
      </Observation>
    </Activity>
  </Claim>
</Claim.Submission>
