<?xml version="1.0"?><Claim.Submission xmlns:tns="http://www.eclaimlink.ae/DataDictionary/CommonTypes" xmlns:xsi="http://www.w3.org/2001/XMLSchema-instance" xsi:noNamespaceSchemaLocation="http://www.eclaimlink.ae/DataDictionary/CommonTypes/ClaimSubmission.xsd"><Header><SenderID>DHA-F-0000078</SenderID><ReceiverID>TPA009</ReceiverID><TransactionDate>28/10/2013 19:31</TransactionDate><RecordCount>1</RecordCount><DispositionFlag>PRODUCTION</DispositionFlag></Header><Claim><ID>OPC-R-2013-021496</ID><MemberID>097110330043835202</MemberID><PayerID>INS035</PayerID><ProviderID>DHA-F-0000078</ProviderID><EmiratesIDNumber>999-9999-9999999-9</EmiratesIDNumber><Gross>591.5</Gross><PatientShare>25</PatientShare><Net>566.5</Net><Encounter><FacilityID>DHA-F-0000078</FacilityID><Type>1</Type><PatientID>0000005284</PatientID><Start>15/09/2013 20:21</Start><End>15/09/2013 21:10</End><StartType>1</StartType><EndType>1</EndType></Encounter><Diagnosis><Type>Principal</Type><Code>R22.1</Code></Diagnosis><Diagnosis><Type>Secondary</Type><Code>R51</Code></Diagnosis><Diagnosis><Type>Secondary</Type><Code>J06.9</Code></Diagnosis><Activity><ID>BILXX0068970285</ID><Start>15/09/2013 21:09</Start><Type>3</Type><Code>81025</Code><Quantity>1</Quantity><Net>177.1</Net><Clinician>DHA-P-0016524</Clinician><Observation><Type>Text</Type><Code>Non-Standard-Code</Code><Value>LEN010</Value><ValueType>Other</ValueType></Observation><Observation><Type>Text</Type><Code>Description</Code><Value>BETA HCG QUANTI</Value><ValueType>Other</ValueType></Observation></Activity><Activity><ID>BILXX006897C004</ID><Start>15/09/2013 21:09</Start><Type>3</Type><Code>85027</Code><Quantity>1</Quantity><Net>81.2</Net><Clinician>DHA-P-0016524</Clinician><Observation><Type>Text</Type><Code>Non-Standard-Code</Code><Value>LHA023</Value><ValueType>Other</ValueType></Observation><Observation><Type>Text</Type><Code>Description</Code><Value>CBC</Value><ValueType>Other</ValueType></Observation></Activity><Activity><ID>BILXX0068970352</ID><Start>15/09/2013 21:09</Start><Type>3</Type><Code>85651</Code><Quantity>1</Quantity><Net>42.7</Net><Clinician>DHA-P-0016524</Clinician><Observation><Type>Text</Type><Code>Non-Standard-Code</Code><Value>LHA011</Value><ValueType>Other</ValueType></Observation><Observation><Type>Text</Type><Code>Description</Code><Value>ESR </Value><ValueType>Other</ValueType></Observation></Activity><Activity><ID>OPRXX0100941038</ID><Start>15/09/2013 20:21</Start><Type>8</Type><Code>10</Code><Quantity>1</Quantity><Net>265.5</Net><Clinician>DHA-P-0016524</Clinician><Observation><Type>Text</Type><Code>Non-Standard-Code</Code><Value>DCF010</Value><ValueType>Other</ValueType></Observation><Observation><Type>Text</Type><Code>Description</Code><Value>SPECIALIST -NEW VISIT</Value><ValueType>Other</ValueType></Observation></Activity></Claim></Claim.Submission>