<?xml version="1.0"?><Claim.Submission xmlns:tns="http://www.eclaimlink.ae/DataDictionary/CommonTypes" xmlns:xsi="http://www.w3.org/2001/XMLSchema-instance" xsi:noNamespaceSchemaLocation="http://www.eclaimlink.ae/DataDictionary/CommonTypes/ClaimSubmission.xsd"><Header><SenderID>DHA-F-0000197</SenderID><ReceiverID>TPA009</ReceiverID><TransactionDate>26/10/2013 20:37</TransactionDate><RecordCount>2</RecordCount><DispositionFlag>PRODUCTION</DispositionFlag></Header><Claim><ID>OPC-R-2013-045117</ID><MemberID>097110140031046702</MemberID><PayerID>INS084</PayerID><ProviderID>DHA-F-0000197</ProviderID><EmiratesIDNumber>999-9999-9999999-9</EmiratesIDNumber><Gross>213.5</Gross><PatientShare>50</PatientShare><Net>163.5</Net><Encounter><FacilityID>DHA-F-0000197</FacilityID><Type>1</Type><PatientID>0000084193</PatientID><Start>07/09/2013 16:10</Start><End>07/09/2013 16:23</End><StartType>1</StartType><EndType>1</EndType></Encounter><Diagnosis><Type>Principal</Type><Code>M25.561</Code></Diagnosis><Diagnosis><Type>Secondary</Type><Code>M19.071</Code></Diagnosis><Diagnosis><Type>Secondary</Type><Code>M25.552</Code></Diagnosis><Activity><ID>OPRXX0304571039</ID><Start>07/09/2013 16:10</Start><Type>8</Type><Code>10</Code><Quantity>1</Quantity><Net>163.5</Net><Clinician>DHA-P-0034872</Clinician><Observation><Type>Text</Type><Code>Non-Standard-Code</Code><Value>DCF011</Value><ValueType>Other</ValueType></Observation><Observation><Type>Text</Type><Code>Description</Code><Value>SPECIALIST - REPEAT VISIT</Value><ValueType>Other</ValueType></Observation></Activity></Claim><Claim><ID>PBL-R-2013-012625</ID><MemberID>097110140031046702</MemberID><PayerID>INS084</PayerID><ProviderID>DHA-F-0000197</ProviderID><EmiratesIDNumber>999-9999-9999999-9</EmiratesIDNumber><Gross>28.32</Gross><PatientShare>0</PatientShare><Net>28.32</Net><Encounter><FacilityID>DHA-F-0000197</FacilityID><Type>1</Type><PatientID>0000084193</PatientID><Start>07/09/2013 16:27</Start><End>07/09/2013 16:27</End><StartType>1</StartType><EndType>1</EndType></Encounter><Diagnosis><Type>Principal</Type><Code>M25.561</Code></Diagnosis><Diagnosis><Type>Secondary</Type><Code>M19.071</Code></Diagnosis><Diagnosis><Type>Secondary</Type><Code>M25.552</Code></Diagnosis><Activity><ID>PBLXX034036E176</ID><Start>07/09/2013 16:27</Start><Type>5</Type><Code>0383-173601-2611</Code><Quantity>1</Quantity><Net>28.32</Net><Clinician>DHA-P-0034872</Clinician><Observation><Type>Text</Type><Code>Non-Standard-Code</Code><Value>ELMSL0</Value><ValueType>Other</ValueType></Observation><Observation><Type>Text</Type><Code>Description</Code><Value>ELMETACIN 8MG SOLUTION 50ML</Value><ValueType>Other</ValueType></Observation></Activity></Claim></Claim.Submission>