<?xml version="1.0"?>
<Claim.Submission xmlns:xsi="http://www.w3.org/2001/XMLSchema-instance" xmlns:tns="http://www.haad.ae/DataDictionary/CommonTypes" xsi:noNamespaceSchemaLocation="http://www.haad.ae/DataDictionary/CommonTypes/ClaimSubmission.xsd">
  <Header>
    <SenderID>MF1240</SenderID>
    <ReceiverID>C004</ReceiverID>
    <TransactionDate>07/10/2013 11:05</TransactionDate>
    <RecordCount>5</RecordCount>
    <DispositionFlag>PRODUCTION</DispositionFlag>
  </Header>
  <Claim>
    <ID>SC30280938</ID>
    <IDPayer />
    <MemberID>0971 1033 00311356 01</MemberID>
    <PayerID>A020</PayerID>
    <ProviderID>MF1240</ProviderID>
    <EmiratesIDNumber>999-9999-9999999-9</EmiratesIDNumber>
    <Gross>285.00</Gross>
    <PatientShare>30.00</PatientShare>
    <Net>255.00</Net>
    <Encounter>
      <FacilityID>MF1240</FacilityID>
      <Type>1</Type>
      <PatientID>130048106</PatientID>
      <Start>06/09/2013 19:25</Start>
      <End>06/09/2013 19:25</End>
      <StartType>1</StartType>
      <EndType>1</EndType>
    </Encounter>
    <Diagnosis>
      <Type>Secondary</Type>
      <Code>041.9</Code>
    </Diagnosis>
    <Diagnosis>
      <Type>Secondary</Type>
      <Code>692.9</Code>
    </Diagnosis>
    <Diagnosis>
      <Type>Principal</Type>
      <Code>703.0</Code>
    </Diagnosis>
    <Activity>
      <ID>39447546</ID>
      <Start>06/09/2013 19:25</Start>
      <Type>3</Type>
      <Code>99213</Code>
      <Quantity>1.00</Quantity>
      <Net>255.00</Net>
      <Clinician>GD11728</Clinician>
    </Activity>
    <Contract>
      <PackageName>Salama Mednet</PackageName>
    </Contract>
  </Claim>
  <Claim>
    <ID>SC30283583</ID>
    <IDPayer />
    <MemberID>0971 1033 00295777 02</MemberID>
    <PayerID>A020</PayerID>
    <ProviderID>MF1240</ProviderID>
    <EmiratesIDNumber>999-9999-9999999-9</EmiratesIDNumber>
    <Gross>1043.26</Gross>
    <PatientShare>0.00</PatientShare>
    <Net>1043.26</Net>
    <Encounter>
      <FacilityID>MF1240</FacilityID>
      <Type>1</Type>
      <PatientID>1000419846</PatientID>
      <Start>23/09/2013 22:32</Start>
      <End>23/09/2013 22:32</End>
      <StartType>1</StartType>
      <EndType>1</EndType>
    </Encounter>
    <Diagnosis>
      <Type>Secondary</Type>
      <Code>530.11</Code>
    </Diagnosis>
    <Diagnosis>
      <Type>Secondary</Type>
      <Code>786.05</Code>
    </Diagnosis>
    <Diagnosis>
      <Type>Principal</Type>
      <Code>506.0</Code>
    </Diagnosis>
    <Diagnosis>
      <Type>Secondary</Type>
      <Code>786.50</Code>
    </Diagnosis>
    <Diagnosis>
      <Type>Secondary</Type>
      <Code>786.2</Code>
    </Diagnosis>
    <Activity>
      <ID>39447547</ID>
      <Start>23/09/2013 22:32</Start>
      <Type>3</Type>
      <Code>94640</Code>
      <Quantity>1.00</Quantity>
      <Net>73.60</Net>
      <Clinician>GD11960</Clinician>
    </Activity>
    <Activity>
      <ID>39447548</ID>
      <Start>23/09/2013 22:32</Start>
      <Type>3</Type>
      <Code>96375</Code>
      <Quantity>3.00</Quantity>
      <Net>138.00</Net>
      <Clinician>GD11960</Clinician>
    </Activity>
    <Activity>
      <ID>39447549</ID>
      <Start>23/09/2013 22:32</Start>
      <Type>5</Type>
      <Code>1279-3684-002</Code>
      <Quantity>1.00</Quantity>
      <Net>9.03</Net>
      <Clinician>GD11960</Clinician>
    </Activity>
    <Activity>
      <ID>39447550</ID>
      <Start>23/09/2013 22:32</Start>
      <Type>5</Type>
      <Code>1318-1711-001</Code>
      <Quantity>1.00</Quantity>
      <Net>4.90</Net>
      <Clinician>GD11960</Clinician>
    </Activity>
    <Activity>
      <ID>39447551</ID>
      <Start>23/09/2013 22:32</Start>
      <Type>5</Type>
      <Code>1392-3838-003</Code>
      <Quantity>2.00</Quantity>
      <Net>270.00</Net>
      <Clinician>GD11960</Clinician>
    </Activity>
    <Activity>
      <ID>39447552</ID>
      <Start>23/09/2013 22:32</Start>
      <Type>3</Type>
      <Code>99213</Code>
      <Quantity>1.00</Quantity>
      <Net>285.00</Net>
      <Clinician>GD11960</Clinician>
    </Activity>
    <Activity>
      <ID>39447553</ID>
      <Start>23/09/2013 22:32</Start>
      <Type>5</Type>
      <Code>1727-1864-001</Code>
      <Quantity>1.00</Quantity>
      <Net>4.10</Net>
      <Clinician>GD11960</Clinician>
    </Activity>
    <Activity>
      <ID>39447554</ID>
      <Start>23/09/2013 22:32</Start>
      <Type>5</Type>
      <Code>2219-3520-003</Code>
      <Quantity>1.00</Quantity>
      <Net>15.33</Net>
      <Clinician>GD11960</Clinician>
    </Activity>
    <Activity>
      <ID>39447555</ID>
      <Start>23/09/2013 22:32</Start>
      <Type>3</Type>
      <Code>96365</Code>
      <Quantity>1.00</Quantity>
      <Net>197.80</Net>
      <Clinician>GD11960</Clinician>
    </Activity>
    <Activity>
      <ID>39447556</ID>
      <Start>23/09/2013 22:32</Start>
      <Type>5</Type>
      <Code>1264-3485-006</Code>
      <Quantity>1.00</Quantity>
      <Net>45.50</Net>
      <Clinician>GD11960</Clinician>
    </Activity>
    <Contract>
      <PackageName>Salama Mednet</PackageName>
    </Contract>
  </Claim>
  <Claim>
    <ID>SC30283584</ID>
    <IDPayer />
    <MemberID>0971 1033 00295778 01</MemberID>
    <PayerID>A020</PayerID>
    <ProviderID>MF1240</ProviderID>
    <EmiratesIDNumber>999-9999-9999999-9</EmiratesIDNumber>
    <Gross>285.00</Gross>
    <PatientShare>0.00</PatientShare>
    <Net>285.00</Net>
    <Encounter>
      <FacilityID>MF1240</FacilityID>
      <Type>1</Type>
      <PatientID>539347</PatientID>
      <Start>23/09/2013 22:33</Start>
      <End>23/09/2013 22:33</End>
      <StartType>1</StartType>
      <EndType>1</EndType>
    </Encounter>
    <Diagnosis>
      <Type>Principal</Type>
      <Code>461.9</Code>
    </Diagnosis>
    <Diagnosis>
      <Type>Secondary</Type>
      <Code>477.9</Code>
    </Diagnosis>
    <Diagnosis>
      <Type>Secondary</Type>
      <Code>784.0</Code>
    </Diagnosis>
    <Activity>
      <ID>39447557</ID>
      <Start>23/09/2013 22:33</Start>
      <Type>3</Type>
      <Code>99213</Code>
      <Quantity>1.00</Quantity>
      <Net>285.00</Net>
      <Clinician>GD11960</Clinician>
    </Activity>
    <Contract>
      <PackageName>Salama Mednet</PackageName>
    </Contract>
  </Claim>
  <Claim>
    <ID>SC30283585</ID>
    <IDPayer />
    <MemberID>0971 1033 00295779 01</MemberID>
    <PayerID>A020</PayerID>
    <ProviderID>MF1240</ProviderID>
    <EmiratesIDNumber>999-9999-9999999-9</EmiratesIDNumber>
    <Gross>294.00</Gross>
    <PatientShare>0.00</PatientShare>
    <Net>294.00</Net>
    <Encounter>
      <FacilityID>MF1240</FacilityID>
      <Type>1</Type>
      <PatientID>494577</PatientID>
      <Start>23/09/2013 22:35</Start>
      <End>23/09/2013 22:35</End>
      <StartType>1</StartType>
      <EndType>1</EndType>
    </Encounter>
    <Diagnosis>
      <Type>Secondary</Type>
      <Code>598.9</Code>
    </Diagnosis>
    <Diagnosis>
      <Type>Secondary</Type>
      <Code>784.0</Code>
    </Diagnosis>
    <Diagnosis>
      <Type>Principal</Type>
      <Code>463</Code>
    </Diagnosis>
    <Diagnosis>
      <Type>Secondary</Type>
      <Code>780.96</Code>
    </Diagnosis>
    <Activity>
      <ID>39447558</ID>
      <Start>23/09/2013 22:35</Start>
      <Type>3</Type>
      <Code>99202</Code>
      <Quantity>1.00</Quantity>
      <Net>294.00</Net>
      <Clinician>GD11960</Clinician>
    </Activity>
    <Contract>
      <PackageName>Salama Mednet</PackageName>
    </Contract>
  </Claim>
  <Claim>
    <ID>SC30294657</ID>
    <IDPayer />
    <MemberID>0971 1033 00465277 01</MemberID>
    <PayerID>A020</PayerID>
    <ProviderID>MF1240</ProviderID>
    <EmiratesIDNumber>999-9999-9999999-9</EmiratesIDNumber>
    <Gross>740.46</Gross>
    <PatientShare>50.00</PatientShare>
    <Net>690.46</Net>
    <Encounter>
      <FacilityID>MF1240</FacilityID>
      <Type>1</Type>
      <PatientID>130051247</PatientID>
      <Start>29/09/2013 08:46</Start>
      <End>29/09/2013 08:46</End>
      <StartType>1</StartType>
      <EndType>1</EndType>
    </Encounter>
    <Diagnosis>
      <Type>Principal</Type>
      <Code>780.4</Code>
    </Diagnosis>
    <Diagnosis>
      <Type>Secondary</Type>
      <Code>729.2</Code>
    </Diagnosis>
    <Diagnosis>
      <Type>Secondary</Type>
      <Code>787.03</Code>
    </Diagnosis>
    <Activity>
      <ID>39447559</ID>
      <Start>29/09/2013 08:46</Start>
      <Type>5</Type>
      <Code>1472-3605-005</Code>
      <Quantity>1.00</Quantity>
      <Net>0.90</Net>
      <Clinician>D1436</Clinician>
    </Activity>
    <Activity>
      <ID>39447560</ID>
      <Start>29/09/2013 08:46</Start>
      <Type>3</Type>
      <Code>96365</Code>
      <Quantity>1.00</Quantity>
      <Net>197.80</Net>
      <Clinician>D1436</Clinician>
    </Activity>
    <Activity>
      <ID>39447561</ID>
      <Start>29/09/2013 08:46</Start>
      <Type>5</Type>
      <Code>1718-3520-001</Code>
      <Quantity>1.00</Quantity>
      <Net>19.96</Net>
      <Clinician>D1436</Clinician>
    </Activity>
    <Activity>
      <ID>39447562</ID>
      <Start>29/09/2013 08:46</Start>
      <Type>3</Type>
      <Code>96361</Code>
      <Quantity>1.00</Quantity>
      <Net>46.00</Net>
      <Clinician>D1436</Clinician>
    </Activity>
    <Activity>
      <ID>39447563</ID>
      <Start>29/09/2013 08:46</Start>
      <Type>5</Type>
      <Code>1748-5164-002</Code>
      <Quantity>1.00</Quantity>
      <Net>3.80</Net>
      <Clinician>D1436</Clinician>
    </Activity>
    <Activity>
      <ID>39447564</ID>
      <Start>29/09/2013 08:46</Start>
      <Type>3</Type>
      <Code>96375</Code>
      <Quantity>1.00</Quantity>
      <Net>46.00</Net>
      <Clinician>D1436</Clinician>
    </Activity>
    <Activity>
      <ID>39447565</ID>
      <Start>29/09/2013 08:46</Start>
      <Type>3</Type>
      <Code>99203</Code>
      <Quantity>1.00</Quantity>
      <Net>376.00</Net>
      <Clinician>D1436</Clinician>
    </Activity>
    <Contract>
      <PackageName>Salama Mednet</PackageName>
    </Contract>
  </Claim>
</Claim.Submission>