<?xml version="1.0"?>
<Claim.Submission xmlns:xsi="http://www.w3.org/2001/XMLSchema-instance" xmlns:tns="http://www.haad.ae/DataDictionary/CommonTypes" xsi:noNamespaceSchemaLocation="http://www.haad.ae/DataDictionary/CommonTypes/ClaimSubmission.xsd">
  <Header>
    <SenderID>PF1465</SenderID>
    <ReceiverID>C004</ReceiverID>
    <TransactionDate>07/10/2013 11:05</TransactionDate>
    <RecordCount>16</RecordCount>
    <DispositionFlag>PRODUCTION</DispositionFlag>
  </Header>
  <Claim>
    <ID>SP30206147</ID>
    <IDPayer />
    <MemberID>0971 1005 00354718 01</MemberID>
    <PayerID>A036</PayerID>
    <ProviderID>PF1465</ProviderID>
    <EmiratesIDNumber>999-9999-9999999-9</EmiratesIDNumber>
    <Gross>90.50</Gross>
    <PatientShare>0.00</PatientShare>
    <Net>90.50</Net>
    <Encounter>
      <FacilityID>PF1465</FacilityID>
      <Type>1</Type>
      <PatientID>130004191</PatientID>
      <Start>01/09/2013 16:37</Start>
      <End>01/09/2013 16:37</End>
      <StartType>1</StartType>
      <EndType>1</EndType>
    </Encounter>
    <Diagnosis>
      <Type>Principal</Type>
      <Code>462</Code>
    </Diagnosis>
    <Diagnosis>
      <Type>Secondary</Type>
      <Code>054.2</Code>
    </Diagnosis>
    <Diagnosis>
      <Type>Secondary</Type>
      <Code>780.60</Code>
    </Diagnosis>
    <Diagnosis>
      <Type>Secondary</Type>
      <Code>691.8</Code>
    </Diagnosis>
    <Activity>
      <ID>39447634</ID>
      <Start>01/09/2013 16:37</Start>
      <Type>5</Type>
      <Code>1671-1293-008</Code>
      <Quantity>1.00</Quantity>
      <Net>41.00</Net>
      <Clinician>GD11095</Clinician>
    </Activity>
    <Activity>
      <ID>39447635</ID>
      <Start>01/09/2013 16:37</Start>
      <Type>5</Type>
      <Code>1424-5581-001</Code>
      <Quantity>1.00</Quantity>
      <Net>13.50</Net>
      <Clinician>GD11095</Clinician>
    </Activity>
    <Activity>
      <ID>39447636</ID>
      <Start>01/09/2013 16:37</Start>
      <Type>5</Type>
      <Code>1472-1109-001</Code>
      <Quantity>1.00</Quantity>
      <Net>9.50</Net>
      <Clinician>GD11095</Clinician>
    </Activity>
    <Activity>
      <ID>39447637</ID>
      <Start>01/09/2013 16:37</Start>
      <Type>5</Type>
      <Code>1556-4476-005</Code>
      <Quantity>1.00</Quantity>
      <Net>26.50</Net>
      <Clinician>GD11095</Clinician>
    </Activity>
    <Contract>
      <PackageName>Al Ittihad Watani Mednet</PackageName>
    </Contract>
  </Claim>
  <Claim>
    <ID>SP30206148</ID>
    <IDPayer />
    <MemberID>0971 1005 00353656 01</MemberID>
    <PayerID>A036</PayerID>
    <ProviderID>PF1465</ProviderID>
    <EmiratesIDNumber>999-9999-9999999-9</EmiratesIDNumber>
    <Gross>80.50</Gross>
    <PatientShare>0.00</PatientShare>
    <Net>80.50</Net>
    <Encounter>
      <FacilityID>PF1465</FacilityID>
      <Type>1</Type>
      <PatientID>230014315</PatientID>
      <Start>03/09/2013 19:23</Start>
      <End>03/09/2013 19:23</End>
      <StartType>1</StartType>
      <EndType>1</EndType>
    </Encounter>
    <Diagnosis>
      <Type>Principal</Type>
      <Code>536.2</Code>
    </Diagnosis>
    <Diagnosis>
      <Type>Secondary</Type>
      <Code>127.9</Code>
    </Diagnosis>
    <Diagnosis>
      <Type>Secondary</Type>
      <Code>462</Code>
    </Diagnosis>
    <Diagnosis>
      <Type>Secondary</Type>
      <Code>558.9</Code>
    </Diagnosis>
    <Diagnosis>
      <Type>Secondary</Type>
      <Code>789.00</Code>
    </Diagnosis>
    <Activity>
      <ID>39447638</ID>
      <Start>03/09/2013 19:23</Start>
      <Type>5</Type>
      <Code>1663-4529-001</Code>
      <Quantity>1.00</Quantity>
      <Net>9.50</Net>
      <Clinician>GD11117</Clinician>
    </Activity>
    <Activity>
      <ID>39447639</ID>
      <Start>03/09/2013 19:23</Start>
      <Type>5</Type>
      <Code>1472-3919-006</Code>
      <Quantity>1.00</Quantity>
      <Net>10.00</Net>
      <Clinician>GD11117</Clinician>
    </Activity>
    <Activity>
      <ID>39447640</ID>
      <Start>03/09/2013 19:23</Start>
      <Type>5</Type>
      <Code>1650-1078-001</Code>
      <Quantity>1.00</Quantity>
      <Net>36.00</Net>
      <Clinician>GD11117</Clinician>
    </Activity>
    <Activity>
      <ID>39447641</ID>
      <Start>03/09/2013 19:23</Start>
      <Type>5</Type>
      <Code>1464-1968-002</Code>
      <Quantity>1.00</Quantity>
      <Net>11.50</Net>
      <Clinician>GD11117</Clinician>
    </Activity>
    <Activity>
      <ID>39447642</ID>
      <Start>03/09/2013 19:23</Start>
      <Type>5</Type>
      <Code>1424-5581-001</Code>
      <Quantity>1.00</Quantity>
      <Net>13.50</Net>
      <Clinician>GD11117</Clinician>
    </Activity>
    <Contract>
      <PackageName>Al Ittihad Watani Mednet</PackageName>
    </Contract>
  </Claim>
  <Claim>
    <ID>SP30206149</ID>
    <IDPayer />
    <MemberID>0971 1005 00358150 02</MemberID>
    <PayerID>A036</PayerID>
    <ProviderID>PF1465</ProviderID>
    <EmiratesIDNumber>999-9999-9999999-9</EmiratesIDNumber>
    <Gross>97.50</Gross>
    <PatientShare>0.00</PatientShare>
    <Net>97.50</Net>
    <Encounter>
      <FacilityID>PF1465</FacilityID>
      <Type>1</Type>
      <PatientID>447918</PatientID>
      <Start>05/09/2013 21:41</Start>
      <End>05/09/2013 21:41</End>
      <StartType>1</StartType>
      <EndType>1</EndType>
    </Encounter>
    <Diagnosis>
      <Type>Secondary</Type>
      <Code>789.09</Code>
    </Diagnosis>
    <Diagnosis>
      <Type>Principal</Type>
      <Code>646.83</Code>
    </Diagnosis>
    <Diagnosis>
      <Type>Secondary</Type>
      <Code>648.73</Code>
    </Diagnosis>
    <Diagnosis>
      <Type>Secondary</Type>
      <Code>719.49</Code>
    </Diagnosis>
    <Diagnosis>
      <Type>Secondary</Type>
      <Code>724.5</Code>
    </Diagnosis>
    <Activity>
      <ID>39447643</ID>
      <Start>05/09/2013 21:41</Start>
      <Type>5</Type>
      <Code>1680-2207-001</Code>
      <Quantity>1.00</Quantity>
      <Net>19.50</Net>
      <Clinician>GD11402</Clinician>
    </Activity>
    <Activity>
      <ID>39447644</ID>
      <Start>05/09/2013 21:41</Start>
      <Type>5</Type>
      <Code>1732-4855-002</Code>
      <Quantity>1.00</Quantity>
      <Net>39.00</Net>
      <Clinician>GD11402</Clinician>
    </Activity>
    <Activity>
      <ID>39447645</ID>
      <Start>05/09/2013 21:41</Start>
      <Type>5</Type>
      <Code>2305-6483-001</Code>
      <Quantity>1.00</Quantity>
      <Net>39.00</Net>
      <Clinician>GD11402</Clinician>
    </Activity>
    <Contract>
      <PackageName>Al Ittihad Watani Mednet</PackageName>
    </Contract>
  </Claim>
  <Claim>
    <ID>SP30206150</ID>
    <IDPayer />
    <MemberID>0971 1005 00357888 02</MemberID>
    <PayerID>A036</PayerID>
    <ProviderID>PF1465</ProviderID>
    <EmiratesIDNumber>999-9999-9999999-9</EmiratesIDNumber>
    <Gross>25.00</Gross>
    <PatientShare>0.00</PatientShare>
    <Net>25.00</Net>
    <Encounter>
      <FacilityID>PF1465</FacilityID>
      <Type>1</Type>
      <PatientID>110048613</PatientID>
      <Start>07/09/2013 21:06</Start>
      <End>07/09/2013 21:06</End>
      <StartType>1</StartType>
      <EndType>1</EndType>
    </Encounter>
    <Diagnosis>
      <Type>Secondary</Type>
      <Code>V72.42</Code>
    </Diagnosis>
    <Diagnosis>
      <Type>Principal</Type>
      <Code>789.07</Code>
    </Diagnosis>
    <Diagnosis>
      <Type>Secondary</Type>
      <Code>244.9</Code>
    </Diagnosis>
    <Diagnosis>
      <Type>Secondary</Type>
      <Code>626.0</Code>
    </Diagnosis>
    <Activity>
      <ID>39447646</ID>
      <Start>07/09/2013 21:06</Start>
      <Type>5</Type>
      <Code>1105-5569-001</Code>
      <Quantity>1.00</Quantity>
      <Net>25.00</Net>
      <Clinician>GD11402</Clinician>
    </Activity>
    <Contract>
      <PackageName>Al Ittihad Watani Mednet</PackageName>
    </Contract>
  </Claim>
  <Claim>
    <ID>SP30206151</ID>
    <IDPayer />
    <MemberID>0971 1005 00358150 02</MemberID>
    <PayerID>A036</PayerID>
    <ProviderID>PF1465</ProviderID>
    <EmiratesIDNumber>999-9999-9999999-9</EmiratesIDNumber>
    <Gross>36.00</Gross>
    <PatientShare>0.00</PatientShare>
    <Net>36.00</Net>
    <Encounter>
      <FacilityID>PF1465</FacilityID>
      <Type>1</Type>
      <PatientID>447918</PatientID>
      <Start>08/09/2013 20:20</Start>
      <End>08/09/2013 20:20</End>
      <StartType>1</StartType>
      <EndType>1</EndType>
    </Encounter>
    <Diagnosis>
      <Type>Principal</Type>
      <Code>646.83</Code>
    </Diagnosis>
    <Diagnosis>
      <Type>Secondary</Type>
      <Code>463</Code>
    </Diagnosis>
    <Diagnosis>
      <Type>Secondary</Type>
      <Code>462</Code>
    </Diagnosis>
    <Activity>
      <ID>39447647</ID>
      <Start>08/09/2013 20:20</Start>
      <Type>5</Type>
      <Code>2209-6110-001</Code>
      <Quantity>1.00</Quantity>
      <Net>6.50</Net>
      <Clinician>D3199</Clinician>
    </Activity>
    <Activity>
      <ID>39447648</ID>
      <Start>08/09/2013 20:20</Start>
      <Type>5</Type>
      <Code>1431-2392-009</Code>
      <Quantity>1.00</Quantity>
      <Net>29.50</Net>
      <Clinician>D3199</Clinician>
    </Activity>
    <Contract>
      <PackageName>Al Ittihad Watani Mednet</PackageName>
    </Contract>
  </Claim>
  <Claim>
    <ID>SP30206152</ID>
    <IDPayer />
    <MemberID>0971 1005 00363345 01</MemberID>
    <PayerID>A036</PayerID>
    <ProviderID>PF1465</ProviderID>
    <EmiratesIDNumber>999-9999-9999999-9</EmiratesIDNumber>
    <Gross>169.50</Gross>
    <PatientShare>0.00</PatientShare>
    <Net>169.50</Net>
    <Encounter>
      <FacilityID>PF1465</FacilityID>
      <Type>1</Type>
      <PatientID>230014829</PatientID>
      <Start>11/09/2013 22:06</Start>
      <End>11/09/2013 22:06</End>
      <StartType>1</StartType>
      <EndType>1</EndType>
    </Encounter>
    <Diagnosis>
      <Type>Secondary</Type>
      <Code>477.9</Code>
    </Diagnosis>
    <Diagnosis>
      <Type>Principal</Type>
      <Code>462</Code>
    </Diagnosis>
    <Diagnosis>
      <Type>Secondary</Type>
      <Code>780.60</Code>
    </Diagnosis>
    <Activity>
      <ID>39447649</ID>
      <Start>11/09/2013 22:06</Start>
      <Type>5</Type>
      <Code>1556-4476-005</Code>
      <Quantity>1.00</Quantity>
      <Net>26.50</Net>
      <Clinician>GD11095</Clinician>
    </Activity>
    <Activity>
      <ID>39447650</ID>
      <Start>11/09/2013 22:06</Start>
      <Type>5</Type>
      <Code>1259-2022-001</Code>
      <Quantity>1.00</Quantity>
      <Net>29.50</Net>
      <Clinician>GD11095</Clinician>
    </Activity>
    <Activity>
      <ID>39447651</ID>
      <Start>11/09/2013 22:06</Start>
      <Type>5</Type>
      <Code>1671-1293-008</Code>
      <Quantity>2.00</Quantity>
      <Net>82.00</Net>
      <Clinician>GD11095</Clinician>
    </Activity>
    <Activity>
      <ID>39447652</ID>
      <Start>11/09/2013 22:06</Start>
      <Type>5</Type>
      <Code>1424-5581-001</Code>
      <Quantity>1.00</Quantity>
      <Net>13.50</Net>
      <Clinician>GD11095</Clinician>
    </Activity>
    <Activity>
      <ID>39447653</ID>
      <Start>11/09/2013 22:06</Start>
      <Type>5</Type>
      <Code>1552-3448-003</Code>
      <Quantity>1.00</Quantity>
      <Net>18.00</Net>
      <Clinician>GD11095</Clinician>
    </Activity>
    <Contract>
      <PackageName>Al Ittihad Watani Mednet</PackageName>
    </Contract>
  </Claim>
  <Claim>
    <ID>SP30206153</ID>
    <IDPayer />
    <MemberID>0971 1005 00357888 02</MemberID>
    <PayerID>A036</PayerID>
    <ProviderID>PF1465</ProviderID>
    <EmiratesIDNumber>999-9999-9999999-9</EmiratesIDNumber>
    <Gross>143.00</Gross>
    <PatientShare>0.00</PatientShare>
    <Net>143.00</Net>
    <Encounter>
      <FacilityID>PF1465</FacilityID>
      <Type>1</Type>
      <PatientID>110048613</PatientID>
      <Start>14/09/2013 17:09</Start>
      <End>14/09/2013 17:09</End>
      <StartType>1</StartType>
      <EndType>1</EndType>
    </Encounter>
    <Diagnosis>
      <Type>Principal</Type>
      <Code>640.03</Code>
    </Diagnosis>
    <Diagnosis>
      <Type>Secondary</Type>
      <Code>789.07</Code>
    </Diagnosis>
    <Activity>
      <ID>39447654</ID>
      <Start>14/09/2013 17:09</Start>
      <Type>5</Type>
      <Code>2416-2003-002</Code>
      <Quantity>2.00</Quantity>
      <Net>143.00</Net>
      <Clinician>GD11402</Clinician>
    </Activity>
    <Contract>
      <PackageName>Al Ittihad Watani Mednet</PackageName>
    </Contract>
  </Claim>
  <Claim>
    <ID>SP30206154</ID>
    <IDPayer />
    <MemberID>0971 1005 00391163 02</MemberID>
    <PayerID>A036</PayerID>
    <ProviderID>PF1465</ProviderID>
    <EmiratesIDNumber>999-9999-9999999-9</EmiratesIDNumber>
    <Gross>43.00</Gross>
    <PatientShare>0.00</PatientShare>
    <Net>43.00</Net>
    <Encounter>
      <FacilityID>PF1465</FacilityID>
      <Type>1</Type>
      <PatientID>130019413</PatientID>
      <Start>15/09/2013 19:03</Start>
      <End>15/09/2013 19:03</End>
      <StartType>1</StartType>
      <EndType>1</EndType>
    </Encounter>
    <Diagnosis>
      <Type>Secondary</Type>
      <Code>276.51</Code>
    </Diagnosis>
    <Diagnosis>
      <Type>Principal</Type>
      <Code>787.91</Code>
    </Diagnosis>
    <Activity>
      <ID>39447655</ID>
      <Start>15/09/2013 19:03</Start>
      <Type>5</Type>
      <Code>1957-4845-004</Code>
      <Quantity>2.00</Quantity>
      <Net>25.00</Net>
      <Clinician>GD11095</Clinician>
    </Activity>
    <Activity>
      <ID>39447656</ID>
      <Start>15/09/2013 19:03</Start>
      <Type>5</Type>
      <Code>1635-2229-002</Code>
      <Quantity>1.00</Quantity>
      <Net>18.00</Net>
      <Clinician>GD11095</Clinician>
    </Activity>
    <Contract>
      <PackageName>Al Ittihad Watani Mednet</PackageName>
    </Contract>
  </Claim>
  <Claim>
    <ID>SP30206155</ID>
    <IDPayer />
    <MemberID>0971 1005 00440836 02</MemberID>
    <PayerID>A036</PayerID>
    <ProviderID>PF1465</ProviderID>
    <EmiratesIDNumber>999-9999-9999999-9</EmiratesIDNumber>
    <Gross>209.00</Gross>
    <PatientShare>0.00</PatientShare>
    <Net>209.00</Net>
    <Encounter>
      <FacilityID>PF1465</FacilityID>
      <Type>1</Type>
      <PatientID>230017748</PatientID>
      <Start>15/09/2013 22:39</Start>
      <End>15/09/2013 22:39</End>
      <StartType>1</StartType>
      <EndType>1</EndType>
    </Encounter>
    <Diagnosis>
      <Type>Principal</Type>
      <Code>780.60</Code>
    </Diagnosis>
    <Diagnosis>
      <Type>Secondary</Type>
      <Code>V67.59</Code>
    </Diagnosis>
    <Activity>
      <ID>39447657</ID>
      <Start>15/09/2013 22:39</Start>
      <Type>5</Type>
      <Code>1750-4545-012</Code>
      <Quantity>2.00</Quantity>
      <Net>209.00</Net>
      <Clinician>GD7735</Clinician>
    </Activity>
    <Contract>
      <PackageName>Al Ittihad Watani Mednet</PackageName>
    </Contract>
  </Claim>
  <Claim>
    <ID>SP30210556</ID>
    <IDPayer />
    <MemberID>0971 1005 00357888 02</MemberID>
    <PayerID>A036</PayerID>
    <ProviderID>PF1465</ProviderID>
    <EmiratesIDNumber>999-9999-9999999-9</EmiratesIDNumber>
    <Gross>248.00</Gross>
    <PatientShare>0.00</PatientShare>
    <Net>248.00</Net>
    <Encounter>
      <FacilityID>PF1465</FacilityID>
      <Type>1</Type>
      <PatientID>110048613</PatientID>
      <Start>21/09/2013 18:13</Start>
      <End>21/09/2013 18:13</End>
      <StartType>1</StartType>
      <EndType>1</EndType>
    </Encounter>
    <Diagnosis>
      <Type>Principal</Type>
      <Code>640.03</Code>
    </Diagnosis>
    <Diagnosis>
      <Type>Secondary</Type>
      <Code>646.83</Code>
    </Diagnosis>
    <Diagnosis>
      <Type>Secondary</Type>
      <Code>789.07</Code>
    </Diagnosis>
    <Diagnosis>
      <Type>Secondary</Type>
      <Code>648.73</Code>
    </Diagnosis>
    <Diagnosis>
      <Type>Secondary</Type>
      <Code>724.5</Code>
    </Diagnosis>
    <Activity>
      <ID>39447658</ID>
      <Start>21/09/2013 18:13</Start>
      <Type>5</Type>
      <Code>1644-3617-001</Code>
      <Quantity>5.00</Quantity>
      <Net>105.00</Net>
      <Clinician>GD11402</Clinician>
    </Activity>
    <Activity>
      <ID>39447659</ID>
      <Start>21/09/2013 18:13</Start>
      <Type>5</Type>
      <Code>2416-2003-002</Code>
      <Quantity>2.00</Quantity>
      <Net>143.00</Net>
      <Clinician>GD11402</Clinician>
    </Activity>
    <Contract>
      <PackageName>Al Ittihad Watani Mednet</PackageName>
    </Contract>
  </Claim>
  <Claim>
    <ID>SP30210557</ID>
    <IDPayer />
    <MemberID>0971 1005 00322705 01</MemberID>
    <PayerID>A036</PayerID>
    <ProviderID>PF1465</ProviderID>
    <EmiratesIDNumber>999-9999-9999999-9</EmiratesIDNumber>
    <Gross>12.50</Gross>
    <PatientShare>0.00</PatientShare>
    <Net>12.50</Net>
    <Encounter>
      <FacilityID>PF1465</FacilityID>
      <Type>1</Type>
      <PatientID>230015803</PatientID>
      <Start>24/09/2013 09:45</Start>
      <End>24/09/2013 09:45</End>
      <StartType>1</StartType>
      <EndType>1</EndType>
    </Encounter>
    <Diagnosis>
      <Type>Principal</Type>
      <Code>054.2</Code>
    </Diagnosis>
    <Diagnosis>
      <Type>Secondary</Type>
      <Code>051.2</Code>
    </Diagnosis>
    <Activity>
      <ID>39447660</ID>
      <Start>24/09/2013 09:45</Start>
      <Type>5</Type>
      <Code>1629-2486-001</Code>
      <Quantity>1.00</Quantity>
      <Net>12.50</Net>
      <Clinician>GD11095</Clinician>
    </Activity>
    <Contract>
      <PackageName>Al Ittihad Watani Mednet</PackageName>
    </Contract>
  </Claim>
  <Claim>
    <ID>SP30210558</ID>
    <IDPayer />
    <MemberID>0971 1037 00426258 02</MemberID>
    <PayerID>A036</PayerID>
    <ProviderID>PF1465</ProviderID>
    <EmiratesIDNumber>999-9999-9999999-9</EmiratesIDNumber>
    <Gross>132.00</Gross>
    <PatientShare>0.00</PatientShare>
    <Net>132.00</Net>
    <Encounter>
      <FacilityID>PF1465</FacilityID>
      <Type>1</Type>
      <PatientID>7504642</PatientID>
      <Start>25/09/2013 21:20</Start>
      <End>25/09/2013 21:20</End>
      <StartType>1</StartType>
      <EndType>1</EndType>
    </Encounter>
    <Diagnosis>
      <Type>Secondary</Type>
      <Code>268.0</Code>
    </Diagnosis>
    <Diagnosis>
      <Type>Secondary</Type>
      <Code>041.4</Code>
    </Diagnosis>
    <Diagnosis>
      <Type>Secondary</Type>
      <Code>789.07</Code>
    </Diagnosis>
    <Diagnosis>
      <Type>Secondary</Type>
      <Code>V09.1</Code>
    </Diagnosis>
    <Diagnosis>
      <Type>Principal</Type>
      <Code>463</Code>
    </Diagnosis>
    <Diagnosis>
      <Type>Secondary</Type>
      <Code>788.1</Code>
    </Diagnosis>
    <Diagnosis>
      <Type>Secondary</Type>
      <Code>285.9</Code>
    </Diagnosis>
    <Activity>
      <ID>39447661</ID>
      <Start>25/09/2013 21:20</Start>
      <Type>5</Type>
      <Code>1387-3661-002</Code>
      <Quantity>1.00</Quantity>
      <Net>24.00</Net>
      <Clinician>D5581</Clinician>
    </Activity>
    <Activity>
      <ID>39447662</ID>
      <Start>25/09/2013 21:20</Start>
      <Type>5</Type>
      <Code>1556-4476-004</Code>
      <Quantity>1.00</Quantity>
      <Net>16.00</Net>
      <Clinician>D5581</Clinician>
    </Activity>
    <Activity>
      <ID>39447663</ID>
      <Start>25/09/2013 21:20</Start>
      <Type>5</Type>
      <Code>1552-3448-002</Code>
      <Quantity>1.00</Quantity>
      <Net>15.50</Net>
      <Clinician>D5581</Clinician>
    </Activity>
    <Activity>
      <ID>39447664</ID>
      <Start>25/09/2013 21:20</Start>
      <Type>5</Type>
      <Code>1472-1058-004</Code>
      <Quantity>1.00</Quantity>
      <Net>5.50</Net>
      <Clinician>D5581</Clinician>
    </Activity>
    <Activity>
      <ID>39447665</ID>
      <Start>25/09/2013 21:20</Start>
      <Type>5</Type>
      <Code>1711-4572-007</Code>
      <Quantity>1.00</Quantity>
      <Net>17.50</Net>
      <Clinician>D5581</Clinician>
    </Activity>
    <Activity>
      <ID>39447666</ID>
      <Start>25/09/2013 21:20</Start>
      <Type>5</Type>
      <Code>1250-4098-002</Code>
      <Quantity>1.00</Quantity>
      <Net>53.50</Net>
      <Clinician>D5581</Clinician>
    </Activity>
    <Contract>
      <PackageName>Al Ittihad Watani Mednet</PackageName>
    </Contract>
  </Claim>
  <Claim>
    <ID>SP30210559</ID>
    <IDPayer />
    <MemberID>0971 1005 00415677 01</MemberID>
    <PayerID>A036</PayerID>
    <ProviderID>PF1465</ProviderID>
    <EmiratesIDNumber>999-9999-9999999-9</EmiratesIDNumber>
    <Gross>239.00</Gross>
    <PatientShare>0.00</PatientShare>
    <Net>239.00</Net>
    <Encounter>
      <FacilityID>PF1465</FacilityID>
      <Type>1</Type>
      <PatientID>160010518</PatientID>
      <Start>25/09/2013 21:37</Start>
      <End>25/09/2013 21:37</End>
      <StartType>1</StartType>
      <EndType>1</EndType>
    </Encounter>
    <Diagnosis>
      <Type>Principal</Type>
      <Code>686.09</Code>
    </Diagnosis>
    <Activity>
      <ID>39447667</ID>
      <Start>25/09/2013 21:37</Start>
      <Type>5</Type>
      <Code>1750-4545-012</Code>
      <Quantity>2.00</Quantity>
      <Net>209.00</Net>
      <Clinician>GD11439</Clinician>
    </Activity>
    <Activity>
      <ID>39447668</ID>
      <Start>25/09/2013 21:37</Start>
      <Type>5</Type>
      <Code>1671-1331-001</Code>
      <Quantity>1.00</Quantity>
      <Net>30.00</Net>
      <Clinician>GD11439</Clinician>
    </Activity>
    <Contract>
      <PackageName>Al Ittihad Watani Mednet</PackageName>
    </Contract>
  </Claim>
  <Claim>
    <ID>SP30219680</ID>
    <IDPayer />
    <MemberID>0971 1005 00358150 02</MemberID>
    <PayerID>A036</PayerID>
    <ProviderID>PF1465</ProviderID>
    <EmiratesIDNumber>999-9999-9999999-9</EmiratesIDNumber>
    <Gross>254.00</Gross>
    <PatientShare>0.00</PatientShare>
    <Net>254.00</Net>
    <Encounter>
      <FacilityID>PF1465</FacilityID>
      <Type>1</Type>
      <PatientID>447918</PatientID>
      <Start>26/09/2013 20:52</Start>
      <End>26/09/2013 20:52</End>
      <StartType>1</StartType>
      <EndType>1</EndType>
    </Encounter>
    <Diagnosis>
      <Type>Principal</Type>
      <Code>646.83</Code>
    </Diagnosis>
    <Diagnosis>
      <Type>Secondary</Type>
      <Code>648.73</Code>
    </Diagnosis>
    <Diagnosis>
      <Type>Secondary</Type>
      <Code>724.5</Code>
    </Diagnosis>
    <Diagnosis>
      <Type>Secondary</Type>
      <Code>789.07</Code>
    </Diagnosis>
    <Activity>
      <ID>39447669</ID>
      <Start>26/09/2013 20:52</Start>
      <Type>5</Type>
      <Code>1732-3442-002</Code>
      <Quantity>2.00</Quantity>
      <Net>56.00</Net>
      <Clinician>GD11402</Clinician>
    </Activity>
    <Activity>
      <ID>39447670</ID>
      <Start>26/09/2013 20:52</Start>
      <Type>5</Type>
      <Code>1873-6751-001</Code>
      <Quantity>2.00</Quantity>
      <Net>198.00</Net>
      <Clinician>GD11402</Clinician>
    </Activity>
    <Contract>
      <PackageName>Al Ittihad Watani Mednet</PackageName>
    </Contract>
  </Claim>
  <Claim>
    <ID>SP30219681</ID>
    <IDPayer />
    <MemberID>0971 1005 00396911 02</MemberID>
    <PayerID>A036</PayerID>
    <ProviderID>PF1465</ProviderID>
    <EmiratesIDNumber>999-9999-9999999-9</EmiratesIDNumber>
    <Gross>61.00</Gross>
    <PatientShare>0.00</PatientShare>
    <Net>61.00</Net>
    <Encounter>
      <FacilityID>PF1465</FacilityID>
      <Type>1</Type>
      <PatientID>230018163</PatientID>
      <Start>28/09/2013 11:19</Start>
      <End>28/09/2013 11:19</End>
      <StartType>1</StartType>
      <EndType>1</EndType>
    </Encounter>
    <Diagnosis>
      <Type>Principal</Type>
      <Code>690.10</Code>
    </Diagnosis>
    <Activity>
      <ID>39447671</ID>
      <Start>28/09/2013 11:19</Start>
      <Type>5</Type>
      <Code>1648-2055-003</Code>
      <Quantity>2.00</Quantity>
      <Net>61.00</Net>
      <Clinician>D3115</Clinician>
    </Activity>
    <Contract>
      <PackageName>Al Ittihad Watani Mednet</PackageName>
    </Contract>
  </Claim>
  <Claim>
    <ID>SP30219682</ID>
    <IDPayer />
    <MemberID>0971 1005 00362190 01</MemberID>
    <PayerID>A036</PayerID>
    <ProviderID>PF1465</ProviderID>
    <EmiratesIDNumber>999-9999-9999999-9</EmiratesIDNumber>
    <Gross>75.50</Gross>
    <PatientShare>0.00</PatientShare>
    <Net>75.50</Net>
    <Encounter>
      <FacilityID>PF1465</FacilityID>
      <Type>1</Type>
      <PatientID>1000111011</PatientID>
      <Start>29/09/2013 21:19</Start>
      <End>29/09/2013 21:19</End>
      <StartType>1</StartType>
      <EndType>1</EndType>
    </Encounter>
    <Diagnosis>
      <Type>Principal</Type>
      <Code>380.4</Code>
    </Diagnosis>
    <Diagnosis>
      <Type>Secondary</Type>
      <Code>380.13</Code>
    </Diagnosis>
    <Diagnosis>
      <Type>Secondary</Type>
      <Code>382.9</Code>
    </Diagnosis>
    <Activity>
      <ID>39447672</ID>
      <Start>29/09/2013 21:19</Start>
      <Type>5</Type>
      <Code>2209-6110-001</Code>
      <Quantity>1.00</Quantity>
      <Net>6.50</Net>
      <Clinician>D3199</Clinician>
    </Activity>
    <Activity>
      <ID>39447673</ID>
      <Start>29/09/2013 21:19</Start>
      <Type>5</Type>
      <Code>1241-2729-001</Code>
      <Quantity>1.00</Quantity>
      <Net>69.00</Net>
      <Clinician>D3199</Clinician>
    </Activity>
    <Contract>
      <PackageName>Al Ittihad Watani Mednet</PackageName>
    </Contract>
  </Claim>
</Claim.Submission>