<?xml version="1.0" encoding="US-ASCII"?><Claim.Submission xsi:noNamespaceSchemaLocation="http://www.haad.ae/DataDictionary/CommonTypes/ClaimSubmission.xsd" xmlns:tns="http://www.haad.ae/DataDictionary/CommonTypes" xmlns:xsi="http://www.w3.org/2001/XMLSchema-instance">
<Header>
<SenderID>MF771</SenderID>
<ReceiverID>C004</ReceiverID>
<TransactionDate>13/10/2013 10:16</TransactionDate>
<RecordCount>7</RecordCount>
<DispositionFlag>PRODUCTION</DispositionFlag>
</Header>
<Claim>
<ID>APM-981474</ID>
<IDPayer/>
<MemberID>097110330044049701</MemberID>
<PayerID>A020</PayerID>
<ProviderID>MF771</ProviderID>
<EmiratesIDNumber>000-0000-0000000-0</EmiratesIDNumber>
<Gross>214.4</Gross>
<PatientShare>0</PatientShare>
<Net>214.4</Net>
<Encounter>
<FacilityID>MF771</FacilityID>
<Type>1</Type>
<PatientID>33933</PatientID>
<Start>23/09/2013 00:00</Start>
<End>23/09/2013 00:00</End>
<StartType>8</StartType>
<EndType>1</EndType>
<TransferSource>MF983</TransferSource>
<TransferDestination/>
</Encounter>
<Diagnosis>
<Type>Principal</Type>
<Code>558.9</Code>
</Diagnosis>
<Diagnosis>
<Type>Secondary</Type>
<Code>041.3</Code>
</Diagnosis>
<Activity>
<ID>5307509</ID>
<Start>23/09/2013 00:00</Start>
<Type>3</Type>
<Code>87425</Code>
<Quantity>1.0</Quantity>
<Net>68.8</Net>
<Clinician>D3221</Clinician>
<PriorAuthorizationID/>
</Activity>
<Activity>
<ID>5307510</ID>
<Start>23/09/2013 00:00</Start>
<Type>3</Type>
<Code>87184</Code>
<Quantity>1.0</Quantity>
<Net>40.0</Net>
<Clinician>D3221</Clinician>
<PriorAuthorizationID/>
</Activity>
<Activity>
<ID>5307511</ID>
<Start>23/09/2013 00:00</Start>
<Type>3</Type>
<Code>87177</Code>
<Quantity>1.0</Quantity>
<Net>51.2</Net>
<Clinician>D3221</Clinician>
<PriorAuthorizationID/>
</Activity>
<Activity>
<ID>5307512</ID>
<Start>23/09/2013 00:00</Start>
<Type>3</Type>
<Code>87045</Code>
<Quantity>1.0</Quantity>
<Net>54.4</Net>
<Clinician>D3221</Clinician>
<PriorAuthorizationID/>
</Activity>
<Contract>
<PackageName>Salama-Mednet </PackageName>
</Contract>
</Claim>
<Claim>
<ID>APM-981518</ID>
<IDPayer/>
<MemberID>097110040046635902</MemberID>
<PayerID>@Orient</PayerID>
<ProviderID>MF771</ProviderID>
<EmiratesIDNumber>000-0000-0000000-0</EmiratesIDNumber>
<Gross>86.4</Gross>
<PatientShare>0</PatientShare>
<Net>86.4</Net>
<Encounter>
<FacilityID>MF771</FacilityID>
<Type>1</Type>
<PatientID>142395</PatientID>
<Start>24/09/2013 00:00</Start>
<End>24/09/2013 00:00</End>
<StartType>8</StartType>
<EndType>1</EndType>
<TransferSource>MF2121</TransferSource>
<TransferDestination/>
</Encounter>
<Diagnosis>
<Type>Principal</Type>
<Code>599.0</Code>
</Diagnosis>
<Diagnosis>
<Type>Secondary</Type>
<Code>041.4</Code>
</Diagnosis>
<Activity>
<ID>5307526</ID>
<Start>24/09/2013 00:00</Start>
<Type>3</Type>
<Code>87088</Code>
<Quantity>1.0</Quantity>
<Net>46.4</Net>
<Clinician>GD5711</Clinician>
<PriorAuthorizationID/>
</Activity>
<Activity>
<ID>5307527</ID>
<Start>24/09/2013 00:00</Start>
<Type>3</Type>
<Code>87184</Code>
<Quantity>1.0</Quantity>
<Net>40.0</Net>
<Clinician>GD5711</Clinician>
<PriorAuthorizationID/>
</Activity>
<Contract>
<PackageName>Orient - Mednet</PackageName>
</Contract>
</Claim>
<Claim>
<ID>APM-981521</ID>
<IDPayer/>
<MemberID>097110030001115101</MemberID>
<PayerID>A009</PayerID>
<ProviderID>MF771</ProviderID>
<EmiratesIDNumber>000-0000-0000000-0</EmiratesIDNumber>
<Gross>107.2</Gross>
<PatientShare>0</PatientShare>
<Net>107.2</Net>
<Encounter>
<FacilityID>MF771</FacilityID>
<Type>1</Type>
<PatientID>123787</PatientID>
<Start>26/09/2013 00:00</Start>
<End>26/09/2013 00:00</End>
<StartType>8</StartType>
<EndType>1</EndType>
<TransferSource>MF278</TransferSource>
<TransferDestination/>
</Encounter>
<Diagnosis>
<Type>Principal</Type>
<Code>272.4</Code>
</Diagnosis>
<Diagnosis>
<Type>Secondary</Type>
<Code>465.9</Code>
</Diagnosis>
<Activity>
<ID>5307531</ID>
<Start>26/09/2013 00:00</Start>
<Type>3</Type>
<Code>80061</Code>
<Quantity>1.0</Quantity>
<Net>107.2</Net>
<Clinician>D44</Clinician>
<PriorAuthorizationID/>
</Activity>
<Contract>
<PackageName>RAK - MedNet</PackageName>
</Contract>
</Claim>
<Claim>
<ID>APM-981525</ID>
<IDPayer/>
<MemberID>097110040035044102</MemberID>
<PayerID>@Orient</PayerID>
<ProviderID>MF771</ProviderID>
<EmiratesIDNumber>000-0000-0000000-0</EmiratesIDNumber>
<Gross>451.2</Gross>
<PatientShare>0</PatientShare>
<Net>451.2</Net>
<Encounter>
<FacilityID>MF771</FacilityID>
<Type>1</Type>
<PatientID>116653</PatientID>
<Start>28/09/2013 00:00</Start>
<End>28/09/2013 00:00</End>
<StartType>8</StartType>
<EndType>1</EndType>
<TransferSource>MF983</TransferSource>
<TransferDestination/>
</Encounter>
<Diagnosis>
<Type>Principal</Type>
<Code>V72.83</Code>
</Diagnosis>
<Diagnosis>
<Type>Secondary</Type>
<Code>285.9</Code>
</Diagnosis>
<Diagnosis>
<Type>Secondary</Type>
<Code>656.73</Code>
</Diagnosis>
<Diagnosis>
<Type>Secondary</Type>
<Code>648.23</Code>
</Diagnosis>
<Activity>
<ID>5307534</ID>
<Start>28/09/2013 00:00</Start>
<Type>3</Type>
<Code>85610</Code>
<Quantity>1.0</Quantity>
<Net>22.4</Net>
<Clinician>D3427</Clinician>
<PriorAuthorizationID/>
</Activity>
<Activity>
<ID>5307535</ID>
<Start>28/09/2013 00:00</Start>
<Type>3</Type>
<Code>84520</Code>
<Quantity>1.0</Quantity>
<Net>22.4</Net>
<Clinician>D3427</Clinician>
<PriorAuthorizationID/>
</Activity>
<Activity>
<ID>5307536</ID>
<Start>28/09/2013 00:00</Start>
<Type>3</Type>
<Code>84443</Code>
<Quantity>1.0</Quantity>
<Net>96.0</Net>
<Clinician>D3427</Clinician>
<PriorAuthorizationID/>
</Activity>
<Activity>
<ID>5307537</ID>
<Start>28/09/2013 00:00</Start>
<Type>3</Type>
<Code>85730</Code>
<Quantity>1.0</Quantity>
<Net>35.2</Net>
<Clinician>D3427</Clinician>
<PriorAuthorizationID/>
</Activity>
<Activity>
<ID>5307538</ID>
<Start>28/09/2013 00:00</Start>
<Type>3</Type>
<Code>86803</Code>
<Quantity>1.0</Quantity>
<Net>73.6</Net>
<Clinician>D3427</Clinician>
<PriorAuthorizationID/>
</Activity>
<Activity>
<ID>5307539</ID>
<Start>28/09/2013 00:00</Start>
<Type>3</Type>
<Code>87341</Code>
<Quantity>1.0</Quantity>
<Net>59.2</Net>
<Clinician>D3427</Clinician>
<PriorAuthorizationID/>
</Activity>
<Activity>
<ID>5307540</ID>
<Start>28/09/2013 00:00</Start>
<Type>3</Type>
<Code>85025</Code>
<Quantity>1.0</Quantity>
<Net>44.8</Net>
<Clinician>D3427</Clinician>
<PriorAuthorizationID/>
</Activity>
<Activity>
<ID>5307541</ID>
<Start>28/09/2013 00:00</Start>
<Type>3</Type>
<Code>82950</Code>
<Quantity>1.0</Quantity>
<Net>27.2</Net>
<Clinician>D3427</Clinician>
<PriorAuthorizationID/>
</Activity>
<Activity>
<ID>5307542</ID>
<Start>28/09/2013 00:00</Start>
<Type>3</Type>
<Code>86703</Code>
<Quantity>1.0</Quantity>
<Net>70.4</Net>
<Clinician>D3427</Clinician>
<PriorAuthorizationID/>
</Activity>
<Contract>
<PackageName>Orient - Mednet</PackageName>
</Contract>
</Claim>
<Claim>
<ID>APM-981529</ID>
<IDPayer/>
<MemberID>097110330044157901</MemberID>
<PayerID>A020</PayerID>
<ProviderID>MF771</ProviderID>
<EmiratesIDNumber>000-0000-0000000-0</EmiratesIDNumber>
<Gross>833.6</Gross>
<PatientShare>0</PatientShare>
<Net>833.6</Net>
<Encounter>
<FacilityID>MF771</FacilityID>
<Type>1</Type>
<PatientID>142440</PatientID>
<Start>28/09/2013 00:00</Start>
<End>28/09/2013 00:00</End>
<StartType>8</StartType>
<EndType>1</EndType>
<TransferSource>MF607</TransferSource>
<TransferDestination/>
</Encounter>
<Diagnosis>
<Type>Principal</Type>
<Code>250.00</Code>
</Diagnosis>
<Diagnosis>
<Type>Secondary</Type>
<Code>780.79</Code>
</Diagnosis>
<Diagnosis>
<Type>Secondary</Type>
<Code>272.4</Code>
</Diagnosis>
<Activity>
<ID>5307562</ID>
<Start>28/09/2013 00:00</Start>
<Type>3</Type>
<Code>80076</Code>
<Quantity>1.0</Quantity>
<Net>275.2</Net>
<Clinician>D3367</Clinician>
<PriorAuthorizationID/>
</Activity>
<Activity>
<ID>5307563</ID>
<Start>28/09/2013 00:00</Start>
<Type>3</Type>
<Code>82043</Code>
<Quantity>1.0</Quantity>
<Net>33.6</Net>
<Clinician>D3367</Clinician>
<PriorAuthorizationID/>
<Observation>
<Type>LOINC</Type>
<Code>14957-5</Code>
<Value>23.14</Value>
<ValueType>Mg/l</ValueType>
</Observation>
</Activity>
<Activity>
<ID>5307564</ID>
<Start>28/09/2013 00:00</Start>
<Type>3</Type>
<Code>84295</Code>
<Quantity>1.0</Quantity>
<Net>28.8</Net>
<Clinician>D3367</Clinician>
<PriorAuthorizationID/>
</Activity>
<Activity>
<ID>5307565</ID>
<Start>28/09/2013 00:00</Start>
<Type>3</Type>
<Code>82977</Code>
<Quantity>1.0</Quantity>
<Net>41.6</Net>
<Clinician>D3367</Clinician>
<PriorAuthorizationID/>
</Activity>
<Activity>
<ID>5307566</ID>
<Start>28/09/2013 00:00</Start>
<Type>3</Type>
<Code>84132</Code>
<Quantity>1.0</Quantity>
<Net>27.2</Net>
<Clinician>D3367</Clinician>
<PriorAuthorizationID/>
</Activity>
<Activity>
<ID>5307567</ID>
<Start>28/09/2013 00:00</Start>
<Type>3</Type>
<Code>84443</Code>
<Quantity>1.0</Quantity>
<Net>96.0</Net>
<Clinician>D3367</Clinician>
<PriorAuthorizationID/>
</Activity>
<Activity>
<ID>5307568</ID>
<Start>28/09/2013 00:00</Start>
<Type>3</Type>
<Code>83036</Code>
<Quantity>1.0</Quantity>
<Net>56.0</Net>
<Clinician>D3367</Clinician>
<PriorAuthorizationID/>
<Observation>
<Type>LOINC</Type>
<Code>4548-4</Code>
<Value>6.5</Value>
<ValueType>%</ValueType>
</Observation>
</Activity>
<Activity>
<ID>5307569</ID>
<Start>28/09/2013 00:00</Start>
<Type>3</Type>
<Code>82947</Code>
<Quantity>1.0</Quantity>
<Net>22.4</Net>
<Clinician>D3367</Clinician>
<PriorAuthorizationID/>
<Observation>
<Type>LOINC</Type>
<Code>14996-3</Code>
<Value>165</Value>
<ValueType>mmol/l</ValueType>
</Observation>
</Activity>
<Activity>
<ID>5307570</ID>
<Start>28/09/2013 00:00</Start>
<Type>3</Type>
<Code>84520</Code>
<Quantity>1.0</Quantity>
<Net>22.4</Net>
<Clinician>D3367</Clinician>
<PriorAuthorizationID/>
</Activity>
<Activity>
<ID>5307571</ID>
<Start>28/09/2013 00:00</Start>
<Type>3</Type>
<Code>82570</Code>
<Quantity>1.0</Quantity>
<Net>30.4</Net>
<Clinician>D3367</Clinician>
<PriorAuthorizationID/>
</Activity>
<Activity>
<ID>5307572</ID>
<Start>28/09/2013 00:00</Start>
<Type>3</Type>
<Code>82565</Code>
<Quantity>1.0</Quantity>
<Net>28.8</Net>
<Clinician>D3367</Clinician>
<PriorAuthorizationID/>
</Activity>
<Activity>
<ID>5307573</ID>
<Start>28/09/2013 00:00</Start>
<Type>3</Type>
<Code>80061</Code>
<Quantity>1.0</Quantity>
<Net>107.2</Net>
<Clinician>D3367</Clinician>
<PriorAuthorizationID/>
</Activity>
<Activity>
<ID>5307574</ID>
<Start>28/09/2013 00:00</Start>
<Type>3</Type>
<Code>82550</Code>
<Quantity>1.0</Quantity>
<Net>36.8</Net>
<Clinician>D3367</Clinician>
<PriorAuthorizationID/>
</Activity>
<Activity>
<ID>5307575</ID>
<Start>28/09/2013 00:00</Start>
<Type>3</Type>
<Code>82435</Code>
<Quantity>1.0</Quantity>
<Net>27.2</Net>
<Clinician>D3367</Clinician>
<PriorAuthorizationID/>
</Activity>
<Contract>
<PackageName>Salama-Mednet </PackageName>
</Contract>
</Claim>
<Claim>
<ID>APM-981533</ID>
<IDPayer/>
<MemberID>097110040033970801</MemberID>
<PayerID>@Orient</PayerID>
<ProviderID>MF771</ProviderID>
<EmiratesIDNumber>000-0000-0000000-0</EmiratesIDNumber>
<Gross>374.4</Gross>
<PatientShare>0</PatientShare>
<Net>374.4</Net>
<Encounter>
<FacilityID>MF771</FacilityID>
<Type>1</Type>
<PatientID>142449</PatientID>
<Start>28/09/2013 00:00</Start>
<End>28/09/2013 00:00</End>
<StartType>8</StartType>
<EndType>1</EndType>
<TransferSource>MF983</TransferSource>
<TransferDestination/>
</Encounter>
<Diagnosis>
<Type>Principal</Type>
<Code>041.3</Code>
</Diagnosis>
<Diagnosis>
<Type>Secondary</Type>
<Code>462</Code>
</Diagnosis>
<Diagnosis>
<Type>Secondary</Type>
<Code>465.9</Code>
</Diagnosis>
<Diagnosis>
<Type>Secondary</Type>
<Code>478.19</Code>
</Diagnosis>
<Activity>
<ID>5307604</ID>
<Start>28/09/2013 00:00</Start>
<Type>3</Type>
<Code>85652</Code>
<Quantity>1.0</Quantity>
<Net>16.0</Net>
<Clinician>GD12899</Clinician>
<PriorAuthorizationID/>
</Activity>
<Activity>
<ID>5307605</ID>
<Start>28/09/2013 00:00</Start>
<Type>3</Type>
<Code>87070</Code>
<Quantity>1.0</Quantity>
<Net>49.6</Net>
<Clinician>GD12899</Clinician>
<PriorAuthorizationID/>
</Activity>
<Activity>
<ID>5307606</ID>
<Start>28/09/2013 00:00</Start>
<Type>3</Type>
<Code>87582</Code>
<Quantity>1.0</Quantity>
<Net>240.0</Net>
<Clinician>GD12899</Clinician>
<PriorAuthorizationID/>
</Activity>
<Activity>
<ID>5307607</ID>
<Start>28/09/2013 00:00</Start>
<Type>3</Type>
<Code>85025</Code>
<Quantity>1.0</Quantity>
<Net>44.8</Net>
<Clinician>GD12899</Clinician>
<PriorAuthorizationID/>
</Activity>
<Activity>
<ID>5307608</ID>
<Start>28/09/2013 00:00</Start>
<Type>3</Type>
<Code>87210</Code>
<Quantity>1.0</Quantity>
<Net>24.0</Net>
<Clinician>GD12899</Clinician>
<PriorAuthorizationID/>
</Activity>
<Contract>
<PackageName>Orient - Mednet</PackageName>
</Contract>
</Claim>
<Claim>
<ID>APM-981535</ID>
<IDPayer/>
<MemberID>097110040035044102</MemberID>
<PayerID>@Orient</PayerID>
<ProviderID>MF771</ProviderID>
<EmiratesIDNumber>000-0000-0000000-0</EmiratesIDNumber>
<Gross>244.8</Gross>
<PatientShare>0</PatientShare>
<Net>244.8</Net>
<Encounter>
<FacilityID>MF771</FacilityID>
<Type>1</Type>
<PatientID>116653</PatientID>
<Start>29/09/2013 00:00</Start>
<End>29/09/2013 00:00</End>
<StartType>8</StartType>
<EndType>1</EndType>
<TransferSource>MF983</TransferSource>
<TransferDestination/>
</Encounter>
<Diagnosis>
<Type>Principal</Type>
<Code>794.5</Code>
</Diagnosis>
<Diagnosis>
<Type>Secondary</Type>
<Code>653.43</Code>
</Diagnosis>
<Diagnosis>
<Type>Secondary</Type>
<Code>285.9</Code>
</Diagnosis>
<Diagnosis>
<Type>Secondary</Type>
<Code>648.23</Code>
</Diagnosis>
<Activity>
<ID>5307486</ID>
<Start>29/09/2013 00:00</Start>
<Type>3</Type>
<Code>84443</Code>
<Quantity>1.0</Quantity>
<Net>96.0</Net>
<Clinician>D3427</Clinician>
<PriorAuthorizationID/>
</Activity>
<Activity>
<ID>5307487</ID>
<Start>29/09/2013 00:00</Start>
<Type>3</Type>
<Code>84481</Code>
<Quantity>1.0</Quantity>
<Net>97.6</Net>
<Clinician>D3427</Clinician>
<PriorAuthorizationID/>
</Activity>
<Activity>
<ID>5307488</ID>
<Start>29/09/2013 00:00</Start>
<Type>3</Type>
<Code>84439</Code>
<Quantity>1.0</Quantity>
<Net>51.2</Net>
<Clinician>D3427</Clinician>
<PriorAuthorizationID/>
</Activity>
<Contract>
<PackageName>Orient - Mednet</PackageName>
</Contract>
</Claim>
</Claim.Submission>
