<?xml version="1.0" encoding="US-ASCII"?><Claim.Submission xsi:noNamespaceSchemaLocation="http://www.haad.ae/DataDictionary/CommonTypes/ClaimSubmission.xsd" xmlns:tns="http://www.haad.ae/DataDictionary/CommonTypes" xmlns:xsi="http://www.w3.org/2001/XMLSchema-instance">
<Header>
<SenderID>MF464</SenderID>
<ReceiverID>C004</ReceiverID>
<TransactionDate>30/10/2013 09:53</TransactionDate>
<RecordCount>6</RecordCount>
<DispositionFlag>PRODUCTION</DispositionFlag>
</Header>
<Claim>
<ID>APM-989129</ID>
<IDPayer/>
<MemberID>097110040039571301</MemberID>
<PayerID>@Orient</PayerID>
<ProviderID>MF464</ProviderID>
<EmiratesIDNumber>000-0000-0000000-0</EmiratesIDNumber>
<Gross>752.1</Gross>
<PatientShare>35</PatientShare>
<Net>717.1</Net>
<Encounter>
<FacilityID>MF464</FacilityID>
<Type>1</Type>
<PatientID>91479/01</PatientID>
<Start>23/09/2013 00:00</Start>
<End>23/09/2013 00:00</End>
<StartType>1</StartType>
<EndType>1</EndType>
<TransferSource/>
<TransferDestination/>
</Encounter>
<Diagnosis>
<Type>Principal</Type>
<Code>250.00</Code>
</Diagnosis>
<Diagnosis>
<Type>Secondary</Type>
<Code>571.8</Code>
</Diagnosis>
<Activity>
<ID>5345282</ID>
<Start>23/09/2013 00:00</Start>
<Type>3</Type>
<Code>99212</Code>
<Quantity>1.0</Quantity>
<Net>93.8</Net>
<Clinician>D3344</Clinician>
<PriorAuthorizationID/>
</Activity>
<Activity>
<ID>5345283</ID>
<Start>23/09/2013 00:00</Start>
<Type>3</Type>
<Code>82043</Code>
<Quantity>1.0</Quantity>
<Net>48.3</Net>
<Clinician>D3344</Clinician>
<PriorAuthorizationID/>
<Observation>
<Type>LOINC</Type>
<Code>14957-5</Code>
<Value>9</Value>
<ValueType>Mg/l</ValueType>
</Observation>
</Activity>
<Activity>
<ID>5345284</ID>
<Start>23/09/2013 00:00</Start>
<Type>3</Type>
<Code>82977</Code>
<Quantity>1.0</Quantity>
<Net>59.8</Net>
<Clinician>D3344</Clinician>
<PriorAuthorizationID/>
</Activity>
<Activity>
<ID>5345285</ID>
<Start>23/09/2013 00:00</Start>
<Type>3</Type>
<Code>84450</Code>
<Quantity>1.0</Quantity>
<Net>43.7</Net>
<Clinician>D3344</Clinician>
<PriorAuthorizationID/>
</Activity>
<Activity>
<ID>5345286</ID>
<Start>23/09/2013 00:00</Start>
<Type>3</Type>
<Code>84460</Code>
<Quantity>1.0</Quantity>
<Net>43.7</Net>
<Clinician>D3344</Clinician>
<PriorAuthorizationID/>
</Activity>
<Activity>
<ID>5345287</ID>
<Start>23/09/2013 00:00</Start>
<Type>3</Type>
<Code>82962</Code>
<Quantity>1.0</Quantity>
<Net>18.4</Net>
<Clinician>D3344</Clinician>
<PriorAuthorizationID/>
</Activity>
<Activity>
<ID>5345288</ID>
<Start>23/09/2013 00:00</Start>
<Type>3</Type>
<Code>81000</Code>
<Quantity>1.0</Quantity>
<Net>25.3</Net>
<Clinician>D3344</Clinician>
<PriorAuthorizationID/>
</Activity>
<Activity>
<ID>5345289</ID>
<Start>23/09/2013 00:00</Start>
<Type>3</Type>
<Code>83036</Code>
<Quantity>1.0</Quantity>
<Net>80.5</Net>
<Clinician>D3344</Clinician>
<PriorAuthorizationID/>
<Observation>
<Type>LOINC</Type>
<Code>4548-4</Code>
<Value>5.5</Value>
<ValueType>%</ValueType>
</Observation>
</Activity>
<Activity>
<ID>5345290</ID>
<Start>23/09/2013 00:00</Start>
<Type>3</Type>
<Code>82947</Code>
<Quantity>1.0</Quantity>
<Net>32.2</Net>
<Clinician>D3344</Clinician>
<PriorAuthorizationID/>
<Observation>
<Type>LOINC</Type>
<Code>14996-3</Code>
<Value>5.8</Value>
<ValueType>mmol/l</ValueType>
</Observation>
</Activity>
<Activity>
<ID>5345291</ID>
<Start>23/09/2013 00:00</Start>
<Type>3</Type>
<Code>84520</Code>
<Quantity>1.0</Quantity>
<Net>32.2</Net>
<Clinician>D3344</Clinician>
<PriorAuthorizationID/>
</Activity>
<Activity>
<ID>5345292</ID>
<Start>23/09/2013 00:00</Start>
<Type>3</Type>
<Code>82565</Code>
<Quantity>1.0</Quantity>
<Net>41.4</Net>
<Clinician>D3344</Clinician>
<PriorAuthorizationID/>
</Activity>
<Activity>
<ID>5345293</ID>
<Start>23/09/2013 00:00</Start>
<Type>3</Type>
<Code>80061</Code>
<Quantity>1.0</Quantity>
<Net>154.1</Net>
<Clinician>D3344</Clinician>
<PriorAuthorizationID/>
</Activity>
<Activity>
<ID>5345294</ID>
<Start>23/09/2013 00:00</Start>
<Type>3</Type>
<Code>84075</Code>
<Quantity>1.0</Quantity>
<Net>43.7</Net>
<Clinician>D3344</Clinician>
<PriorAuthorizationID/>
</Activity>
<Contract>
<PackageName>Orient - Mednet</PackageName>
</Contract>
</Claim>
<Claim>
<ID>APM-989130</ID>
<IDPayer/>
<MemberID>097110040017686201</MemberID>
<PayerID>@Orient</PayerID>
<ProviderID>MF464</ProviderID>
<EmiratesIDNumber>000-0000-0000000-0</EmiratesIDNumber>
<Gross>968.3</Gross>
<PatientShare>0</PatientShare>
<Net>968.3</Net>
<Encounter>
<FacilityID>MF464</FacilityID>
<Type>1</Type>
<PatientID>43427/01</PatientID>
<Start>24/09/2013 00:00</Start>
<End>24/09/2013 00:00</End>
<StartType>1</StartType>
<EndType>1</EndType>
<TransferSource/>
<TransferDestination/>
</Encounter>
<Diagnosis>
<Type>Principal</Type>
<Code>461.9</Code>
</Diagnosis>
<Diagnosis>
<Type>Secondary</Type>
<Code>477.9</Code>
</Diagnosis>
<Activity>
<ID>5345312</ID>
<Start>24/09/2013 00:00</Start>
<Type>3</Type>
<Code>31231</Code>
<Quantity>1.0</Quantity>
<Net>968.3</Net>
<Clinician>GD15704</Clinician>
<PriorAuthorizationID>276812</PriorAuthorizationID>
</Activity>
<Contract>
<PackageName>Orient - Mednet</PackageName>
</Contract>
</Claim>
<Claim>
<ID>APM-989145</ID>
<IDPayer/>
<MemberID>097110040032350001</MemberID>
<PayerID>@Orient</PayerID>
<ProviderID>MF464</ProviderID>
<EmiratesIDNumber>000-0000-0000000-0</EmiratesIDNumber>
<Gross>1367</Gross>
<PatientShare>0</PatientShare>
<Net>1367</Net>
<Encounter>
<FacilityID>MF464</FacilityID>
<Type>1</Type>
<PatientID>97485/01</PatientID>
<Start>28/09/2013 00:00</Start>
<End>28/09/2013 00:00</End>
<StartType>1</StartType>
<EndType>1</EndType>
<TransferSource/>
<TransferDestination/>
</Encounter>
<Diagnosis>
<Type>Principal</Type>
<Code>250.00</Code>
</Diagnosis>
<Diagnosis>
<Type>Secondary</Type>
<Code>272.4</Code>
</Diagnosis>
<Activity>
<ID>5345527</ID>
<Start>28/09/2013 00:00</Start>
<Type>5</Type>
<Code>1283-1143-002</Code>
<Quantity>4.0</Quantity>
<Net>178.0</Net>
<Clinician>D3344</Clinician>
<PriorAuthorizationID>277496</PriorAuthorizationID>
</Activity>
<Activity>
<ID>5345528</ID>
<Start>28/09/2013 00:00</Start>
<Type>5</Type>
<Code>1752-2821-002</Code>
<Quantity>2.0</Quantity>
<Net>81.0</Net>
<Clinician>D3344</Clinician>
<PriorAuthorizationID>277496</PriorAuthorizationID>
</Activity>
<Activity>
<ID>5345529</ID>
<Start>28/09/2013 00:00</Start>
<Type>5</Type>
<Code>1531-4675-001</Code>
<Quantity>2.0</Quantity>
<Net>590.0</Net>
<Clinician>D3344</Clinician>
<PriorAuthorizationID>277496</PriorAuthorizationID>
</Activity>
<Activity>
<ID>5345530</ID>
<Start>28/09/2013 00:00</Start>
<Type>5</Type>
<Code>2319-2822-009</Code>
<Quantity>2.0</Quantity>
<Net>518.0</Net>
<Clinician>D3344</Clinician>
<PriorAuthorizationID>277496</PriorAuthorizationID>
</Activity>
<Contract>
<PackageName>Orient - Mednet</PackageName>
</Contract>
</Claim>
<Claim>
<ID>APM-994267</ID>
<IDPayer/>
<MemberID>097110030038138102</MemberID>
<PayerID>A009</PayerID>
<ProviderID>MF464</ProviderID>
<EmiratesIDNumber>000-0000-0000000-0</EmiratesIDNumber>
<Gross>64.4</Gross>
<PatientShare>50</PatientShare>
<Net>14.4</Net>
<Encounter>
<FacilityID>MF464</FacilityID>
<Type>2</Type>
<PatientID>87804/03</PatientID>
<Start>17/09/2013 00:00</Start>
<End>17/09/2013 00:00</End>
<StartType>2</StartType>
<EndType>1</EndType>
<TransferSource/>
<TransferDestination/>
</Encounter>
<Diagnosis>
<Type>Principal</Type>
<Code>783.0</Code>
</Diagnosis>
<Activity>
<ID>5371912</ID>
<Start>17/09/2013 00:00</Start>
<Type>3</Type>
<Code>99281</Code>
<Quantity>1.0</Quantity>
<Net>14.4</Net>
<Clinician>GD11391</Clinician>
<PriorAuthorizationID/>
</Activity>
<Contract>
<PackageName>RAK - MedNet</PackageName>
</Contract>
</Claim>
<Claim>
<ID>APM-994268</ID>
<IDPayer/>
<MemberID>097110030038138102</MemberID>
<PayerID>A009</PayerID>
<ProviderID>MF464</ProviderID>
<EmiratesIDNumber>000-0000-0000000-0</EmiratesIDNumber>
<Gross>153.5</Gross>
<PatientShare>30.7</PatientShare>
<Net>122.8</Net>
<Encounter>
<FacilityID>MF464</FacilityID>
<Type>1</Type>
<PatientID>87804/03</PatientID>
<Start>20/09/2013 00:00</Start>
<End>20/09/2013 00:00</End>
<StartType>1</StartType>
<EndType>1</EndType>
<TransferSource/>
<TransferDestination/>
</Encounter>
<Diagnosis>
<Type>Principal</Type>
<Code>268.9</Code>
</Diagnosis>
<Diagnosis>
<Type>Secondary</Type>
<Code>112.0</Code>
</Diagnosis>
<Activity>
<ID>5371914</ID>
<Start>20/09/2013 00:00</Start>
<Type>5</Type>
<Code>2423-6613-001</Code>
<Quantity>1.0</Quantity>
<Net>62.8</Net>
<Clinician>GD11341</Clinician>
<PriorAuthorizationID/>
</Activity>
<Activity>
<ID>5371915</ID>
<Start>20/09/2013 00:00</Start>
<Type>5</Type>
<Code>2169-6742-001</Code>
<Quantity>1.0</Quantity>
<Net>46.8</Net>
<Clinician>GD11341</Clinician>
<PriorAuthorizationID/>
</Activity>
<Activity>
<ID>5371916</ID>
<Start>20/09/2013 00:00</Start>
<Type>5</Type>
<Code>1465-1801-005</Code>
<Quantity>1.0</Quantity>
<Net>13.2</Net>
<Clinician>GD11341</Clinician>
<PriorAuthorizationID/>
</Activity>
<Contract>
<PackageName>RAK - MedNet</PackageName>
</Contract>
</Claim>
<Claim>
<ID>APM-994269</ID>
<IDPayer/>
<MemberID>097110030038138102</MemberID>
<PayerID>A009</PayerID>
<ProviderID>MF464</ProviderID>
<EmiratesIDNumber>000-0000-0000000-0</EmiratesIDNumber>
<Gross>761.5</Gross>
<PatientShare>52.8</PatientShare>
<Net>708.7</Net>
<Encounter>
<FacilityID>MF464</FacilityID>
<Type>1</Type>
<PatientID>87804/03</PatientID>
<Start>17/09/2013 00:00</Start>
<End>17/09/2013 00:00</End>
<StartType>1</StartType>
<EndType>1</EndType>
<TransferSource/>
<TransferDestination/>
</Encounter>
<Diagnosis>
<Type>Principal</Type>
<Code>280.9</Code>
</Diagnosis>
<Diagnosis>
<Type>Secondary</Type>
<Code>783.21</Code>
</Diagnosis>
<Diagnosis>
<Type>Secondary</Type>
<Code>V18.0</Code>
</Diagnosis>
<Diagnosis>
<Type>Secondary</Type>
<Code>580.89</Code>
</Diagnosis>
<Diagnosis>
<Type>Secondary</Type>
<Code>268.9</Code>
</Diagnosis>
<Diagnosis>
<Type>Secondary</Type>
<Code>112.0</Code>
</Diagnosis>
<Activity>
<ID>5371925</ID>
<Start>17/09/2013 00:00</Start>
<Type>3</Type>
<Code>99212</Code>
<Quantity>1.0</Quantity>
<Net>78.8</Net>
<Clinician>GD11341</Clinician>
<PriorAuthorizationID/>
</Activity>
<Activity>
<ID>5371926</ID>
<Start>17/09/2013 00:00</Start>
<Type>3</Type>
<Code>83540</Code>
<Quantity>1.0</Quantity>
<Net>52.9</Net>
<Clinician>GD11341</Clinician>
<PriorAuthorizationID/>
</Activity>
<Activity>
<ID>5371927</ID>
<Start>17/09/2013 00:00</Start>
<Type>3</Type>
<Code>82306</Code>
<Quantity>1.0</Quantity>
<Net>243.8</Net>
<Clinician>GD11341</Clinician>
<PriorAuthorizationID/>
</Activity>
<Activity>
<ID>5371928</ID>
<Start>17/09/2013 00:00</Start>
<Type>3</Type>
<Code>82310</Code>
<Quantity>1.0</Quantity>
<Net>41.4</Net>
<Clinician>GD11341</Clinician>
<PriorAuthorizationID/>
</Activity>
<Activity>
<ID>5371929</ID>
<Start>17/09/2013 00:00</Start>
<Type>3</Type>
<Code>85025</Code>
<Quantity>1.0</Quantity>
<Net>64.4</Net>
<Clinician>GD11341</Clinician>
<PriorAuthorizationID/>
</Activity>
<Activity>
<ID>5371930</ID>
<Start>17/09/2013 00:00</Start>
<Type>3</Type>
<Code>84100</Code>
<Quantity>1.0</Quantity>
<Net>39.1</Net>
<Clinician>GD11341</Clinician>
<PriorAuthorizationID/>
</Activity>
<Activity>
<ID>5371931</ID>
<Start>17/09/2013 00:00</Start>
<Type>3</Type>
<Code>82950</Code>
<Quantity>1.0</Quantity>
<Net>39.1</Net>
<Clinician>GD11341</Clinician>
<PriorAuthorizationID/>
</Activity>
<Activity>
<ID>5371932</ID>
<Start>17/09/2013 00:00</Start>
<Type>5</Type>
<Code>1360-3121-004</Code>
<Quantity>1.0</Quantity>
<Net>11.2</Net>
<Clinician>GD11341</Clinician>
<PriorAuthorizationID/>
</Activity>
<Activity>
<ID>5371933</ID>
<Start>17/09/2013 00:00</Start>
<Type>3</Type>
<Code>81000</Code>
<Quantity>1.0</Quantity>
<Net>25.3</Net>
<Clinician>GD11341</Clinician>
<PriorAuthorizationID/>
</Activity>
<Activity>
<ID>5371934</ID>
<Start>17/09/2013 00:00</Start>
<Type>3</Type>
<Code>82728</Code>
<Quantity>1.0</Quantity>
<Net>112.7</Net>
<Clinician>GD11341</Clinician>
<PriorAuthorizationID/>
</Activity>
<Contract>
<PackageName>RAK - MedNet</PackageName>
</Contract>
</Claim>
</Claim.Submission>
