<?xml version="1.0" encoding="UTF-8"?>
<Claim.Submission xsi:noNamespaceSchemaLocation="http://www.haad.ae/DataDictionary/CommonTypes/DataDictionary.xsd" xmlns:tns="http://www.haad.ae/DataDictionary/CommonTypes" xmlns:xsi="http://www.w3.org/2001/XMLSchema-instance">
  <Header>
    <SenderID>DHA-F-0047278</SenderID>
    <ReceiverID>C004</ReceiverID>
    <DispositionFlag>PRODUCTION</DispositionFlag>
    <TransactionDate>30/10/2013 00:00</TransactionDate>
    <RecordCount>1</RecordCount>
  </Header>
  <Claim>
    <ID>BIL0019864</ID>
    <IDPayer/>
    <MemberID>419732</MemberID>
    <PayerID>A009</PayerID>
    <ProviderID>DHA-F-0047278</ProviderID>
    <EmiratesIDNumber>784-1980-0251381-8</EmiratesIDNumber>
    <Gross>2648.70</Gross>
    <PatientShare>0</PatientShare>
    <Net>2648.70</Net>
    <Encounter>
      <FacilityID>DHA-F-0047278</FacilityID>
      <Type>3</Type>
      <PatientID>0139895</PatientID>
      <Start>27/09/2013 00:00</Start>
      <End>28/09/2013 00:00</End>
      <StartType>2</StartType>
      <EndType>1</EndType>
    </Encounter>
    <Contract>
      <PackageName/>
    </Contract>
    <Resubmission/>
    <Diagnosis>
      <Type>Principal</Type>
      <Code>J02.9</Code>
    </Diagnosis>
    <Activity>
      <ID>D3-1</ID>
      <Start>27/09/2013 00:00</Start>
      <End>27/09/2013 00:00</End>
      <Code>17.03</Code>
      <Type>8</Type>
      <Quantity>1</Quantity>
      <Net>0</Net>
      <Clinician>DHA-P-0033446</Clinician>
      <PriorAuthorizationID>419732</PriorAuthorizationID>
      <Observation>
        <Type>Text</Type>
        <Code>Non-Standard-Code</Code>
        <Value>BEDSINGLE</Value>
        <ValueType>Other</ValueType>
      </Observation>
      <Observation>
        <Type>Text</Type>
        <Code>Description</Code>
        <Value>ACCOMMODATION SINGLE</Value>
        <ValueType>Other</ValueType>
      </Observation>
    </Activity>
    <Activity>
      <ID>D4-1</ID>
      <Start>28/09/2013 00:00</Start>
      <End>28/09/2013 00:00</End>
      <Code>10</Code>
      <Type>8</Type>
      <Quantity>1</Quantity>
      <Net>0</Net>
      <Clinician>DHA-P-0033446</Clinician>
      <PriorAuthorizationID>419732</PriorAuthorizationID>
      <Observation>
        <Type>Text</Type>
        <Code>Non-Standard-Code</Code>
        <Value>SP1159</Value>
        <ValueType>Other</ValueType>
      </Observation>
      <Observation>
        <Type>Text</Type>
        <Code>Description</Code>
        <Value>Yousif Khalaf Salih -- Specialist Rounding</Value>
        <ValueType>Other</ValueType>
      </Observation>
    </Activity>
    <Activity>
      <ID>D5-1</ID>
      <Start>28/09/2013 00:00</Start>
      <End>28/09/2013 00:00</End>
      <Code>A4209</Code>
      <Type>4</Type>
      <Quantity>3</Quantity>
      <Net>0</Net>
      <Clinician>DHA-P-0033446</Clinician>
      <PriorAuthorizationID>419732</PriorAuthorizationID>
      <Observation>
        <Type>Text</Type>
        <Code>Non-Standard-Code</Code>
        <Value>INV010020526</Value>
        <ValueType>Other</ValueType>
      </Observation>
      <Observation>
        <Type>Text</Type>
        <Code>Description</Code>
        <Value>Syringe with Needle Sterile Disposable,Size-10ML,(Luer Lock)</Value>
        <ValueType>Other</ValueType>
      </Observation>
    </Activity>
    <Activity>
      <ID>D5-10</ID>
      <Start>28/09/2013 00:00</Start>
      <End>28/09/2013 00:00</End>
      <Code>T4522</Code>
      <Type>4</Type>
      <Quantity>1</Quantity>
      <Net>0</Net>
      <Clinician>DHA-P-0033446</Clinician>
      <PriorAuthorizationID>419732</PriorAuthorizationID>
      <Observation>
        <Type>Text</Type>
        <Code>Non-Standard-Code</Code>
        <Value>INV010020121</Value>
        <ValueType>Other</ValueType>
      </Observation>
      <Observation>
        <Type>Text</Type>
        <Code>Description</Code>
        <Value>Disposable Brief (Panties) Light Weight</Value>
        <ValueType>Other</ValueType>
      </Observation>
    </Activity>
    <Activity>
      <ID>D5-11</ID>
      <Start>28/09/2013 00:00</Start>
      <End>28/09/2013 00:00</End>
      <Code>A4209</Code>
      <Type>4</Type>
      <Quantity>2</Quantity>
      <Net>0</Net>
      <Clinician>DHA-P-0033446</Clinician>
      <PriorAuthorizationID>419732</PriorAuthorizationID>
      <Observation>
        <Type>Text</Type>
        <Code>Non-Standard-Code</Code>
        <Value>INV010020526</Value>
        <ValueType>Other</ValueType>
      </Observation>
      <Observation>
        <Type>Text</Type>
        <Code>Description</Code>
        <Value>Syringe with Needle Sterile Disposable,Size-10ML,(Luer Lock)</Value>
        <ValueType>Other</ValueType>
      </Observation>
    </Activity>
    <Activity>
      <ID>D5-12</ID>
      <Start>28/09/2013 00:00</Start>
      <End>28/09/2013 00:00</End>
      <Code>S8490</Code>
      <Type>4</Type>
      <Quantity>2</Quantity>
      <Net>0</Net>
      <Clinician>DHA-P-0033446</Clinician>
      <PriorAuthorizationID>419732</PriorAuthorizationID>
      <Observation>
        <Type>Text</Type>
        <Code>Non-Standard-Code</Code>
        <Value>INV010020249</Value>
        <ValueType>Other</ValueType>
      </Observation>
      <Observation>
        <Type>Text</Type>
        <Code>Description</Code>
        <Value>Insulin Syringe with Needle Disposable Size 1ML X 30G</Value>
        <ValueType>Other</ValueType>
      </Observation>
    </Activity>
    <Activity>
      <ID>D5-13</ID>
      <Start>28/09/2013 00:00</Start>
      <End>28/09/2013 00:00</End>
      <Code>A4209</Code>
      <Type>4</Type>
      <Quantity>2</Quantity>
      <Net>0</Net>
      <Clinician>DHA-P-0033446</Clinician>
      <PriorAuthorizationID>419732</PriorAuthorizationID>
      <Observation>
        <Type>Text</Type>
        <Code>Non-Standard-Code</Code>
        <Value>INV010020529</Value>
        <ValueType>Other</ValueType>
      </Observation>
      <Observation>
        <Type>Text</Type>
        <Code>Description</Code>
        <Value>Syringe with needle sterile disposable size 5ML</Value>
        <ValueType>Other</ValueType>
      </Observation>
    </Activity>
    <Activity>
      <ID>D5-14</ID>
      <Start>28/09/2013 00:00</Start>
      <End>28/09/2013 00:00</End>
      <Code>A4649</Code>
      <Type>4</Type>
      <Quantity>1</Quantity>
      <Net>0</Net>
      <Clinician>DHA-P-0033446</Clinician>
      <PriorAuthorizationID>419732</PriorAuthorizationID>
      <Observation>
        <Type>Text</Type>
        <Code>Non-Standard-Code</Code>
        <Value>INV010020500</Value>
        <ValueType>Other</ValueType>
      </Observation>
      <Observation>
        <Type>Text</Type>
        <Code>Description</Code>
        <Value>Stopcock 3 Way with Luer Lock</Value>
        <ValueType>Other</ValueType>
      </Observation>
    </Activity>
    <Activity>
      <ID>D5-15</ID>
      <Start>28/09/2013 00:00</Start>
      <End>28/09/2013 00:00</End>
      <Code>T4522</Code>
      <Type>4</Type>
      <Quantity>2</Quantity>
      <Net>0</Net>
      <Clinician>DHA-P-0033446</Clinician>
      <PriorAuthorizationID>419732</PriorAuthorizationID>
      <Observation>
        <Type>Text</Type>
        <Code>Non-Standard-Code</Code>
        <Value>INV010020121</Value>
        <ValueType>Other</ValueType>
      </Observation>
      <Observation>
        <Type>Text</Type>
        <Code>Description</Code>
        <Value>Disposable Brief (Panties) Light Weight</Value>
        <ValueType>Other</ValueType>
      </Observation>
    </Activity>
    <Activity>
      <ID>D5-16</ID>
      <Start>28/09/2013 00:00</Start>
      <End>28/09/2013 00:00</End>
      <Code>A4245</Code>
      <Type>4</Type>
      <Quantity>8</Quantity>
      <Net>0</Net>
      <Clinician>DHA-P-0033446</Clinician>
      <PriorAuthorizationID>419732</PriorAuthorizationID>
      <Observation>
        <Type>Text</Type>
        <Code>Non-Standard-Code</Code>
        <Value>INV010020577</Value>
        <ValueType>Other</ValueType>
      </Observation>
      <Observation>
        <Type>Text</Type>
        <Code>Description</Code>
        <Value>Alcohol Swabs, (200 Pcs/Box)</Value>
        <ValueType>Other</ValueType>
      </Observation>
    </Activity>
    <Activity>
      <ID>D5-17</ID>
      <Start>28/09/2013 00:00</Start>
      <End>28/09/2013 00:00</End>
      <Code>A4620</Code>
      <Type>4</Type>
      <Quantity>2</Quantity>
      <Net>0</Net>
      <Clinician>DHA-P-0033446</Clinician>
      <PriorAuthorizationID>419732</PriorAuthorizationID>
      <Observation>
        <Type>Text</Type>
        <Code>Non-Standard-Code</Code>
        <Value>INV010020185</Value>
        <ValueType>Other</ValueType>
      </Observation>
      <Observation>
        <Type>Text</Type>
        <Code>Description</Code>
        <Value>Face mask 3ply ear loop</Value>
        <ValueType>Other</ValueType>
      </Observation>
    </Activity>
    <Activity>
      <ID>D5-18</ID>
      <Start>28/09/2013 00:00</Start>
      <End>28/09/2013 00:00</End>
      <Code>A6216</Code>
      <Type>4</Type>
      <Quantity>10</Quantity>
      <Net>0</Net>
      <Clinician>DHA-P-0033446</Clinician>
      <PriorAuthorizationID>419732</PriorAuthorizationID>
      <Observation>
        <Type>Text</Type>
        <Code>Non-Standard-Code</Code>
        <Value>INV010170019</Value>
        <ValueType>Other</ValueType>
      </Observation>
      <Observation>
        <Type>Text</Type>
        <Code>Description</Code>
        <Value>Gauze Swab 5 Cm X 5 Cm X 12 PLY (2"), Non Sterile</Value>
        <ValueType>Other</ValueType>
      </Observation>
    </Activity>
    <Activity>
      <ID>D5-19</ID>
      <Start>28/09/2013 00:00</Start>
      <End>28/09/2013 00:00</End>
      <Code>A4927</Code>
      <Type>4</Type>
      <Quantity>24</Quantity>
      <Net>0</Net>
      <Clinician>DHA-P-0033446</Clinician>
      <PriorAuthorizationID>419732</PriorAuthorizationID>
      <Observation>
        <Type>Text</Type>
        <Code>Non-Standard-Code</Code>
        <Value>INV010020587</Value>
        <ValueType>Other</ValueType>
      </Observation>
      <Observation>
        <Type>Text</Type>
        <Code>Description</Code>
        <Value>Examination Gloves, Powder Free, Non-Sterile, Size: Medium,</Value>
        <ValueType>Other</ValueType>
      </Observation>
    </Activity>
    <Activity>
      <ID>D5-2</ID>
      <Start>28/09/2013 00:00</Start>
      <End>28/09/2013 00:00</End>
      <Code>A4209</Code>
      <Type>4</Type>
      <Quantity>3</Quantity>
      <Net>0</Net>
      <Clinician>DHA-P-0033446</Clinician>
      <PriorAuthorizationID>419732</PriorAuthorizationID>
      <Observation>
        <Type>Text</Type>
        <Code>Non-Standard-Code</Code>
        <Value>INV010020529</Value>
        <ValueType>Other</ValueType>
      </Observation>
      <Observation>
        <Type>Text</Type>
        <Code>Description</Code>
        <Value>Syringe with needle sterile disposable size 5ML</Value>
        <ValueType>Other</ValueType>
      </Observation>
    </Activity>
    <Activity>
      <ID>D5-20</ID>
      <Start>28/09/2013 00:00</Start>
      <End>28/09/2013 00:00</End>
      <Code>A7003</Code>
      <Type>4</Type>
      <Quantity>2</Quantity>
      <Net>0</Net>
      <Clinician>DHA-P-0033446</Clinician>
      <PriorAuthorizationID>419732</PriorAuthorizationID>
      <Observation>
        <Type>Text</Type>
        <Code>Non-Standard-Code</Code>
        <Value>INV010020252</Value>
        <ValueType>Other</ValueType>
      </Observation>
      <Observation>
        <Type>Text</Type>
        <Code>Description</Code>
        <Value>IV ADMINISTRATION SET - 20ML (INFUSION SET)</Value>
        <ValueType>Other</ValueType>
      </Observation>
    </Activity>
    <Activity>
      <ID>D5-21</ID>
      <Start>28/09/2013 00:00</Start>
      <End>28/09/2013 00:00</End>
      <Code>A4554</Code>
      <Type>4</Type>
      <Quantity>2</Quantity>
      <Net>0</Net>
      <Clinician>DHA-P-0033446</Clinician>
      <PriorAuthorizationID>419732</PriorAuthorizationID>
      <Observation>
        <Type>Text</Type>
        <Code>Non-Standard-Code</Code>
        <Value>INV010020556</Value>
        <ValueType>Other</ValueType>
      </Observation>
      <Observation>
        <Type>Text</Type>
        <Code>Description</Code>
        <Value>Under pad size 60cm x 90cm</Value>
        <ValueType>Other</ValueType>
      </Observation>
    </Activity>
    <Activity>
      <ID>D5-22</ID>
      <Start>28/09/2013 00:00</Start>
      <End>28/09/2013 00:00</End>
      <Code>A6413</Code>
      <Type>4</Type>
      <Quantity>3</Quantity>
      <Net>0</Net>
      <Clinician>DHA-P-0033446</Clinician>
      <PriorAuthorizationID>419732</PriorAuthorizationID>
      <Observation>
        <Type>Text</Type>
        <Code>Non-Standard-Code</Code>
        <Value>INV010020062</Value>
        <ValueType>Other</ValueType>
      </Observation>
      <Observation>
        <Type>Text</Type>
        <Code>Description</Code>
        <Value>Band Aid Spot (100 Pcs/Box)</Value>
        <ValueType>Other</ValueType>
      </Observation>
    </Activity>
    <Activity>
      <ID>D5-23</ID>
      <Start>28/09/2013 00:00</Start>
      <End>28/09/2013 00:00</End>
      <Code>A0382</Code>
      <Type>4</Type>
      <Quantity>6</Quantity>
      <Net>0</Net>
      <Clinician>DHA-P-0033446</Clinician>
      <PriorAuthorizationID>419732</PriorAuthorizationID>
      <Observation>
        <Type>Text</Type>
        <Code>Non-Standard-Code</Code>
        <Value>INV010020671</Value>
        <ValueType>Other</ValueType>
      </Observation>
      <Observation>
        <Type>Text</Type>
        <Code>Description</Code>
        <Value>Combi- Stopper Closing Cone # 4495101</Value>
        <ValueType>Other</ValueType>
      </Observation>
    </Activity>
    <Activity>
      <ID>D5-24</ID>
      <Start>28/09/2013 00:00</Start>
      <End>28/09/2013 00:00</End>
      <Code>A4218</Code>
      <Type>4</Type>
      <Quantity>4</Quantity>
      <Net>0</Net>
      <Clinician>DHA-P-0033446</Clinician>
      <PriorAuthorizationID>419732</PriorAuthorizationID>
      <Observation>
        <Type>Text</Type>
        <Code>Non-Standard-Code</Code>
        <Value>INV010020008</Value>
        <ValueType>Other</ValueType>
      </Observation>
      <Observation>
        <Type>Text</Type>
        <Code>Description</Code>
        <Value>Medicine cup - 30ML</Value>
        <ValueType>Other</ValueType>
      </Observation>
    </Activity>
    <Activity>
      <ID>D5-25</ID>
      <Start>28/09/2013 00:00</Start>
      <End>28/09/2013 00:00</End>
      <Code>A0382</Code>
      <Type>4</Type>
      <Quantity>9</Quantity>
      <Net>0</Net>
      <Clinician>DHA-P-0033446</Clinician>
      <PriorAuthorizationID>419732</PriorAuthorizationID>
      <Observation>
        <Type>Text</Type>
        <Code>Non-Standard-Code</Code>
        <Value>INV010021257</Value>
        <ValueType>Other</ValueType>
      </Observation>
      <Observation>
        <Type>Text</Type>
        <Code>Description</Code>
        <Value>Female Luer Cap Ref: GS-8002</Value>
        <ValueType>Other</ValueType>
      </Observation>
    </Activity>
    <Activity>
      <ID>D5-3</ID>
      <Start>28/09/2013 00:00</Start>
      <End>28/09/2013 00:00</End>
      <Code>A4245</Code>
      <Type>4</Type>
      <Quantity>5</Quantity>
      <Net>0</Net>
      <Clinician>DHA-P-0033446</Clinician>
      <PriorAuthorizationID>419732</PriorAuthorizationID>
      <Observation>
        <Type>Text</Type>
        <Code>Non-Standard-Code</Code>
        <Value>INV010020577</Value>
        <ValueType>Other</ValueType>
      </Observation>
      <Observation>
        <Type>Text</Type>
        <Code>Description</Code>
        <Value>Alcohol Swabs, (200 Pcs/Box)</Value>
        <ValueType>Other</ValueType>
      </Observation>
    </Activity>
    <Activity>
      <ID>D5-4</ID>
      <Start>28/09/2013 00:00</Start>
      <End>28/09/2013 00:00</End>
      <Code>A4927</Code>
      <Type>4</Type>
      <Quantity>42</Quantity>
      <Net>0</Net>
      <Clinician>DHA-P-0033446</Clinician>
      <PriorAuthorizationID>419732</PriorAuthorizationID>
      <Observation>
        <Type>Text</Type>
        <Code>Non-Standard-Code</Code>
        <Value>INV010020589</Value>
        <ValueType>Other</ValueType>
      </Observation>
      <Observation>
        <Type>Text</Type>
        <Code>Description</Code>
        <Value>Examination Gloves, Powder Free, Non-Sterile, Size: Small, 1</Value>
        <ValueType>Other</ValueType>
      </Observation>
    </Activity>
    <Activity>
      <ID>D5-5</ID>
      <Start>28/09/2013 00:00</Start>
      <End>28/09/2013 00:00</End>
      <Code>A4620</Code>
      <Type>4</Type>
      <Quantity>4</Quantity>
      <Net>0</Net>
      <Clinician>DHA-P-0033446</Clinician>
      <PriorAuthorizationID>419732</PriorAuthorizationID>
      <Observation>
        <Type>Text</Type>
        <Code>Non-Standard-Code</Code>
        <Value>INV010020185</Value>
        <ValueType>Other</ValueType>
      </Observation>
      <Observation>
        <Type>Text</Type>
        <Code>Description</Code>
        <Value>Face mask 3ply ear loop</Value>
        <ValueType>Other</ValueType>
      </Observation>
    </Activity>
    <Activity>
      <ID>D5-6</ID>
      <Start>28/09/2013 00:00</Start>
      <End>28/09/2013 00:00</End>
      <Code>A7003</Code>
      <Type>4</Type>
      <Quantity>3</Quantity>
      <Net>0</Net>
      <Clinician>DHA-P-0033446</Clinician>
      <PriorAuthorizationID>419732</PriorAuthorizationID>
      <Observation>
        <Type>Text</Type>
        <Code>Non-Standard-Code</Code>
        <Value>INV010020252</Value>
        <ValueType>Other</ValueType>
      </Observation>
      <Observation>
        <Type>Text</Type>
        <Code>Description</Code>
        <Value>IV ADMINISTRATION SET - 20ML (INFUSION SET)</Value>
        <ValueType>Other</ValueType>
      </Observation>
    </Activity>
    <Activity>
      <ID>D5-7</ID>
      <Start>28/09/2013 00:00</Start>
      <End>28/09/2013 00:00</End>
      <Code>A6413</Code>
      <Type>4</Type>
      <Quantity>2</Quantity>
      <Net>0</Net>
      <Clinician>DHA-P-0033446</Clinician>
      <PriorAuthorizationID>419732</PriorAuthorizationID>
      <Observation>
        <Type>Text</Type>
        <Code>Non-Standard-Code</Code>
        <Value>INV010020232</Value>
        <ValueType>Other</ValueType>
      </Observation>
      <Observation>
        <Type>Text</Type>
        <Code>Description</Code>
        <Value>I.V dressing (plaster) # 392020</Value>
        <ValueType>Other</ValueType>
      </Observation>
    </Activity>
    <Activity>
      <ID>D5-8</ID>
      <Start>28/09/2013 00:00</Start>
      <End>28/09/2013 00:00</End>
      <Code>A0382</Code>
      <Type>4</Type>
      <Quantity>6</Quantity>
      <Net>0</Net>
      <Clinician>DHA-P-0033446</Clinician>
      <PriorAuthorizationID>419732</PriorAuthorizationID>
      <Observation>
        <Type>Text</Type>
        <Code>Non-Standard-Code</Code>
        <Value>INV010020671</Value>
        <ValueType>Other</ValueType>
      </Observation>
      <Observation>
        <Type>Text</Type>
        <Code>Description</Code>
        <Value>Combi- Stopper Closing Cone # 4495101</Value>
        <ValueType>Other</ValueType>
      </Observation>
    </Activity>
    <Activity>
      <ID>D5-9</ID>
      <Start>28/09/2013 00:00</Start>
      <End>28/09/2013 00:00</End>
      <Code>A0382</Code>
      <Type>4</Type>
      <Quantity>6</Quantity>
      <Net>0</Net>
      <Clinician>DHA-P-0033446</Clinician>
      <PriorAuthorizationID>419732</PriorAuthorizationID>
      <Observation>
        <Type>Text</Type>
        <Code>Non-Standard-Code</Code>
        <Value>INV010021257</Value>
        <ValueType>Other</ValueType>
      </Observation>
      <Observation>
        <Type>Text</Type>
        <Code>Description</Code>
        <Value>Female Luer Cap Ref: GS-8002</Value>
        <ValueType>Other</ValueType>
      </Observation>
    </Activity>
    <Activity>
      <ID>D7-1</ID>
      <Start>27/09/2013 00:00</Start>
      <End>27/09/2013 00:00</End>
      <Code>0035-107704-1362</Code>
      <Type>5</Type>
      <Quantity>2</Quantity>
      <Net>135</Net>
      <Clinician>DHA-P-0033446</Clinician>
      <PriorAuthorizationID>419732</PriorAuthorizationID>
      <Observation>
        <Type>Text</Type>
        <Code>Non-Standard-Code</Code>
        <Value>030060047</Value>
        <ValueType>Other</ValueType>
      </Observation>
      <Observation>
        <Type>Text</Type>
        <Code>Description</Code>
        <Value>ROCEPHIN 1 GM INJ IV</Value>
        <ValueType>Other</ValueType>
      </Observation>
    </Activity>
    <Activity>
      <ID>D7-10</ID>
      <Start>28/09/2013 00:00</Start>
      <End>28/09/2013 00:00</End>
      <Code>0095-107707-0801</Code>
      <Type>5</Type>
      <Quantity>2</Quantity>
      <Net>68</Net>
      <Clinician>DHA-P-0033446</Clinician>
      <PriorAuthorizationID>419732</PriorAuthorizationID>
      <Observation>
        <Type>Text</Type>
        <Code>Non-Standard-Code</Code>
        <Value>030060041</Value>
        <ValueType>Other</ValueType>
      </Observation>
      <Observation>
        <Type>Text</Type>
        <Code>Description</Code>
        <Value>MESPORIN 2 GM IV</Value>
        <ValueType>Other</ValueType>
      </Observation>
    </Activity>
    <Activity>
      <ID>D7-11</ID>
      <Start>28/09/2013 00:00</Start>
      <End>28/09/2013 00:00</End>
      <Code>0219-143102-0392</Code>
      <Type>5</Type>
      <Quantity>10</Quantity>
      <Net>70</Net>
      <Clinician>DHA-P-0033446</Clinician>
      <PriorAuthorizationID>419732</PriorAuthorizationID>
      <Observation>
        <Type>Text</Type>
        <Code>Non-Standard-Code</Code>
        <Value>030060014</Value>
        <ValueType>Other</ValueType>
      </Observation>
      <Observation>
        <Type>Text</Type>
        <Code>Description</Code>
        <Value>CEFODOX 200 MG TAB 10'S</Value>
        <ValueType>Other</ValueType>
      </Observation>
    </Activity>
    <Activity>
      <ID>D7-12</ID>
      <Start>28/09/2013 00:00</Start>
      <End>28/09/2013 00:00</End>
      <Code>0788-107001-1172</Code>
      <Type>5</Type>
      <Quantity>10</Quantity>
      <Net>9</Net>
      <Clinician>DHA-P-0033446</Clinician>
      <PriorAuthorizationID>419732</PriorAuthorizationID>
      <Observation>
        <Type>Text</Type>
        <Code>Non-Standard-Code</Code>
        <Value>020020077</Value>
        <ValueType>Other</ValueType>
      </Observation>
      <Observation>
        <Type>Text</Type>
        <Code>Description</Code>
        <Value>PANADOL EXTRA 500/65 MG TAB 24'S</Value>
        <ValueType>Other</ValueType>
      </Observation>
    </Activity>
    <Activity>
      <ID>D7-13</ID>
      <Start>28/09/2013 00:00</Start>
      <End>28/09/2013 00:00</End>
      <Code>0788-107001-1172</Code>
      <Type>5</Type>
      <Quantity>38</Quantity>
      <Net>9</Net>
      <Clinician>DHA-P-0033446</Clinician>
      <PriorAuthorizationID>419732</PriorAuthorizationID>
      <Observation>
        <Type>Text</Type>
        <Code>Non-Standard-Code</Code>
        <Value>020020077</Value>
        <ValueType>Other</ValueType>
      </Observation>
      <Observation>
        <Type>Text</Type>
        <Code>Description</Code>
        <Value>PANADOL EXTRA 500/65 MG TAB 24'S</Value>
        <ValueType>Other</ValueType>
      </Observation>
    </Activity>
    <Activity>
      <ID>D7-2</ID>
      <Start>27/09/2013 00:00</Start>
      <End>27/09/2013 00:00</End>
      <Code>0248-122107-1021</Code>
      <Type>5</Type>
      <Quantity>2</Quantity>
      <Net>251</Net>
      <Clinician>DHA-P-0033446</Clinician>
      <PriorAuthorizationID>419732</PriorAuthorizationID>
      <Observation>
        <Type>Text</Type>
        <Code>Non-Standard-Code</Code>
        <Value>070010017</Value>
        <ValueType>Other</ValueType>
      </Observation>
      <Observation>
        <Type>Text</Type>
        <Code>Description</Code>
        <Value>DEXAMETHASONE 8 MG INJ</Value>
        <ValueType>Other</ValueType>
      </Observation>
    </Activity>
    <Activity>
      <ID>D7-3</ID>
      <Start>27/09/2013 00:00</Start>
      <End>27/09/2013 00:00</End>
      <Code>0129-111913-0511</Code>
      <Type>5</Type>
      <Quantity>1</Quantity>
      <Net>354</Net>
      <Clinician>DHA-P-0033446</Clinician>
      <PriorAuthorizationID>419732</PriorAuthorizationID>
      <Observation>
        <Type>Text</Type>
        <Code>Non-Standard-Code</Code>
        <Value>100080029</Value>
        <ValueType>Other</ValueType>
      </Observation>
      <Observation>
        <Type>Text</Type>
        <Code>Description</Code>
        <Value>NS 10 ML</Value>
        <ValueType>Other</ValueType>
      </Observation>
    </Activity>
    <Activity>
      <ID>D7-4</ID>
      <Start>27/09/2013 00:00</Start>
      <End>27/09/2013 00:00</End>
      <Code>0129-111913-0511</Code>
      <Type>5</Type>
      <Quantity>4</Quantity>
      <Net>354</Net>
      <Clinician>DHA-P-0033446</Clinician>
      <PriorAuthorizationID>419732</PriorAuthorizationID>
      <Observation>
        <Type>Text</Type>
        <Code>Non-Standard-Code</Code>
        <Value>100080029</Value>
        <ValueType>Other</ValueType>
      </Observation>
      <Observation>
        <Type>Text</Type>
        <Code>Description</Code>
        <Value>NS 10 ML</Value>
        <ValueType>Other</ValueType>
      </Observation>
    </Activity>
    <Activity>
      <ID>D7-5</ID>
      <Start>27/09/2013 00:00</Start>
      <End>27/09/2013 00:00</End>
      <Code>0442-111911-1003</Code>
      <Type>5</Type>
      <Quantity>2</Quantity>
      <Net>3</Net>
      <Clinician>DHA-P-0033446</Clinician>
      <PriorAuthorizationID>419732</PriorAuthorizationID>
      <Observation>
        <Type>Text</Type>
        <Code>Non-Standard-Code</Code>
        <Value>100080035</Value>
        <ValueType>Other</ValueType>
      </Observation>
      <Observation>
        <Type>Text</Type>
        <Code>Description</Code>
        <Value>NS 100 ML</Value>
        <ValueType>Other</ValueType>
      </Observation>
    </Activity>
    <Activity>
      <ID>D7-6</ID>
      <Start>27/09/2013 00:00</Start>
      <End>27/09/2013 00:00</End>
      <Code>0011-106618-1001</Code>
      <Type>5</Type>
      <Quantity>3</Quantity>
      <Net>184</Net>
      <Clinician>DHA-P-0033446</Clinician>
      <PriorAuthorizationID>419732</PriorAuthorizationID>
      <Observation>
        <Type>Text</Type>
        <Code>Non-Standard-Code</Code>
        <Value>020020086</Value>
        <ValueType>Other</ValueType>
      </Observation>
      <Observation>
        <Type>Text</Type>
        <Code>Description</Code>
        <Value>PERFALGAN 1G INJ</Value>
        <ValueType>Other</ValueType>
      </Observation>
    </Activity>
    <Activity>
      <ID>D7-7</ID>
      <Start>27/09/2013 00:00</Start>
      <End>27/09/2013 00:00</End>
      <Code>0027-149902-0511</Code>
      <Type>5</Type>
      <Quantity>1</Quantity>
      <Net>54</Net>
      <Clinician>DHA-P-0033446</Clinician>
      <PriorAuthorizationID>419732</PriorAuthorizationID>
      <Observation>
        <Type>Text</Type>
        <Code>Non-Standard-Code</Code>
        <Value>020020119</Value>
        <ValueType>Other</ValueType>
      </Observation>
      <Observation>
        <Type>Text</Type>
        <Code>Description</Code>
        <Value>VOLTAREN 75 MG INJ 5'S</Value>
        <ValueType>Other</ValueType>
      </Observation>
    </Activity>
    <Activity>
      <ID>D7-8</ID>
      <Start>27/09/2013 00:00</Start>
      <End>27/09/2013 00:00</End>
      <Code>0439-111911-1003</Code>
      <Type>5</Type>
      <Quantity>1</Quantity>
      <Net>9</Net>
      <Clinician>DHA-P-0033446</Clinician>
      <PriorAuthorizationID>419732</PriorAuthorizationID>
      <Observation>
        <Type>Text</Type>
        <Code>Non-Standard-Code</Code>
        <Value>100080015</Value>
        <ValueType>Other</ValueType>
      </Observation>
      <Observation>
        <Type>Text</Type>
        <Code>Description</Code>
        <Value>NS 1L (INFUSION)</Value>
        <ValueType>Other</ValueType>
      </Observation>
    </Activity>
    <Activity>
      <ID>D7-9</ID>
      <Start>27/09/2013 00:00</Start>
      <End>27/09/2013 00:00</End>
      <Code>0442-111911-1003</Code>
      <Type>5</Type>
      <Quantity>1</Quantity>
      <Net>3</Net>
      <Clinician>DHA-P-0033446</Clinician>
      <PriorAuthorizationID>419732</PriorAuthorizationID>
      <Observation>
        <Type>Text</Type>
        <Code>Non-Standard-Code</Code>
        <Value>100080035</Value>
        <ValueType>Other</ValueType>
      </Observation>
      <Observation>
        <Type>Text</Type>
        <Code>Description</Code>
        <Value>NS 100 ML</Value>
        <ValueType>Other</ValueType>
      </Observation>
    </Activity>
    <Activity>
      <ID>D8-1</ID>
      <Start>28/09/2013 00:00</Start>
      <End>28/09/2013 00:00</End>
      <Code>96374</Code>
      <Type>3</Type>
      <Quantity>3</Quantity>
      <Net>0</Net>
      <Clinician>DHA-P-0033446</Clinician>
      <PriorAuthorizationID>419732</PriorAuthorizationID>
      <Observation>
        <Type>Text</Type>
        <Code>Non-Standard-Code</Code>
        <Value>CPTER90774</Value>
        <ValueType>Other</ValueType>
      </Observation>
      <Observation>
        <Type>Text</Type>
        <Code>Description</Code>
        <Value>THER PROPH/DX NJX IV PUSH 1ST SBST/DRUG</Value>
        <ValueType>Other</ValueType>
      </Observation>
    </Activity>
    <Activity>
      <ID>D8-2</ID>
      <Start>28/09/2013 00:00</Start>
      <End>28/09/2013 00:00</End>
      <Code>96372</Code>
      <Type>3</Type>
      <Quantity>1</Quantity>
      <Net>0</Net>
      <Clinician>DHA-P-0033446</Clinician>
      <PriorAuthorizationID>419732</PriorAuthorizationID>
      <Observation>
        <Type>Text</Type>
        <Code>Non-Standard-Code</Code>
        <Value>CPTER90772</Value>
        <ValueType>Other</ValueType>
      </Observation>
      <Observation>
        <Type>Text</Type>
        <Code>Description</Code>
        <Value>THER PROPH/DX NJX SUBQ/IM</Value>
        <ValueType>Other</ValueType>
      </Observation>
    </Activity>
    <Activity>
      <ID>D8-3</ID>
      <Start>28/09/2013 00:00</Start>
      <End>28/09/2013 00:00</End>
      <Code>96360</Code>
      <Type>3</Type>
      <Quantity>3</Quantity>
      <Net>0</Net>
      <Clinician>DHA-P-0033446</Clinician>
      <PriorAuthorizationID>419732</PriorAuthorizationID>
      <Observation>
        <Type>Text</Type>
        <Code>Non-Standard-Code</Code>
        <Value>CPTER90760</Value>
        <ValueType>Other</ValueType>
      </Observation>
      <Observation>
        <Type>Text</Type>
        <Code>Description</Code>
        <Value>IV INFUSION HYDRATION INITIAL 31 MIN-1 HR</Value>
        <ValueType>Other</ValueType>
      </Observation>
    </Activity>
    <Activity>
      <ID>D8-4</ID>
      <Start>28/09/2013 00:00</Start>
      <End>28/09/2013 00:00</End>
      <Code>96374</Code>
      <Type>3</Type>
      <Quantity>1</Quantity>
      <Net>0</Net>
      <Clinician>DHA-P-0033446</Clinician>
      <PriorAuthorizationID>419732</PriorAuthorizationID>
      <Observation>
        <Type>Text</Type>
        <Code>Non-Standard-Code</Code>
        <Value>CPTER90774</Value>
        <ValueType>Other</ValueType>
      </Observation>
      <Observation>
        <Type>Text</Type>
        <Code>Description</Code>
        <Value>THER PROPH/DX NJX IV PUSH 1ST SBST/DRUG</Value>
        <ValueType>Other</ValueType>
      </Observation>
    </Activity>
  </Claim>
</Claim.Submission>
