<?xml version="1.0"?><Claim.Submission xmlns:tns="http://www.eclaimlink.ae/DataDictionary/CommonTypes" xmlns:xsi="http://www.w3.org/2001/XMLSchema-instance" xsi:noNamespaceSchemaLocation="http://www.eclaimlink.ae/DataDictionary/CommonTypes/ClaimSubmission.xsd"><Header><SenderID>DHA-F-0000197</SenderID><ReceiverID>TPA009</ReceiverID><TransactionDate>26/10/2013 20:50</TransactionDate><RecordCount>4</RecordCount><DispositionFlag>PRODUCTION</DispositionFlag></Header><Claim><ID>IPC-R-2013-001740</ID><MemberID>097110330043176801</MemberID><PayerID>INS035</PayerID><ProviderID>DHA-F-0000197</ProviderID><EmiratesIDNumber>999-9999-9999999-9</EmiratesIDNumber><Gross>5649.14</Gross><PatientShare>0</PatientShare><Net>5649.14</Net><Encounter><FacilityID>DHA-F-0000197</FacilityID><Type>3</Type><PatientID>0001008833</PatientID><Start>11/09/2013 14:34</Start><End>12/09/2013 09:36</End><StartType>1</StartType><EndType>1</EndType></Encounter><Diagnosis><Type>Principal</Type><Code>S52.92XA</Code></Diagnosis><Diagnosis><Type>Secondary</Type><Code>W49.9XXA</Code></Diagnosis><Activity><ID>SVRXX004180P007</ID><Start>11/09/2013 14:34</Start><Type>8</Type><Code>10</Code><Quantity>1</Quantity><Net>290.5</Net><Clinician>DHA-P-0245571</Clinician><PriorAuthorizationID>57411</PriorAuthorizationID><Observation><Type>Text</Type><Code>Non-Standard-Code</Code><Value>ANA001</Value><ValueType>Other</ValueType></Observation><Observation><Type>Text</Type><Code>Description</Code><Value>PREANESTHETIST CONSULTATION</Value><ValueType>Other</ValueType></Observation></Activity><Activity><ID>PBLXX034569I019</ID><Start>12/09/2013 09:20</Start><Type>4</Type><Code>A9900</Code><Quantity>1</Quantity><Net>0.5</Net><Clinician>DHA-P-0022492</Clinician><PriorAuthorizationID>57411</PriorAuthorizationID><Observation><Type>Text</Type><Code>Non-Standard-Code</Code><Value>MD2964</Value><ValueType>Other</ValueType></Observation><Observation><Type>Text</Type><Code>Description</Code><Value>ID BAND ADULT WRISTLET  # IBDA - 01 BROSCO INTERNATIONAL INC</Value><ValueType>Other</ValueType></Observation></Activity><Activity><ID>PBLXX034518A155</ID><Start>11/09/2013 17:20</Start><Type>5</Type><Code>0005-106606-1111</Code><Quantity>1</Quantity><Net>6.72</Net><Clinician>DHA-P-0022492</Clinician><PriorAuthorizationID>57411</PriorAuthorizationID><Observation><Type>Text</Type><Code>Non-Standard-Code</Code><Value>ADOS25</Value><ValueType>Other</ValueType></Observation><Observation><Type>Text</Type><Code>Description</Code><Value>ADOL 250MG SUSP 100ML</Value><ValueType>Other</ValueType></Observation></Activity><Activity><ID>PBLXX034569D366</ID><Start>12/09/2013 09:20</Start><Type>4</Type><Code>T4535</Code><Quantity>1</Quantity><Net>2.1</Net><Clinician>DHA-P-0022492</Clinician><PriorAuthorizationID>57411</PriorAuthorizationID><Observation><Type>Text</Type><Code>Non-Standard-Code</Code><Value>MD0740</Value><ValueType>Other</ValueType></Observation><Observation><Type>Text</Type><Code>Description</Code><Value>DISPOSABLE BRIEFS/PANTIES - 50PCS/BOX</Value><ValueType>Other</ValueType></Observation></Activity><Activity><ID>PBLXX0345698027</ID><Start>12/09/2013 09:20</Start><Type>4</Type><Code>A4931</Code><Quantity>2</Quantity><Net>1.5</Net><Clinician>DHA-P-0022492</Clinician><PriorAuthorizationID>57411</PriorAuthorizationID><Observation><Type>Text</Type><Code>Non-Standard-Code</Code><Value>MD0189</Value><ValueType>Other</ValueType></Observation><Observation><Type>Text</Type><Code>Description</Code><Value>PROBE COVERS THERMOSCAN # PC 200 BRAUN WELCHALLYN</Value><ValueType>Other</ValueType></Observation></Activity><Activity><ID>PBLXX034569T115</ID><Start>12/09/2013 09:20</Start><Type>4</Type><Code>A6257</Code><Quantity>1</Quantity><Net>5.8</Net><Clinician>DHA-P-0022492</Clinician><PriorAuthorizationID>57411</PriorAuthorizationID><Observation><Type>Text</Type><Code>Non-Standard-Code</Code><Value>MD1271</Value><ValueType>Other</ValueType></Observation><Observation><Type>Text</Type><Code>Description</Code><Value>TEGADERM I.V. 5 CM X 5.7 CM 1610 3M TRANSPARENT DRESSING</Value><ValueType>Other</ValueType></Observation></Activity><Activity><ID>PBLXX034516F087</ID><Start>11/09/2013 16:49</Start><Type>5</Type><Code>0072-171106-0512</Code><Quantity>1</Quantity><Net>48</Net><Clinician>DHA-P-0022492</Clinician><PriorAuthorizationID>57411</PriorAuthorizationID><Observation><Type>Text</Type><Code>Non-Standard-Code</Code><Value>FENAM0</Value><ValueType>Other</ValueType></Observation><Observation><Type>Text</Type><Code>Description</Code><Value>FENTANYL 0.05 MG/ML 2ML</Value><ValueType>Other</ValueType></Observation></Activity><Activity><ID>PBLXX034568V108</ID><Start>12/09/2013 09:20</Start><Type>5</Type><Code>0006-124511-2071</Code><Quantity>2</Quantity><Net>2.96</Net><Clinician>DHA-P-0022492</Clinician><PriorAuthorizationID>57411</PriorAuthorizationID><Observation><Type>Text</Type><Code>Non-Standard-Code</Code><Value>VENSL0</Value><ValueType>Other</ValueType></Observation><Observation><Type>Text</Type><Code>Description</Code><Value>VENTOLIN NEBULES 2.5MG/2.5ML 40 S</Value><ValueType>Other</ValueType></Observation></Activity><Activity><ID>PBLXX034569I265</ID><Start>12/09/2013 09:20</Start><Type>4</Type><Code>A4649</Code><Quantity>1</Quantity><Net>1.36</Net><Clinician>DHA-P-0022492</Clinician><PriorAuthorizationID>57411</PriorAuthorizationID><Observation><Type>Text</Type><Code>Non-Standard-Code</Code><Value>MD0043</Value><ValueType>Other</ValueType></Observation><Observation><Type>Text</Type><Code>Description</Code><Value>IV INFUSION SET VENTED LUERLOCK 20DROPS/ML 21G X 1.5 #IVIN-20 BROMED 50/BOX</Value><ValueType>Other</ValueType></Observation></Activity><Activity><ID>PBLXX034569T116</ID><Start>12/09/2013 09:20</Start><Type>4</Type><Code>A6257</Code><Quantity>1</Quantity><Net>4.7</Net><Clinician>DHA-P-0022492</Clinician><PriorAuthorizationID>57411</PriorAuthorizationID><Observation><Type>Text</Type><Code>Non-Standard-Code</Code><Value>MD1270</Value><ValueType>Other</ValueType></Observation><Observation><Type>Text</Type><Code>Description</Code><Value>TEGADERM I.V. 7 CM X 8.5 CM 1681/1633 3M TRANSPARENT DRESSING 100PCS/BO</Value><ValueType>Other</ValueType></Observation></Activity><Activity><ID>BILXX0291080838</ID><Start>11/09/2013 16:42</Start><Type>3</Type><Code>77003</Code><Quantity>1</Quantity><Net>231</Net><Clinician>DHA-P-0022492</Clinician><PriorAuthorizationID>57411</PriorAuthorizationID><Observation><Type>Text</Type><Code>Non-Standard-Code</Code><Value>RAD104</Value><ValueType>Other</ValueType></Observation><Observation><Type>Text</Type><Code>Description</Code><Value>C-ARM CHARGES (PER HALF HOUR)</Value><ValueType>Other</ValueType></Observation></Activity><Activity><ID>PBLXX034569A256</ID><Start>12/09/2013 09:20</Start><Type>4</Type><Code>A4554</Code><Quantity>4</Quantity><Net>0.2</Net><Clinician>DHA-P-0022492</Clinician><PriorAuthorizationID>57411</PriorAuthorizationID><Observation><Type>Text</Type><Code>Non-Standard-Code</Code><Value>MD0425</Value><ValueType>Other</ValueType></Observation><Observation><Type>Text</Type><Code>Description</Code><Value>ALCOHOL PREP PADS 200PC/PACK</Value><ValueType>Other</ValueType></Observation></Activity><Activity><ID>PBLXX034569U025</ID><Start>12/09/2013 09:20</Start><Type>4</Type><Code>A4554</Code><Quantity>1</Quantity><Net>1.8</Net><Clinician>DHA-P-0022492</Clinician><PriorAuthorizationID>57411</PriorAuthorizationID><Observation><Type>Text</Type><Code>Non-Standard-Code</Code><Value>MD2233</Value><ValueType>Other</ValueType></Observation><Observation><Type>Text</Type><Code>Description</Code><Value>UNDER PAD SIZE: 60 X 90 BROMED PLUS</Value><ValueType>Other</ValueType></Observation></Activity><Activity><ID>SURXX001917C070</ID><Start>11/09/2013 23:59</Start><Type>3</Type><Code>21315</Code><Quantity>1</Quantity><Net>4620</Net><Clinician>DHA-P-0022492</Clinician><PriorAuthorizationID>57411</PriorAuthorizationID><Observation><Type>Text</Type><Code>Non-Standard-Code</Code><Value>POR005</Value><ValueType>Other</ValueType></Observation><Observation><Type>Text</Type><Code>Description</Code><Value>CLOSED REDUCTION</Value><ValueType>Other</ValueType></Observation></Activity><Activity><ID>PBLXX034517G213</ID><Start>11/09/2013 16:51</Start><Type>5</Type><Code>0128-192201-0511</Code><Quantity>1</Quantity><Net>19.2</Net><Clinician>DHA-P-0022492</Clinician><PriorAuthorizationID>57411</PriorAuthorizationID><Observation><Type>Text</Type><Code>Non-Standard-Code</Code><Value>GLYCOP</Value><ValueType>Other</ValueType></Observation><Observation><Type>Text</Type><Code>Description</Code><Value>GLYCOPYROLATE 0.2 MG 1 ML VIAL</Value><ValueType>Other</ValueType></Observation></Activity><Activity><ID>PBLXX0345178394</ID><Start>11/09/2013 16:51</Start><Type>5</Type><Code>0063-111903-0492</Code><Quantity>5</Quantity><Net>19.2</Net><Clinician>DHA-P-0022492</Clinician><PriorAuthorizationID>57411</PriorAuthorizationID><Observation><Type>Text</Type><Code>Non-Standard-Code</Code><Value>SODAM03</Value><ValueType>Other</ValueType></Observation><Observation><Type>Text</Type><Code>Description</Code><Value>SODIUM CHLORIDE 0.9% 10 ML INJ 50S</Value><ValueType>Other</ValueType></Observation></Activity><Activity><ID>PBLXX034568A154</ID><Start>12/09/2013 09:20</Start><Type>5</Type><Code>0005-106602-2232</Code><Quantity>1</Quantity><Net>0.72</Net><Clinician>DHA-P-0022492</Clinician><PriorAuthorizationID>57411</PriorAuthorizationID><Observation><Type>Text</Type><Code>Non-Standard-Code</Code><Value>AD250S</Value><ValueType>Other</ValueType></Observation><Observation><Type>Text</Type><Code>Description</Code><Value>ADOL 250MG SUPPOSITORIES 10 S</Value><ValueType>Other</ValueType></Observation></Activity><Activity><ID>PBLXX0345693009</ID><Start>12/09/2013 09:20</Start><Type>4</Type><Code>A4346</Code><Quantity>1</Quantity><Net>7.8</Net><Clinician>DHA-P-0022492</Clinician><PriorAuthorizationID>57411</PriorAuthorizationID><Observation><Type>Text</Type><Code>Non-Standard-Code</Code><Value>MD1396</Value><ValueType>Other</ValueType></Observation><Observation><Type>Text</Type><Code>Description</Code><Value>3 WAY BD CONNECTA 7 CM REF.# 394945 (50/PACK)</Value><ValueType>Other</ValueType></Observation></Activity><Activity><ID>PBLXX034569C464</ID><Start>12/09/2013 09:20</Start><Type>4</Type><Code>A4649</Code><Quantity>5</Quantity><Net>3.5</Net><Clinician>DHA-P-0022492</Clinician><PriorAuthorizationID>57411</PriorAuthorizationID><Observation><Type>Text</Type><Code>Non-Standard-Code</Code><Value>MD2357</Value><ValueType>Other</ValueType></Observation><Observation><Type>Text</Type><Code>Description</Code><Value>COMBI STOPPER #04495101 B BRAUN</Value><ValueType>Other</ValueType></Observation></Activity><Activity><ID>PBLXX034516H326</ID><Start>11/09/2013 16:49</Start><Type>5</Type><Code>0000-000000-0000</Code><Quantity>1</Quantity><Net>19.2</Net><Clinician>DHA-P-0022492</Clinician><PriorAuthorizationID>57411</PriorAuthorizationID><Observation><Type>Text</Type><Code>Non-Standard-Code</Code><Value>HYDVA0</Value><ValueType>Other</ValueType></Observation><Observation><Type>Text</Type><Code>Description</Code><Value>HYDROCORTISONE SODIUM VIAL 100MG</Value><ValueType>Other</ValueType></Observation></Activity><Activity><ID>PBLXX034569D273</ID><Start>12/09/2013 09:20</Start><Type>4</Type><Code>T4528</Code><Quantity>1</Quantity><Net>5</Net><Clinician>DHA-P-0022492</Clinician><PriorAuthorizationID>57411</PriorAuthorizationID><Observation><Type>Text</Type><Code>Non-Standard-Code</Code><Value>MD2937</Value><ValueType>Other</ValueType></Observation><Observation><Type>Text</Type><Code>Description</Code><Value>DIAPER XL W56X64 BROMED - 12PCS./PACK</Value><ValueType>Other</ValueType></Observation></Activity><Activity><ID>PBLXX034569N360</ID><Start>12/09/2013 09:20</Start><Type>4</Type><Code>A9270</Code><Quantity>1</Quantity><Net>0.16</Net><Clinician>DHA-P-0022492</Clinician><PriorAuthorizationID>57411</PriorAuthorizationID><Observation><Type>Text</Type><Code>Non-Standard-Code</Code><Value>GC0207</Value><ValueType>Other</ValueType></Observation><Observation><Type>Text</Type><Code>Description</Code><Value>NURSES CAP (BLUE/WHITE) 100PC/PACK.</Value><ValueType>Other</ValueType></Observation></Activity><Activity><ID>PBLXX0345695321</ID><Start>12/09/2013 09:20</Start><Type>4</Type><Code>A4930</Code><Quantity>10</Quantity><Net>4.6</Net><Clinician>DHA-P-0022492</Clinician><PriorAuthorizationID>57411</PriorAuthorizationID><Observation><Type>Text</Type><Code>Non-Standard-Code</Code><Value>MD1712</Value><ValueType>Other</ValueType></Observation><Observation><Type>Text</Type><Code>Description</Code><Value>GLOVES NITRATEX NITRLE MICROTOUCH LARGE 700114</Value><ValueType>Other</ValueType></Observation></Activity><Activity><ID>PBLXX0345168117</ID><Start>11/09/2013 16:49</Start><Type>5</Type><Code>0056-166503-0322</Code><Quantity>1</Quantity><Net>25.82</Net><Clinician>DHA-P-0022492</Clinician><PriorAuthorizationID>57411</PriorAuthorizationID><Observation><Type>Text</Type><Code>Non-Standard-Code</Code><Value>PROVA0</Value><ValueType>Other</ValueType></Observation><Observation><Type>Text</Type><Code>Description</Code><Value>PROPOFOL 1% FRESENIUS 20ML 5 S</Value><ValueType>Other</ValueType></Observation></Activity><Activity><ID>RMRXX0014250033</ID><Start>12/09/2013 09:36</Start><Type>8</Type><Code>17.05</Code><Quantity>1</Quantity><Net>280</Net><Clinician>DHA-P-0022492</Clinician><PriorAuthorizationID>57411</PriorAuthorizationID><Observation><Type>Text</Type><Code>Non-Standard-Code</Code><Value>RMC014</Value><ValueType>Other</ValueType></Observation><Observation><Type>Text</Type><Code>Description</Code><Value>ROOM CHARGE</Value><ValueType>Other</ValueType></Observation></Activity><Activity><ID>PBLXX034568D279</ID><Start>12/09/2013 09:20</Start><Type>5</Type><Code>0005-164501-1173</Code><Quantity>1</Quantity><Net>38.4</Net><Clinician>DHA-P-0022492</Clinician><PriorAuthorizationID>57411</PriorAuthorizationID><Observation><Type>Text</Type><Code>Non-Standard-Code</Code><Value>RECTUD</Value><ValueType>Other</ValueType></Observation><Observation><Type>Text</Type><Code>Description</Code><Value>DIAZEPAM RECTUBES 5 MG</Value><ValueType>Other</ValueType></Observation></Activity><Activity><ID>PBLXX034569K120</ID><Start>12/09/2013 09:20</Start><Type>4</Type><Code>A4649</Code><Quantity>4</Quantity><Net>8.4</Net><Clinician>DHA-P-0022492</Clinician><PriorAuthorizationID>57411</PriorAuthorizationID><Observation><Type>Text</Type><Code>Non-Standard-Code</Code><Value>MD0602</Value><ValueType>Other</ValueType></Observation><Observation><Type>Text</Type><Code>Description</Code><Value>KIDNEY TRAY PLASTIC DISPOSABLE</Value><ValueType>Other</ValueType></Observation></Activity></Claim><Claim><ID>OPC-R-2013-045426</ID><MemberID>097110330043176801</MemberID><PayerID>INS035</PayerID><ProviderID>DHA-F-0000197</ProviderID><EmiratesIDNumber>999-9999-9999999-9</EmiratesIDNumber><Gross>290.5</Gross><PatientShare>30</PatientShare><Net>260.5</Net><Encounter><FacilityID>DHA-F-0000197</FacilityID><Type>1</Type><PatientID>0001008833</PatientID><Start>09/09/2013 13:04</Start><End>09/09/2013 13:32</End><StartType>1</StartType><EndType>1</EndType></Encounter><Diagnosis><Type>Principal</Type><Code>S52.302A</Code></Diagnosis><Diagnosis><Type>Secondary</Type><Code>S52.202A</Code></Diagnosis><Activity><ID>OPRXX0306771038</ID><Start>09/09/2013 13:04</Start><Type>8</Type><Code>10</Code><Quantity>1</Quantity><Net>260.5</Net><Clinician>DHA-P-0021689</Clinician><Observation><Type>Text</Type><Code>Non-Standard-Code</Code><Value>DCF010</Value><ValueType>Other</ValueType></Observation><Observation><Type>Text</Type><Code>Description</Code><Value>SPECIALIST -NEW VISIT</Value><ValueType>Other</ValueType></Observation></Activity></Claim><Claim><ID>OPC-R-2013-045785</ID><MemberID>097110330045202401</MemberID><PayerID>INS035</PayerID><ProviderID>DHA-F-0000197</ProviderID><EmiratesIDNumber>999-9999-9999999-9</EmiratesIDNumber><Gross>213.5</Gross><PatientShare>50</PatientShare><Net>163.5</Net><Encounter><FacilityID>DHA-F-0000197</FacilityID><Type>1</Type><PatientID>0000035285</PatientID><Start>11/09/2013 13:23</Start><End>11/09/2013 14:09</End><StartType>1</StartType><EndType>1</EndType></Encounter><Diagnosis><Type>Principal</Type><Code>T84.199A</Code></Diagnosis><Diagnosis><Type>Secondary</Type><Code>Z47.89</Code></Diagnosis><Activity><ID>OPRXX0309351039</ID><Start>11/09/2013 13:23</Start><Type>8</Type><Code>10</Code><Quantity>1</Quantity><Net>163.5</Net><Clinician>DHA-P-0021689</Clinician><Observation><Type>Text</Type><Code>Non-Standard-Code</Code><Value>DCF011</Value><ValueType>Other</ValueType></Observation><Observation><Type>Text</Type><Code>Description</Code><Value>SPECIALIST - REPEAT VISIT</Value><ValueType>Other</ValueType></Observation></Activity></Claim><Claim><ID>OPC-R-2013-045473</ID><MemberID>097110330038015601</MemberID><PayerID>INS035</PayerID><ProviderID>DHA-F-0000197</ProviderID><EmiratesIDNumber>999-9999-9999999-9</EmiratesIDNumber><Gross>290.5</Gross><PatientShare>58.1</PatientShare><Net>232.4</Net><Encounter><FacilityID>DHA-F-0000197</FacilityID><Type>1</Type><PatientID>0001008843</PatientID><Start>09/09/2013 16:27</Start><End>09/09/2013 16:50</End><StartType>1</StartType><EndType>1</EndType></Encounter><Diagnosis><Type>Principal</Type><Code>S83.282A</Code></Diagnosis><Diagnosis><Type>Secondary</Type><Code>M25.562</Code></Diagnosis><Activity><ID>OPRXX0307131038</ID><Start>09/09/2013 16:27</Start><Type>8</Type><Code>10</Code><Quantity>1</Quantity><Net>232.4</Net><Clinician>DHA-P-0034872</Clinician><PriorAuthorizationID>S2815444</PriorAuthorizationID><Observation><Type>Text</Type><Code>Non-Standard-Code</Code><Value>DCF010</Value><ValueType>Other</ValueType></Observation><Observation><Type>Text</Type><Code>Description</Code><Value>SPECIALIST -NEW VISIT</Value><ValueType>Other</ValueType></Observation></Activity></Claim></Claim.Submission>