<?xml version="1.0" encoding="utf-8"?>
<Claim.Submission xsi:noNamespaceSchemaLocation="http://www.haad.ae/DataDictionary/CommonTypes/DataDictionary.xsd" xmlns:tns="http://www.haad.ae/DataDictionary/CommonTypes" xmlns:xs="http://www.w3.org/2001/XMLSchema" xmlns:xsi="http://www.w3.org/2001/XMLSchema-instance">
	<Header>
		<SenderID>MF131</SenderID>
		<ReceiverID>C004</ReceiverID>
		<TransactionDate>13/10/2013 20:47</TransactionDate>
		<RecordCount>2</RecordCount>
		<DispositionFlag>PRODUCTION</DispositionFlag>
	</Header>
	<Claim>
		<ID>1516687</ID>
		<IDPayer>
		</IDPayer>
		<MemberID>097110040046058002</MemberID>
		<PayerID>A012</PayerID>
		<ProviderID>MF131</ProviderID>
		<EmiratesIDNumber>111-1111-1111111-1</EmiratesIDNumber>
		<Gross>11604.9</Gross>
		<PatientShare>500</PatientShare>
		<Net>11104.9</Net>
		<Encounter>
			<FacilityID>MF131</FacilityID>
			<Type>3</Type>
			<PatientID>285027</PatientID>
			<Start>11/09/2013 09:55</Start>
			<End>14/09/2013 11:22</End>
			<StartType>1</StartType>
			<EndType>1</EndType>
		</Encounter>
		<Diagnosis>
			<Type>Principal</Type>
			<Code>653.41</Code>
		</Diagnosis>
		<Diagnosis>
			<Type>Secondary</Type>
			<Code>646.81</Code>
		</Diagnosis>
		<Diagnosis>
			<Type>Secondary</Type>
			<Code>789.05</Code>
		</Diagnosis>
		<Diagnosis>
			<Type>Secondary</Type>
			<Code>724.5</Code>
		</Diagnosis>
		<Diagnosis>
			<Type>Secondary</Type>
			<Code>655.71</Code>
		</Diagnosis>
		<Diagnosis>
			<Type>Secondary</Type>
			<Code>649.51</Code>
		</Diagnosis>
		<Diagnosis>
			<Type>Secondary</Type>
			<Code>787.3</Code>
		</Diagnosis>
		<Diagnosis>
			<Type>Secondary</Type>
			<Code>676.11</Code>
		</Diagnosis>
		<Diagnosis>
			<Type>Secondary</Type>
			<Code>786.05</Code>
		</Diagnosis>
		<Diagnosis>
			<Type>Secondary</Type>
			<Code>564.00</Code>
		</Diagnosis>
		<Diagnosis>
			<Type>Secondary</Type>
			<Code>719.49</Code>
		</Diagnosis>
		<Diagnosis>
			<Type>Secondary</Type>
			<Code>V27.0</Code>
		</Diagnosis>
		<Activity>
			<ID>1</ID>
			<Start>13/09/2013 16:42</Start>
			<Type>3</Type>
			<Code>99231</Code>
			<Quantity>1</Quantity>
			<Net>0</Net>
			<Clinician>GD12235</Clinician>
			<PriorAuthorizationID>57332</PriorAuthorizationID>
		</Activity>
		<Activity>
			<ID>2</ID>
			<Start>11/09/2013 16:42</Start>
			<Type>3</Type>
			<Code>01961</Code>
			<Quantity>1</Quantity>
			<Net>0</Net>
			<Clinician>GD12235</Clinician>
			<PriorAuthorizationID>57332</PriorAuthorizationID>
		</Activity>
		<Activity>
			<ID>3</ID>
			<Start>14/09/2013 11:22</Start>
			<Type>3</Type>
			<Code>99238</Code>
			<Quantity>1</Quantity>
			<Net>0</Net>
			<Clinician>GD12235</Clinician>
			<PriorAuthorizationID>57332</PriorAuthorizationID>
		</Activity>
		<Activity>
			<ID>4</ID>
			<Start>11/09/2013 16:42</Start>
			<Type>9</Type>
			<Code>146101</Code>
			<Quantity>1</Quantity>
			<Net>11104.9</Net>
			<Clinician>GD12235</Clinician>
			<PriorAuthorizationID>57332</PriorAuthorizationID>
		</Activity>
		<Activity>
			<ID>5</ID>
			<Start>11/09/2013 13:50</Start>
			<Type>8</Type>
			<Code>17-23</Code>
			<Quantity>1</Quantity>
			<Net>0</Net>
			<Clinician>GD12235</Clinician>
			<PriorAuthorizationID>57332</PriorAuthorizationID>
		</Activity>
		<Activity>
			<ID>6</ID>
			<Start>11/09/2013 12:48</Start>
			<Type>8</Type>
			<Code>20-02</Code>
			<Quantity>1</Quantity>
			<Net>0</Net>
			<Clinician>GD12235</Clinician>
			<PriorAuthorizationID>57332</PriorAuthorizationID>
		</Activity>
		<Activity>
			<ID>7</ID>
			<Start>11/09/2013 11:30</Start>
			<Type>5</Type>
			<Code>1250-1541-001</Code>
			<Quantity>2</Quantity>
			<Net>0</Net>
			<Clinician>GD12235</Clinician>
			<PriorAuthorizationID>57332</PriorAuthorizationID>
		</Activity>
		<Activity>
			<ID>8</ID>
			<Start>11/09/2013 15:04</Start>
			<Type>3</Type>
			<Code>96360</Code>
			<Quantity>1</Quantity>
			<Net>0</Net>
			<Clinician>GD12235</Clinician>
			<PriorAuthorizationID>57332</PriorAuthorizationID>
		</Activity>
		<Activity>
			<ID>9</ID>
			<Start>11/09/2013 13:59</Start>
			<Type>5</Type>
			<Code>1464-4481-003</Code>
			<Quantity>.2</Quantity>
			<Net>0</Net>
			<Clinician>GD12235</Clinician>
			<PriorAuthorizationID>57332</PriorAuthorizationID>
		</Activity>
		<Activity>
			<ID>10</ID>
			<Start>11/09/2013 13:56</Start>
			<Type>5</Type>
			<Code>1836-4745-001</Code>
			<Quantity>1</Quantity>
			<Net>0</Net>
			<Clinician>GD12235</Clinician>
			<PriorAuthorizationID>57332</PriorAuthorizationID>
		</Activity>
		<Activity>
			<ID>11</ID>
			<Start>11/09/2013 12:06</Start>
			<Type>3</Type>
			<Code>96372</Code>
			<Quantity>1</Quantity>
			<Net>0</Net>
			<Clinician>GD12235</Clinician>
			<PriorAuthorizationID>57332</PriorAuthorizationID>
		</Activity>
		<Activity>
			<ID>12</ID>
			<Start>11/09/2013 09:55</Start>
			<Type>8</Type>
			<Code>17-03</Code>
			<Quantity>1</Quantity>
			<Net>0</Net>
			<Clinician>GD12235</Clinician>
			<PriorAuthorizationID>57332</PriorAuthorizationID>
		</Activity>
		<Activity>
			<ID>13</ID>
			<Start>11/09/2013 13:58</Start>
			<Type>5</Type>
			<Code>1513-1287-001</Code>
			<Quantity>1</Quantity>
			<Net>0</Net>
			<Clinician>GD12235</Clinician>
			<PriorAuthorizationID>57332</PriorAuthorizationID>
		</Activity>
		<Activity>
			<ID>14</ID>
			<Start>11/09/2013 13:58</Start>
			<Type>5</Type>
			<Code>1997-4823-004</Code>
			<Quantity>1</Quantity>
			<Net>0</Net>
			<Clinician>GD12235</Clinician>
			<PriorAuthorizationID>57332</PriorAuthorizationID>
		</Activity>
		<Activity>
			<ID>15</ID>
			<Start>11/09/2013 13:59</Start>
			<Type>5</Type>
			<Code>2219-3520-003</Code>
			<Quantity>.08</Quantity>
			<Net>0</Net>
			<Clinician>GD12235</Clinician>
			<PriorAuthorizationID>57332</PriorAuthorizationID>
		</Activity>
		<Activity>
			<ID>16</ID>
			<Start>11/09/2013 13:59</Start>
			<Type>5</Type>
			<Code>1421-4554-002</Code>
			<Quantity>.2</Quantity>
			<Net>0</Net>
			<Clinician>GD12235</Clinician>
			<PriorAuthorizationID>57332</PriorAuthorizationID>
		</Activity>
		<Activity>
			<ID>17</ID>
			<Start>11/09/2013 14:00</Start>
			<Type>5</Type>
			<Code>1379-1865-002</Code>
			<Quantity>.01</Quantity>
			<Net>0</Net>
			<Clinician>GD12235</Clinician>
			<PriorAuthorizationID>57332</PriorAuthorizationID>
		</Activity>
		<Activity>
			<ID>18</ID>
			<Start>11/09/2013 14:33</Start>
			<Type>5</Type>
			<Code>1472-1660-003</Code>
			<Quantity>.2</Quantity>
			<Net>0</Net>
			<Clinician>GD12235</Clinician>
			<PriorAuthorizationID>57332</PriorAuthorizationID>
		</Activity>
		<Activity>
			<ID>19</ID>
			<Start>11/09/2013 14:33</Start>
			<Type>5</Type>
			<Code>2219-3520-003</Code>
			<Quantity>.25</Quantity>
			<Net>0</Net>
			<Clinician>GD12235</Clinician>
			<PriorAuthorizationID>57332</PriorAuthorizationID>
		</Activity>
		<Activity>
			<ID>20</ID>
			<Start>11/09/2013 14:33</Start>
			<Type>5</Type>
			<Code>1489-2990-007</Code>
			<Quantity>3</Quantity>
			<Net>0</Net>
			<Clinician>GD12235</Clinician>
			<PriorAuthorizationID>57332</PriorAuthorizationID>
		</Activity>
		<Activity>
			<ID>21</ID>
			<Start>11/09/2013 15:20</Start>
			<Type>5</Type>
			<Code>1513-4850-003</Code>
			<Quantity>1</Quantity>
			<Net>0</Net>
			<Clinician>GD12235</Clinician>
			<PriorAuthorizationID>57332</PriorAuthorizationID>
		</Activity>
		<Activity>
			<ID>22</ID>
			<Start>11/09/2013 13:56</Start>
			<Type>5</Type>
			<Code>1840-4817-003</Code>
			<Quantity>1</Quantity>
			<Net>0</Net>
			<Clinician>GD12235</Clinician>
			<PriorAuthorizationID>57332</PriorAuthorizationID>
		</Activity>
		<Activity>
			<ID>23</ID>
			<Start>11/09/2013 13:57</Start>
			<Type>5</Type>
			<Code>1869-2809-013</Code>
			<Quantity>1</Quantity>
			<Net>0</Net>
			<Clinician>GD12235</Clinician>
			<PriorAuthorizationID>57332</PriorAuthorizationID>
		</Activity>
		<Activity>
			<ID>24</ID>
			<Start>13/09/2013 09:55</Start>
			<Type>8</Type>
			<Code>17-03</Code>
			<Quantity>1</Quantity>
			<Net>0</Net>
			<Clinician>GD12235</Clinician>
			<PriorAuthorizationID>57332</PriorAuthorizationID>
		</Activity>
		<Activity>
			<ID>25</ID>
			<Start>12/09/2013 08:20</Start>
			<Type>3</Type>
			<Code>96374</Code>
			<Quantity>1</Quantity>
			<Net>0</Net>
			<Clinician>GD12235</Clinician>
			<PriorAuthorizationID>57332</PriorAuthorizationID>
		</Activity>
		<Activity>
			<ID>26</ID>
			<Start>12/09/2013 08:20</Start>
			<Type>3</Type>
			<Code>96374</Code>
			<Quantity>1</Quantity>
			<Net>0</Net>
			<Clinician>GD12235</Clinician>
			<PriorAuthorizationID>57332</PriorAuthorizationID>
		</Activity>
		<Activity>
			<ID>27</ID>
			<Start>12/09/2013 11:07</Start>
			<Type>5</Type>
			<Code>1387-2410-003</Code>
			<Quantity>.42</Quantity>
			<Net>0</Net>
			<Clinician>GD12235</Clinician>
			<PriorAuthorizationID>57332</PriorAuthorizationID>
		</Activity>
		<Activity>
			<ID>28</ID>
			<Start>11/09/2013 16:42</Start>
			<Type>3</Type>
			<Code>59514</Code>
			<Quantity>1</Quantity>
			<Net>0</Net>
			<Clinician>GD12235</Clinician>
			<PriorAuthorizationID>57332</PriorAuthorizationID>
		</Activity>
		<Activity>
			<ID>29</ID>
			<Start>11/09/2013 23:49</Start>
			<Type>3</Type>
			<Code>96374</Code>
			<Quantity>1</Quantity>
			<Net>0</Net>
			<Clinician>GD12235</Clinician>
			<PriorAuthorizationID>57332</PriorAuthorizationID>
		</Activity>
		<Activity>
			<ID>30</ID>
			<Start>12/09/2013 11:46</Start>
			<Type>5</Type>
			<Code>1629-3858-002</Code>
			<Quantity>1</Quantity>
			<Net>0</Net>
			<Clinician>GD12235</Clinician>
			<PriorAuthorizationID>57332</PriorAuthorizationID>
		</Activity>
		<Activity>
			<ID>31</ID>
			<Start>11/09/2013 19:18</Start>
			<Type>5</Type>
			<Code>1284-3638-003</Code>
			<Quantity>1</Quantity>
			<Net>0</Net>
			<Clinician>GD12235</Clinician>
			<PriorAuthorizationID>57332</PriorAuthorizationID>
		</Activity>
		<Activity>
			<ID>32</ID>
			<Start>11/09/2013 23:51</Start>
			<Type>3</Type>
			<Code>96374</Code>
			<Quantity>1</Quantity>
			<Net>0</Net>
			<Clinician>GD12235</Clinician>
			<PriorAuthorizationID>57332</PriorAuthorizationID>
		</Activity>
		<Activity>
			<ID>33</ID>
			<Start>12/09/2013 11:06</Start>
			<Type>5</Type>
			<Code>1472-3642-001</Code>
			<Quantity>.15</Quantity>
			<Net>0</Net>
			<Clinician>GD12235</Clinician>
			<PriorAuthorizationID>57332</PriorAuthorizationID>
		</Activity>
		<Activity>
			<ID>34</ID>
			<Start>11/09/2013 17:34</Start>
			<Type>3</Type>
			<Code>96374</Code>
			<Quantity>1</Quantity>
			<Net>0</Net>
			<Clinician>GD12235</Clinician>
			<PriorAuthorizationID>57332</PriorAuthorizationID>
		</Activity>
		<Activity>
			<ID>35</ID>
			<Start>11/09/2013 18:36</Start>
			<Type>3</Type>
			<Code>96374</Code>
			<Quantity>1</Quantity>
			<Net>0</Net>
			<Clinician>GD12235</Clinician>
			<PriorAuthorizationID>57332</PriorAuthorizationID>
		</Activity>
		<Activity>
			<ID>36</ID>
			<Start>11/09/2013 20:05</Start>
			<Type>5</Type>
			<Code>1472-1467-004</Code>
			<Quantity>1</Quantity>
			<Net>0</Net>
			<Clinician>GD12235</Clinician>
			<PriorAuthorizationID>57332</PriorAuthorizationID>
		</Activity>
		<Activity>
			<ID>37</ID>
			<Start>12/09/2013 18:31</Start>
			<Type>3</Type>
			<Code>76700</Code>
			<Quantity>1</Quantity>
			<Net>0</Net>
			<Clinician>GD12235</Clinician>
			<PriorAuthorizationID>57332</PriorAuthorizationID>
		</Activity>
		<Activity>
			<ID>38</ID>
			<Start>11/09/2013 22:44</Start>
			<Type>5</Type>
			<Code>1556-4476-009</Code>
			<Quantity>.2</Quantity>
			<Net>0</Net>
			<Clinician>GD12235</Clinician>
			<PriorAuthorizationID>57332</PriorAuthorizationID>
		</Activity>
		<Activity>
			<ID>39</ID>
			<Start>12/09/2013 11:07</Start>
			<Type>5</Type>
			<Code>1489-2990-006</Code>
			<Quantity>.13</Quantity>
			<Net>0</Net>
			<Clinician>GD12235</Clinician>
			<PriorAuthorizationID>57332</PriorAuthorizationID>
		</Activity>
		<Activity>
			<ID>40</ID>
			<Start>12/09/2013 11:07</Start>
			<Type>5</Type>
			<Code>1523-2932-005</Code>
			<Quantity>.15</Quantity>
			<Net>0</Net>
			<Clinician>GD12235</Clinician>
			<PriorAuthorizationID>57332</PriorAuthorizationID>
		</Activity>
		<Activity>
			<ID>41</ID>
			<Start>11/09/2013 22:54</Start>
			<Type>3</Type>
			<Code>96374</Code>
			<Quantity>1</Quantity>
			<Net>0</Net>
			<Clinician>GD12235</Clinician>
			<PriorAuthorizationID>57332</PriorAuthorizationID>
		</Activity>
		<Activity>
			<ID>42</ID>
			<Start>12/09/2013 11:08</Start>
			<Type>5</Type>
			<Code>1317-1465-001</Code>
			<Quantity>.15</Quantity>
			<Net>0</Net>
			<Clinician>GD12235</Clinician>
			<PriorAuthorizationID>57332</PriorAuthorizationID>
		</Activity>
		<Activity>
			<ID>43</ID>
			<Start>12/09/2013 11:07</Start>
			<Type>5</Type>
			<Code>1431-2063-005</Code>
			<Quantity>.13</Quantity>
			<Net>0</Net>
			<Clinician>GD12235</Clinician>
			<PriorAuthorizationID>57332</PriorAuthorizationID>
		</Activity>
		<Activity>
			<ID>44</ID>
			<Start>11/09/2013 21:55</Start>
			<Type>3</Type>
			<Code>96372</Code>
			<Quantity>1</Quantity>
			<Net>0</Net>
			<Clinician>GD12235</Clinician>
			<PriorAuthorizationID>57332</PriorAuthorizationID>
		</Activity>
		<Activity>
			<ID>45</ID>
			<Start>11/09/2013 21:53</Start>
			<Type>5</Type>
			<Code>1513-4850-004</Code>
			<Quantity>1</Quantity>
			<Net>0</Net>
			<Clinician>GD12235</Clinician>
			<PriorAuthorizationID>57332</PriorAuthorizationID>
		</Activity>
		<Activity>
			<ID>46</ID>
			<Start>12/09/2013 19:29</Start>
			<Type>3</Type>
			<Code>96374</Code>
			<Quantity>1</Quantity>
			<Net>0</Net>
			<Clinician>GD12235</Clinician>
			<PriorAuthorizationID>57332</PriorAuthorizationID>
		</Activity>
		<Activity>
			<ID>47</ID>
			<Start>12/09/2013 11:46</Start>
			<Type>5</Type>
			<Code>1464-1968-001</Code>
			<Quantity>.1</Quantity>
			<Net>0</Net>
			<Clinician>GD12235</Clinician>
			<PriorAuthorizationID>57332</PriorAuthorizationID>
		</Activity>
		<Activity>
			<ID>48</ID>
			<Start>12/09/2013 11:47</Start>
			<Type>5</Type>
			<Code>1472-2927-002</Code>
			<Quantity>1</Quantity>
			<Net>0</Net>
			<Clinician>GD12235</Clinician>
			<PriorAuthorizationID>57332</PriorAuthorizationID>
		</Activity>
		<Activity>
			<ID>49</ID>
			<Start>12/09/2013 21:02</Start>
			<Type>3</Type>
			<Code>74022</Code>
			<Quantity>1</Quantity>
			<Net>0</Net>
			<Clinician>GD12235</Clinician>
			<PriorAuthorizationID>57332</PriorAuthorizationID>
		</Activity>
		<Activity>
			<ID>50</ID>
			<Start>12/09/2013 20:21</Start>
			<Type>5</Type>
			<Code>1513-4850-004</Code>
			<Quantity>1</Quantity>
			<Net>0</Net>
			<Clinician>GD12235</Clinician>
			<PriorAuthorizationID>57332</PriorAuthorizationID>
		</Activity>
		<Activity>
			<ID>51</ID>
			<Start>13/09/2013 12:49</Start>
			<Type>5</Type>
			<Code>1489-2990-006</Code>
			<Quantity>.13</Quantity>
			<Net>0</Net>
			<Clinician>GD12235</Clinician>
			<PriorAuthorizationID>57332</PriorAuthorizationID>
		</Activity>
		<Activity>
			<ID>52</ID>
			<Start>13/09/2013 12:51</Start>
			<Type>5</Type>
			<Code>1472-3642-001</Code>
			<Quantity>.15</Quantity>
			<Net>0</Net>
			<Clinician>GD12235</Clinician>
			<PriorAuthorizationID>57332</PriorAuthorizationID>
		</Activity>
		<Activity>
			<ID>53</ID>
			<Start>13/09/2013 12:51</Start>
			<Type>5</Type>
			<Code>1465-3082-001</Code>
			<Quantity>.1</Quantity>
			<Net>0</Net>
			<Clinician>GD12235</Clinician>
			<PriorAuthorizationID>57332</PriorAuthorizationID>
		</Activity>
		<Activity>
			<ID>54</ID>
			<Start>13/09/2013 12:53</Start>
			<Type>5</Type>
			<Code>1472-1660-003</Code>
			<Quantity>.2</Quantity>
			<Net>0</Net>
			<Clinician>GD12235</Clinician>
			<PriorAuthorizationID>57332</PriorAuthorizationID>
		</Activity>
		<Activity>
			<ID>55</ID>
			<Start>12/09/2013 20:35</Start>
			<Type>3</Type>
			<Code>96372</Code>
			<Quantity>1</Quantity>
			<Net>0</Net>
			<Clinician>GD12235</Clinician>
			<PriorAuthorizationID>57332</PriorAuthorizationID>
		</Activity>
		<Activity>
			<ID>56</ID>
			<Start>13/09/2013 12:51</Start>
			<Type>5</Type>
			<Code>1523-2932-005</Code>
			<Quantity>.15</Quantity>
			<Net>0</Net>
			<Clinician>GD12235</Clinician>
			<PriorAuthorizationID>57332</PriorAuthorizationID>
		</Activity>
		<Activity>
			<ID>57</ID>
			<Start>13/09/2013 15:50</Start>
			<Type>5</Type>
			<Code>1431-2063-005</Code>
			<Quantity>.13</Quantity>
			<Net>0</Net>
			<Clinician>GD12235</Clinician>
			<PriorAuthorizationID>57332</PriorAuthorizationID>
		</Activity>
		<Activity>
			<ID>58</ID>
			<Start>13/09/2013 15:55</Start>
			<Type>5</Type>
			<Code>1508-3764-002</Code>
			<Quantity>1</Quantity>
			<Net>0</Net>
			<Clinician>GD12235</Clinician>
			<PriorAuthorizationID>57332</PriorAuthorizationID>
		</Activity>
		<Activity>
			<ID>59</ID>
			<Start>13/09/2013 15:55</Start>
			<Type>5</Type>
			<Code>1317-1465-001</Code>
			<Quantity>.15</Quantity>
			<Net>0</Net>
			<Clinician>GD12235</Clinician>
			<PriorAuthorizationID>57332</PriorAuthorizationID>
		</Activity>
		<Activity>
			<ID>60</ID>
			<Start>12/09/2013 09:55</Start>
			<Type>8</Type>
			<Code>17-03</Code>
			<Quantity>1</Quantity>
			<Net>0</Net>
			<Clinician>GD12235</Clinician>
			<PriorAuthorizationID>57332</PriorAuthorizationID>
		</Activity>
		<Activity>
			<ID>61</ID>
			<Start>14/09/2013 09:53</Start>
			<Type>5</Type>
			<Code>1472-1660-003</Code>
			<Quantity>.1</Quantity>
			<Net>0</Net>
			<Clinician>GD12235</Clinician>
			<PriorAuthorizationID>57332</PriorAuthorizationID>
		</Activity>
		<Activity>
			<ID>62</ID>
			<Start>11/09/2013 16:42</Start>
			<Type>3</Type>
			<Code>99221</Code>
			<Quantity>1</Quantity>
			<Net>0</Net>
			<Clinician>GD12235</Clinician>
			<PriorAuthorizationID>57332</PriorAuthorizationID>
		</Activity>
		<Activity>
			<ID>63</ID>
			<Start>11/09/2013 09:55</Start>
			<Type>3</Type>
			<Code>85025</Code>
			<Quantity>1</Quantity>
			<Net>0</Net>
			<Clinician>GD12235</Clinician>
			<PriorAuthorizationID>57332</PriorAuthorizationID>
		</Activity>
		<Activity>
			<ID>64</ID>
			<Start>11/09/2013 09:55</Start>
			<Type>3</Type>
			<Code>82950</Code>
			<Quantity>1</Quantity>
			<Net>0</Net>
			<Clinician>GD12235</Clinician>
			<PriorAuthorizationID>57332</PriorAuthorizationID>
		</Activity>
		<Activity>
			<ID>65</ID>
			<Start>11/09/2013 09:55</Start>
			<Type>3</Type>
			<Code>85002</Code>
			<Quantity>1</Quantity>
			<Net>0</Net>
			<Clinician>GD12235</Clinician>
			<PriorAuthorizationID>57332</PriorAuthorizationID>
		</Activity>
		<Activity>
			<ID>66</ID>
			<Start>11/09/2013 09:55</Start>
			<Type>3</Type>
			<Code>85610</Code>
			<Quantity>1</Quantity>
			<Net>0</Net>
			<Clinician>GD12235</Clinician>
			<PriorAuthorizationID>57332</PriorAuthorizationID>
		</Activity>
		<Activity>
			<ID>67</ID>
			<Start>12/09/2013 16:42</Start>
			<Type>3</Type>
			<Code>99231</Code>
			<Quantity>1</Quantity>
			<Net>0</Net>
			<Clinician>GD12235</Clinician>
			<PriorAuthorizationID>57332</PriorAuthorizationID>
		</Activity>
	</Claim>
	<Claim>
		<ID>1516280</ID>
		<IDPayer>
		</IDPayer>
		<MemberID>097110040046058002</MemberID>
		<PayerID>A012</PayerID>
		<ProviderID>MF131</ProviderID>
		<EmiratesIDNumber>111-1111-1111111-1</EmiratesIDNumber>
		<Gross>4975.84</Gross>
		<PatientShare>31</PatientShare>
		<Net>4944.84</Net>
		<Encounter>
			<FacilityID>MF131</FacilityID>
			<Type>3</Type>
			<PatientID>289431</PatientID>
			<Start>11/09/2013 10:30</Start>
			<End>14/09/2013 11:52</End>
			<StartType>1</StartType>
			<EndType>1</EndType>
		</Encounter>
		<Diagnosis>
			<Type>Principal</Type>
			<Code>V30.01</Code>
		</Diagnosis>
		<Diagnosis>
			<Type>Secondary</Type>
			<Code>771.6</Code>
		</Diagnosis>
		<Activity>
			<ID>1</ID>
			<Start>11/09/2013 21:42</Start>
			<Type>3</Type>
			<Code>99221</Code>
			<Quantity>1</Quantity>
			<Net>0</Net>
			<Clinician>GD11892</Clinician>
			<PriorAuthorizationID>57514</PriorAuthorizationID>
		</Activity>
		<Activity>
			<ID>2</ID>
			<Start>12/09/2013 21:42</Start>
			<Type>3</Type>
			<Code>99231</Code>
			<Quantity>1</Quantity>
			<Net>0</Net>
			<Clinician>GD11892</Clinician>
			<PriorAuthorizationID>57514</PriorAuthorizationID>
		</Activity>
		<Activity>
			<ID>3</ID>
			<Start>14/09/2013 11:52</Start>
			<Type>3</Type>
			<Code>99238</Code>
			<Quantity>1</Quantity>
			<Net>0</Net>
			<Clinician>GD11892</Clinician>
			<PriorAuthorizationID>57514</PriorAuthorizationID>
		</Activity>
		<Activity>
			<ID>4</ID>
			<Start>11/09/2013 14:32</Start>
			<Type>5</Type>
			<Code>1668-2085-001</Code>
			<Quantity>1</Quantity>
			<Net>0</Net>
			<Clinician>GD11892</Clinician>
			<PriorAuthorizationID>57514</PriorAuthorizationID>
		</Activity>
		<Activity>
			<ID>5</ID>
			<Start>11/09/2013 14:31</Start>
			<Type>5</Type>
			<Code>1498-2309-002</Code>
			<Quantity>1</Quantity>
			<Net>0</Net>
			<Clinician>GD11892</Clinician>
			<PriorAuthorizationID>57514</PriorAuthorizationID>
		</Activity>
		<Activity>
			<ID>6</ID>
			<Start>12/09/2013 06:12</Start>
			<Type>3</Type>
			<Code>96372</Code>
			<Quantity>1</Quantity>
			<Net>0</Net>
			<Clinician>GD11892</Clinician>
			<PriorAuthorizationID>57514</PriorAuthorizationID>
		</Activity>
		<Activity>
			<ID>7</ID>
			<Start>12/09/2013 06:12</Start>
			<Type>3</Type>
			<Code>96372</Code>
			<Quantity>1</Quantity>
			<Net>0</Net>
			<Clinician>GD11892</Clinician>
			<PriorAuthorizationID>57514</PriorAuthorizationID>
		</Activity>
		<Activity>
			<ID>8</ID>
			<Start>13/09/2013 21:42</Start>
			<Type>3</Type>
			<Code>99231</Code>
			<Quantity>1</Quantity>
			<Net>0</Net>
			<Clinician>GD11892</Clinician>
			<PriorAuthorizationID>57514</PriorAuthorizationID>
		</Activity>
		<Activity>
			<ID>9</ID>
			<Start>14/09/2013 11:52</Start>
			<Type>9</Type>
			<Code>158171</Code>
			<Quantity>1</Quantity>
			<Net>4944.84</Net>
			<Clinician>GD11892</Clinician>
			<PriorAuthorizationID>57514</PriorAuthorizationID>
		</Activity>
	</Claim>
</Claim.Submission>