<?xml version="1.0"?><Claim.Submission xmlns:tns="http://www.eclaimlink.ae/DataDictionary/CommonTypes" xmlns:xsi="http://www.w3.org/2001/XMLSchema-instance" xsi:noNamespaceSchemaLocation="http://www.eclaimlink.ae/DataDictionary/CommonTypes/ClaimSubmission.xsd"><Header><SenderID>DHA-F-0000078</SenderID><ReceiverID>TPA009</ReceiverID><TransactionDate>28/10/2013 19:13</TransactionDate><RecordCount>8</RecordCount><DispositionFlag>PRODUCTION</DispositionFlag></Header><Claim><ID>OPC-R-2013-021372</ID><MemberID>097110040038318301</MemberID><PayerID>INS008</PayerID><ProviderID>DHA-F-0000078</ProviderID><EmiratesIDNumber>999-9999-9999999-9</EmiratesIDNumber><Gross>38.5</Gross><PatientShare>0</PatientShare><Net>38.5</Net><Encounter><FacilityID>DHA-F-0000078</FacilityID><Type>1</Type><PatientID>0000001472</PatientID><Start>12/09/2013 19:12</Start><End>12/09/2013 19:13</End><StartType>1</StartType><EndType>1</EndType></Encounter><Diagnosis><Type>Principal</Type><Code>R19.7</Code></Diagnosis><Activity><ID>BILXX006832S007</ID><Start>12/09/2013 19:12</Start><Type>3</Type><Code>82270</Code><Quantity>1</Quantity><Net>38.5</Net><Clinician>DHA-P-0045476</Clinician><Observation><Type>Text</Type><Code>Non-Standard-Code</Code><Value>LMI068</Value><ValueType>Other</ValueType></Observation><Observation><Type>Text</Type><Code>Description</Code><Value>STOOL ROUTINE EXAMINATION</Value><ValueType>Other</ValueType></Observation></Activity></Claim><Claim><ID>OPC-R-2013-020990</ID><MemberID>097110040044109501</MemberID><PayerID>INS008</PayerID><ProviderID>DHA-F-0000078</ProviderID><EmiratesIDNumber>999-9999-9999999-9</EmiratesIDNumber><Gross>1891.4</Gross><PatientShare>0</PatientShare><Net>1891.4</Net><Encounter><FacilityID>DHA-F-0000078</FacilityID><Type>1</Type><PatientID>0000007022</PatientID><Start>04/09/2013 13:01</Start><End>04/09/2013 13:10</End><StartType>1</StartType><EndType>1</EndType></Encounter><Diagnosis><Type>Principal</Type><Code>I42.9</Code></Diagnosis><Diagnosis><Type>Secondary</Type><Code>E11.9</Code></Diagnosis><Diagnosis><Type>Secondary</Type><Code>R51</Code></Diagnosis><Diagnosis><Type>Secondary</Type><Code>E55.9</Code></Diagnosis><Diagnosis><Type>Secondary</Type><Code>E87.8</Code></Diagnosis><Diagnosis><Type>Secondary</Type><Code>H92.02</Code></Diagnosis><Diagnosis><Type>Secondary</Type><Code>E03.9</Code></Diagnosis><Diagnosis><Type>Secondary</Type><Code>E78.5</Code></Diagnosis><Activity><ID>BILXX006631I007</ID><Start>04/09/2013 13:09</Start><Type>3</Type><Code>84100</Code><Quantity>1</Quantity><Net>53.9</Net><Clinician>DHA-P-0016524</Clinician><Observation><Type>Text</Type><Code>Non-Standard-Code</Code><Value>LBI161</Value><ValueType>Other</ValueType></Observation><Observation><Type>Text</Type><Code>Description</Code><Value>INORGANIC PHOSPHATE</Value><ValueType>Other</ValueType></Observation></Activity><Activity><ID>BILXX0066310082</ID><Start>04/09/2013 13:09</Start><Type>3</Type><Code>82553</Code><Quantity>1</Quantity><Net>96.6</Net><Clinician>DHA-P-0016524</Clinician><Observation><Type>Text</Type><Code>Non-Standard-Code</Code><Value>LBI082</Value><ValueType>Other</ValueType></Observation><Observation><Type>Text</Type><Code>Description</Code><Value>CK-MB (MASS) </Value><ValueType>Other</ValueType></Observation></Activity><Activity><ID>BILXX0066310136</ID><Start>04/09/2013 13:09</Start><Type>3</Type><Code>82947</Code><Quantity>1</Quantity><Net>50.4</Net><Clinician>DHA-P-0016524</Clinician><Observation><Type>Text</Type><Code>Non-Standard-Code</Code><Value>LBI136</Value><ValueType>Other</ValueType></Observation><Observation><Type>Text</Type><Code>Description</Code><Value>GLUCOSE FASTING (F.B.S.)</Value><ValueType>Other</ValueType></Observation></Activity><Activity><ID>BILXX0066310340</ID><Start>04/09/2013 13:09</Start><Type>3</Type><Code>84443</Code><Quantity>1</Quantity><Net>177.1</Net><Clinician>DHA-P-0016524</Clinician><Observation><Type>Text</Type><Code>Non-Standard-Code</Code><Value>LEN065</Value><ValueType>Other</ValueType></Observation><Observation><Type>Text</Type><Code>Description</Code><Value>TSH (THYROID STIMULATING HORMONE) </Value><ValueType>Other</ValueType></Observation></Activity><Activity><ID>BILXX006631C004</ID><Start>04/09/2013 13:09</Start><Type>3</Type><Code>85027</Code><Quantity>1</Quantity><Net>81.2</Net><Clinician>DHA-P-0016524</Clinician><Observation><Type>Text</Type><Code>Non-Standard-Code</Code><Value>LHA023</Value><ValueType>Other</ValueType></Observation><Observation><Type>Text</Type><Code>Description</Code><Value>CBC</Value><ValueType>Other</ValueType></Observation></Activity><Activity><ID>BILXX0066310352</ID><Start>04/09/2013 13:09</Start><Type>3</Type><Code>85651</Code><Quantity>1</Quantity><Net>42.7</Net><Clinician>DHA-P-0016524</Clinician><Observation><Type>Text</Type><Code>Non-Standard-Code</Code><Value>LHA011</Value><ValueType>Other</ValueType></Observation><Observation><Type>Text</Type><Code>Description</Code><Value>ESR </Value><ValueType>Other</ValueType></Observation></Activity><Activity><ID>BILXX0066310059</ID><Start>04/09/2013 13:09</Start><Type>3</Type><Code>82331</Code><Quantity>1</Quantity><Net>50.4</Net><Clinician>DHA-P-0016524</Clinician><Observation><Type>Text</Type><Code>Non-Standard-Code</Code><Value>LBI059</Value><ValueType>Other</ValueType></Observation><Observation><Type>Text</Type><Code>Description</Code><Value>CALCIUM </Value><ValueType>Other</ValueType></Observation></Activity><Activity><ID>BILXX0066310181</ID><Start>04/09/2013 13:09</Start><Type>3</Type><Code>83735</Code><Quantity>1</Quantity><Net>65.8</Net><Clinician>DHA-P-0016524</Clinician><Observation><Type>Text</Type><Code>Non-Standard-Code</Code><Value>LBI181</Value><ValueType>Other</ValueType></Observation><Observation><Type>Text</Type><Code>Description</Code><Value>MAGNESIUM </Value><ValueType>Other</ValueType></Observation></Activity><Activity><ID>BILXX006631B003</ID><Start>04/09/2013 13:09</Start><Type>3</Type><Code>84520</Code><Quantity>1</Quantity><Net>50.4</Net><Clinician>DHA-P-0016524</Clinician><Observation><Type>Text</Type><Code>Non-Standard-Code</Code><Value>LBI279</Value><ValueType>Other</ValueType></Observation><Observation><Type>Text</Type><Code>Description</Code><Value>BLOOD UREA</Value><ValueType>Other</ValueType></Observation></Activity><Activity><ID>BILXX006631S002</ID><Start>04/09/2013 13:09</Start><Type>3</Type><Code>84460</Code><Quantity>1</Quantity><Net>42.7</Net><Clinician>DHA-P-0016524</Clinician><Observation><Type>Text</Type><Code>Non-Standard-Code</Code><Value>LBI016</Value><ValueType>Other</ValueType></Observation><Observation><Type>Text</Type><Code>Description</Code><Value>ALT (SGPT)</Value><ValueType>Other</ValueType></Observation></Activity><Activity><ID>BILXX0066310129</ID><Start>04/09/2013 13:09</Start><Type>3</Type><Code>82977</Code><Quantity>1</Quantity><Net>50.4</Net><Clinician>DHA-P-0016524</Clinician><Observation><Type>Text</Type><Code>Non-Standard-Code</Code><Value>LBI129</Value><ValueType>Other</ValueType></Observation><Observation><Type>Text</Type><Code>Description</Code><Value>GGT (GAMMA GLUTAMYL TRANSFERASE)</Value><ValueType>Other</ValueType></Observation></Activity><Activity><ID>BILXX0066310166</ID><Start>04/09/2013 13:09</Start><Type>3</Type><Code>83615</Code><Quantity>1</Quantity><Net>50.4</Net><Clinician>DHA-P-0016524</Clinician><Observation><Type>Text</Type><Code>Non-Standard-Code</Code><Value>LBI166</Value><ValueType>Other</ValueType></Observation><Observation><Type>Text</Type><Code>Description</Code><Value>LDH (LACTATE DEHYDROGENASE) </Value><ValueType>Other</ValueType></Observation></Activity><Activity><ID>BILXX0066310088</ID><Start>04/09/2013 13:09</Start><Type>3</Type><Code>82565</Code><Quantity>1</Quantity><Net>50.4</Net><Clinician>DHA-P-0016524</Clinician><Observation><Type>Text</Type><Code>Non-Standard-Code</Code><Value>LBI088</Value><ValueType>Other</ValueType></Observation><Observation><Type>Text</Type><Code>Description</Code><Value>CREATININE</Value><ValueType>Other</ValueType></Observation></Activity><Activity><ID>BILXX0066310013</ID><Start>04/09/2013 13:09</Start><Type>3</Type><Code>84075</Code><Quantity>1</Quantity><Net>50.4</Net><Clinician>DHA-P-0016524</Clinician><Observation><Type>Text</Type><Code>Non-Standard-Code</Code><Value>LBI013</Value><ValueType>Other</ValueType></Observation><Observation><Type>Text</Type><Code>Description</Code><Value>ALKALINE PHOSPHATASE (ALP)</Value><ValueType>Other</ValueType></Observation></Activity><Activity><ID>BILXX006631S001</ID><Start>04/09/2013 13:09</Start><Type>3</Type><Code>84450</Code><Quantity>1</Quantity><Net>42.7</Net><Clinician>DHA-P-0016524</Clinician><Observation><Type>Text</Type><Code>Non-Standard-Code</Code><Value>LBI040</Value><ValueType>Other</ValueType></Observation><Observation><Type>Text</Type><Code>Description</Code><Value>AST (SGOT)</Value><ValueType>Other</ValueType></Observation></Activity><Activity><ID>BILXX0066310087</ID><Start>04/09/2013 13:09</Start><Type>3</Type><Code>82550</Code><Quantity>1</Quantity><Net>50.4</Net><Clinician>DHA-P-0016524</Clinician><Observation><Type>Text</Type><Code>Non-Standard-Code</Code><Value>LBI087</Value><ValueType>Other</ValueType></Observation><Observation><Type>Text</Type><Code>Description</Code><Value>CREATINE KINASE (CK)</Value><ValueType>Other</ValueType></Observation></Activity><Activity><ID>BILXX0066310271</ID><Start>04/09/2013 13:09</Start><Type>3</Type><Code>82652</Code><Quantity>1</Quantity><Net>500.5</Net><Clinician>DHA-P-0016524</Clinician><Observation><Type>Text</Type><Code>Non-Standard-Code</Code><Value>LBI271</Value><ValueType>Other</ValueType></Observation><Observation><Type>Text</Type><Code>Description</Code><Value>VITAMIN D 25 TOTAL</Value><ValueType>Other</ValueType></Observation></Activity><Activity><ID>BILXX006631E002</ID><Start>04/09/2013 13:09</Start><Type>3</Type><Code>80051</Code><Quantity>1</Quantity><Net>119</Net><Clinician>DHA-P-0016524</Clinician><Observation><Type>Text</Type><Code>Non-Standard-Code</Code><Value>LBI280</Value><ValueType>Other</ValueType></Observation><Observation><Type>Text</Type><Code>Description</Code><Value>ELECTROLYTES</Value><ValueType>Other</ValueType></Observation></Activity><Activity><ID>BILXX0066310174</ID><Start>04/09/2013 13:09</Start><Type>3</Type><Code>80061</Code><Quantity>1</Quantity><Net>266</Net><Clinician>DHA-P-0016524</Clinician><Observation><Type>Text</Type><Code>Non-Standard-Code</Code><Value>LBI174</Value><ValueType>Other</ValueType></Observation><Observation><Type>Text</Type><Code>Description</Code><Value>LIPID PROFILE WITH TRUE LDL (CHOL,TRIG,HDL,LDL) </Value><ValueType>Other</ValueType></Observation></Activity></Claim><Claim><ID>OPC-R-2013-020866</ID><MemberID>097110040041727202</MemberID><PayerID>INS008</PayerID><ProviderID>DHA-F-0000078</ProviderID><EmiratesIDNumber>999-9999-9999999-9</EmiratesIDNumber><Gross>488.6</Gross><PatientShare>75</PatientShare><Net>413.6</Net><Encounter><FacilityID>DHA-F-0000078</FacilityID><Type>1</Type><PatientID>0000003522</PatientID><Start>01/09/2013 17:47</Start><End>01/09/2013 18:34</End><StartType>1</StartType><EndType>1</EndType></Encounter><Diagnosis><Type>Principal</Type><Code>Z34.92</Code></Diagnosis><Diagnosis><Type>Secondary</Type><Code>R12</Code></Diagnosis><Diagnosis><Type>Secondary</Type><Code>O26.892</Code></Diagnosis><Diagnosis><Type>Secondary</Type><Code>Z3A.28</Code></Diagnosis><Activity><ID>OPRXX0095851038</ID><Start>01/09/2013 17:47</Start><Type>8</Type><Code>10</Code><Quantity>1</Quantity><Net>215.5</Net><Clinician>DHA-P-0249215</Clinician><Observation><Type>Text</Type><Code>Non-Standard-Code</Code><Value>DCF010</Value><ValueType>Other</ValueType></Observation><Observation><Type>Text</Type><Code>Description</Code><Value>SPECIALIST -NEW VISIT</Value><ValueType>Other</ValueType></Observation></Activity><Activity><ID>BILXX0065410825</ID><Start>01/09/2013 18:34</Start><Type>3</Type><Code>76857</Code><Quantity>1</Quantity><Net>175</Net><Clinician>DHA-P-0249215</Clinician><Observation><Type>Text</Type><Code>Non-Standard-Code</Code><Value>RAD091</Value><ValueType>Other</ValueType></Observation><Observation><Type>Text</Type><Code>Description</Code><Value>ULTRASOUND SCREENING</Value><ValueType>Other</ValueType></Observation></Activity><Activity><ID>BILXX0065411203</ID><Start>01/09/2013 18:34</Start><Type>3</Type><Code>81000</Code><Quantity>1</Quantity><Net>23.1</Net><Clinician>DHA-P-0249215</Clinician><Observation><Type>Text</Type><Code>Non-Standard-Code</Code><Value>MIS021</Value><ValueType>Other</ValueType></Observation><Observation><Type>Text</Type><Code>Description</Code><Value>URINE ANALYSIS(DIP STICK)</Value><ValueType>Other</ValueType></Observation></Activity></Claim><Claim><ID>OPC-R-2013-021365</ID><MemberID>097110040038318301</MemberID><PayerID>INS008</PayerID><ProviderID>DHA-F-0000078</ProviderID><EmiratesIDNumber>999-9999-9999999-9</EmiratesIDNumber><Gross>292.6</Gross><PatientShare>75</PatientShare><Net>217.6</Net><Encounter><FacilityID>DHA-F-0000078</FacilityID><Type>1</Type><PatientID>0000001472</PatientID><Start>12/09/2013 17:24</Start><End>12/09/2013 18:04</End><StartType>1</StartType><EndType>1</EndType></Encounter><Diagnosis><Type>Principal</Type><Code>R19.7</Code></Diagnosis><Activity><ID>OPRXX0099941038</ID><Start>12/09/2013 17:24</Start><Type>8</Type><Code>10</Code><Quantity>1</Quantity><Net>217.6</Net><Clinician>DHA-P-0045476</Clinician><Observation><Type>Text</Type><Code>Non-Standard-Code</Code><Value>DCF010</Value><ValueType>Other</ValueType></Observation><Observation><Type>Text</Type><Code>Description</Code><Value>SPECIALIST -NEW VISIT</Value><ValueType>Other</ValueType></Observation></Activity></Claim><Claim><ID>OPC-R-2013-020897</ID><MemberID>097110040046238301</MemberID><PayerID>INS008</PayerID><ProviderID>DHA-F-0000078</ProviderID><EmiratesIDNumber>999-9999-9999999-9</EmiratesIDNumber><Gross>290.5</Gross><PatientShare>75</PatientShare><Net>215.5</Net><Encounter><FacilityID>DHA-F-0000078</FacilityID><Type>1</Type><PatientID>0000007077</PatientID><Start>02/09/2013 12:05</Start><End>02/09/2013 13:09</End><StartType>1</StartType><EndType>1</EndType></Encounter><Diagnosis><Type>Principal</Type><Code>Z09</Code></Diagnosis><Activity><ID>OPRXX0096091038</ID><Start>02/09/2013 12:05</Start><Type>8</Type><Code>10</Code><Quantity>1</Quantity><Net>215.5</Net><Clinician>DHA-P-0045476</Clinician><Observation><Type>Text</Type><Code>Non-Standard-Code</Code><Value>DCF010</Value><ValueType>Other</ValueType></Observation><Observation><Type>Text</Type><Code>Description</Code><Value>SPECIALIST -NEW VISIT</Value><ValueType>Other</ValueType></Observation></Activity></Claim><Claim><ID>OPC-R-2013-021243</ID><MemberID>097110040046238202</MemberID><PayerID>INS008</PayerID><ProviderID>DHA-F-0000078</ProviderID><EmiratesIDNumber>999-9999-9999999-9</EmiratesIDNumber><Gross>290.5</Gross><PatientShare>75</PatientShare><Net>215.5</Net><Encounter><FacilityID>DHA-F-0000078</FacilityID><Type>1</Type><PatientID>0000007143</PatientID><Start>10/09/2013 17:10</Start><End>10/09/2013 17:11</End><StartType>1</StartType><EndType>1</EndType></Encounter><Diagnosis><Type>Principal</Type><Code>H60.91</Code></Diagnosis><Activity><ID>OPRXX0099031038</ID><Start>10/09/2013 17:10</Start><Type>8</Type><Code>10</Code><Quantity>1</Quantity><Net>215.5</Net><Clinician>DHA-P-0251265</Clinician><Observation><Type>Text</Type><Code>Non-Standard-Code</Code><Value>DCF010</Value><ValueType>Other</ValueType></Observation><Observation><Type>Text</Type><Code>Description</Code><Value>SPECIALIST -NEW VISIT</Value><ValueType>Other</ValueType></Observation></Activity></Claim><Claim><ID>OPC-R-2013-021404</ID><MemberID>097110040035129301</MemberID><PayerID>INS008</PayerID><ProviderID>DHA-F-0000078</ProviderID><EmiratesIDNumber>999-9999-9999999-9</EmiratesIDNumber><Gross>290.5</Gross><PatientShare>50</PatientShare><Net>240.5</Net><Encounter><FacilityID>DHA-F-0000078</FacilityID><Type>1</Type><PatientID>0000007178</PatientID><Start>14/09/2013 14:32</Start><End>14/09/2013 16:00</End><StartType>1</StartType><EndType>1</EndType></Encounter><Diagnosis><Type>Principal</Type><Code>L23.9</Code></Diagnosis><Activity><ID>OPRXX0100241038</ID><Start>14/09/2013 14:32</Start><Type>8</Type><Code>10</Code><Quantity>1</Quantity><Net>240.5</Net><Clinician>DHA-P-0023160</Clinician><Observation><Type>Text</Type><Code>Non-Standard-Code</Code><Value>DCF010</Value><ValueType>Other</ValueType></Observation><Observation><Type>Text</Type><Code>Description</Code><Value>SPECIALIST -NEW VISIT</Value><ValueType>Other</ValueType></Observation></Activity></Claim><Claim><ID>OPC-R-2013-021495</ID><MemberID>097110040041727202</MemberID><PayerID>INS008</PayerID><ProviderID>DHA-F-0000078</ProviderID><EmiratesIDNumber>999-9999-9999999-9</EmiratesIDNumber><Gross>597.1</Gross><PatientShare>75</PatientShare><Net>522.1</Net><Encounter><FacilityID>DHA-F-0000078</FacilityID><Type>1</Type><PatientID>0000003522</PatientID><Start>15/09/2013 20:28</Start><End>15/09/2013 20:57</End><StartType>1</StartType><EndType>1</EndType></Encounter><Diagnosis><Type>Principal</Type><Code>Z34.93</Code></Diagnosis><Diagnosis><Type>Secondary</Type><Code>Z3A.30</Code></Diagnosis><Activity><ID>BILXX0068960138</ID><Start>15/09/2013 20:57</Start><Type>3</Type><Code>82948</Code><Quantity>1</Quantity><Net>50.4</Net><Clinician>DHA-P-0249215</Clinician><Observation><Type>Text</Type><Code>Non-Standard-Code</Code><Value>LBI138</Value><ValueType>Other</ValueType></Observation><Observation><Type>Text</Type><Code>Description</Code><Value>GLUCOSE RANDOM</Value><ValueType>Other</ValueType></Observation></Activity><Activity><ID>OPRXX0100951038</ID><Start>15/09/2013 20:28</Start><Type>8</Type><Code>10</Code><Quantity>1</Quantity><Net>215.5</Net><Clinician>DHA-P-0249215</Clinician><Observation><Type>Text</Type><Code>Non-Standard-Code</Code><Value>DCF010</Value><ValueType>Other</ValueType></Observation><Observation><Type>Text</Type><Code>Description</Code><Value>SPECIALIST -NEW VISIT</Value><ValueType>Other</ValueType></Observation></Activity><Activity><ID>BILXX0068960825</ID><Start>15/09/2013 20:57</Start><Type>3</Type><Code>76857</Code><Quantity>1</Quantity><Net>175</Net><Clinician>DHA-P-0249215</Clinician><Observation><Type>Text</Type><Code>Non-Standard-Code</Code><Value>RAD091</Value><ValueType>Other</ValueType></Observation><Observation><Type>Text</Type><Code>Description</Code><Value>ULTRASOUND SCREENING</Value><ValueType>Other</ValueType></Observation></Activity><Activity><ID>BILXX006896C004</ID><Start>15/09/2013 20:57</Start><Type>3</Type><Code>85027</Code><Quantity>1</Quantity><Net>81.2</Net><Clinician>DHA-P-0249215</Clinician><Observation><Type>Text</Type><Code>Non-Standard-Code</Code><Value>LHA023</Value><ValueType>Other</ValueType></Observation><Observation><Type>Text</Type><Code>Description</Code><Value>CBC</Value><ValueType>Other</ValueType></Observation></Activity></Claim></Claim.Submission>