<?xml version="1.0" encoding="UTF-8"?>
<Claim.Submission xsi:noNamespaceSchemaLocation="http://www.haad.ae/DataDictionary/CommonTypes/DataDictionary.xsd" xmlns:tns="http://www.haad.ae/DataDictionary/CommonTypes" xmlns:xsi="http://www.w3.org/2001/XMLSchema-instance">
  <Header>
    <SenderID>DHA-F-0045697</SenderID>
    <ReceiverID>C004</ReceiverID>
    <DispositionFlag>PRODUCTION</DispositionFlag>
    <TransactionDate>26/10/2013 12:00</TransactionDate>
    <RecordCount>4</RecordCount>
  </Header>
  <Claim>
    <ID>BEHPHP00000173018</ID>
    <IDPayer/>
    <MemberID>425261</MemberID>
    <PayerID>A012</PayerID>
    <ProviderID>DHA-F-0045697</ProviderID>
    <EmiratesIDNumber>111-1111-1111111-1</EmiratesIDNumber>
    <Gross>277.87</Gross>
    <PatientShare>0.00</PatientShare>
    <Net>277.87</Net>
    <Encounter>
      <FacilityID>DHA-F-0045697</FacilityID>
      <Type>1</Type>
      <PatientID>082292</PatientID>
      <Start>14/09/2013 12:00</Start>
      <End>14/09/2013 12:00</End>
      <StartType>1</StartType>
      <EndType>1</EndType>
    </Encounter>
    <Diagnosis>
      <Type>Principal</Type>
      <Code>J30.9</Code>
    </Diagnosis>
    <Diagnosis>
      <Type>Secondary</Type>
      <Code>J45.909</Code>
    </Diagnosis>
    <Activity>
      <ID>4</ID>
      <Start>14/09/2013 12:00</Start>
      <End>14/09/2013 12:00</End>
      <Code>1158-412003-1391</Code>
      <Type>5</Type>
      <Quantity>1</Quantity>
      <Net>0</Net>
      <Clinician>DHA-P-0240012</Clinician>
      <Observation>
        <Type>Financial</Type>
        <Code>ActivityGross</Code>
        <Value>153.90</Value>
        <ValueType>Float</ValueType>
      </Observation>
      <Observation>
        <Type>Financial</Type>
        <Code>PSDeductible</Code>
        <Value>0.00</Value>
        <ValueType>Float</ValueType>
      </Observation>
      <Observation>
        <Type>Financial</Type>
        <Code>PSCoPayment</Code>
        <Value>0.00</Value>
        <ValueType>Float</ValueType>
      </Observation>
      <Observation>
        <Type>Financial</Type>
        <Code>PSOutOfPocket</Code>
        <Value>0.00</Value>
        <ValueType>Float</ValueType>
      </Observation>
      <Observation>
        <Type>Text</Type>
        <Code>Non-Standard-Code</Code>
        <Value>0100300199</Value>
        <ValueType>Other</ValueType>
      </Observation>
    </Activity>
  </Claim>
  <Claim>
    <ID>BEHPHP00000173294</ID>
    <IDPayer/>
    <MemberID>35199</MemberID>
    <PayerID>INS113</PayerID>
    <ProviderID>DHA-F-0045697</ProviderID>
    <EmiratesIDNumber>111-1111-1111111-1</EmiratesIDNumber>
    <Gross>140.60</Gross>
    <PatientShare>0.00</PatientShare>
    <Net>140.60</Net>
    <Encounter>
      <FacilityID>DHA-F-0045697</FacilityID>
      <Type>1</Type>
      <PatientID>129117</PatientID>
      <Start>16/09/2013 12:00</Start>
      <End>16/09/2013 12:00</End>
      <StartType>1</StartType>
      <EndType>1</EndType>
    </Encounter>
    <Diagnosis>
      <Type>Principal</Type>
      <Code>K29.70</Code>
    </Diagnosis>
    <Diagnosis>
      <Type>Secondary</Type>
      <Code>K58.9</Code>
    </Diagnosis>
    <Diagnosis>
      <Type>Secondary</Type>
      <Code>Z03.89</Code>
    </Diagnosis>
    <Activity>
      <ID>2</ID>
      <Start>16/09/2013 12:00</Start>
      <End>16/09/2013 12:00</End>
      <Code>0252-242802-0341</Code>
      <Type>5</Type>
      <Quantity>2</Quantity>
      <Net>0</Net>
      <Clinician>DHA-P-0240016</Clinician>
      <Observation>
        <Type>Financial</Type>
        <Code>ActivityGross</Code>
        <Value>126.35</Value>
        <ValueType>Float</ValueType>
      </Observation>
      <Observation>
        <Type>Financial</Type>
        <Code>PSDeductible</Code>
        <Value>0.00</Value>
        <ValueType>Float</ValueType>
      </Observation>
      <Observation>
        <Type>Financial</Type>
        <Code>PSCoPayment</Code>
        <Value>0.00</Value>
        <ValueType>Float</ValueType>
      </Observation>
      <Observation>
        <Type>Financial</Type>
        <Code>PSOutOfPocket</Code>
        <Value>0.00</Value>
        <ValueType>Float</ValueType>
      </Observation>
      <Observation>
        <Type>Text</Type>
        <Code>Non-Standard-Code</Code>
        <Value>0100100244</Value>
        <ValueType>Other</ValueType>
      </Observation>
    </Activity>
  </Claim>
  <Claim>
    <ID>BEHPHP00000173345</ID>
    <IDPayer/>
    <MemberID>440666</MemberID>
    <PayerID>A012</PayerID>
    <ProviderID>DHA-F-0045697</ProviderID>
    <EmiratesIDNumber>111-1111-1111111-1</EmiratesIDNumber>
    <Gross>49.00</Gross>
    <PatientShare>49.00</PatientShare>
    <Net>0.00</Net>
    <Encounter>
      <FacilityID>DHA-F-0045697</FacilityID>
      <Type>1</Type>
      <PatientID>068311</PatientID>
      <Start>16/09/2013 12:00</Start>
      <End>16/09/2013 12:00</End>
      <StartType>1</StartType>
      <EndType>1</EndType>
    </Encounter>
    <Diagnosis>
      <Type>Principal</Type>
      <Code>N83.20</Code>
    </Diagnosis>
    <Diagnosis>
      <Type>Secondary</Type>
      <Code>B37.3</Code>
    </Diagnosis>
    <Diagnosis>
      <Type>Secondary</Type>
      <Code>E55.9</Code>
    </Diagnosis>
    <Activity>
      <ID>1</ID>
      <Start>16/09/2013 12:00</Start>
      <End>16/09/2013 12:00</End>
      <Code>0000-000000-0000</Code>
      <Type>5</Type>
      <Quantity>1</Quantity>
      <Net>0</Net>
      <Clinician>DHA-P-0240635</Clinician>
      <Observation>
        <Type>Financial</Type>
        <Code>ActivityGross</Code>
        <Value>49.00</Value>
        <ValueType>Float</ValueType>
      </Observation>
      <Observation>
        <Type>Financial</Type>
        <Code>PSDeductible</Code>
        <Value>0.00</Value>
        <ValueType>Float</ValueType>
      </Observation>
      <Observation>
        <Type>Financial</Type>
        <Code>PSCoPayment</Code>
        <Value>0.00</Value>
        <ValueType>Float</ValueType>
      </Observation>
      <Observation>
        <Type>Financial</Type>
        <Code>PSOutOfPocket</Code>
        <Value>0.00</Value>
        <ValueType>Float</ValueType>
      </Observation>
      <Observation>
        <Type>Text</Type>
        <Code>Non-Standard-Code</Code>
        <Value>0100700137</Value>
        <ValueType>Other</ValueType>
      </Observation>
      <Observation>
        <Type>Text</Type>
        <Code>Non-Standard-Code</Code>
        <Value>0000</Value>
        <ValueType>Other</ValueType>
      </Observation>
      <Observation>
        <Type>Text</Type>
        <Code>Description</Code>
        <Value>La Femme 250ml</Value>
        <ValueType>Other</ValueType>
      </Observation>
    </Activity>
  </Claim>
  <Claim>
    <ID>BEHPHP00000174771</ID>
    <IDPayer/>
    <MemberID>35199</MemberID>
    <PayerID>INS113</PayerID>
    <ProviderID>DHA-F-0045697</ProviderID>
    <EmiratesIDNumber>111-1111-1111111-1</EmiratesIDNumber>
    <Gross>295.45</Gross>
    <PatientShare>0.00</PatientShare>
    <Net>295.45</Net>
    <Encounter>
      <FacilityID>DHA-F-0045697</FacilityID>
      <Type>1</Type>
      <PatientID>129117</PatientID>
      <Start>25/09/2013 12:00</Start>
      <End>25/09/2013 12:00</End>
      <StartType>1</StartType>
      <EndType>1</EndType>
    </Encounter>
    <Diagnosis>
      <Type>Principal</Type>
      <Code>K58.9</Code>
    </Diagnosis>
    <Activity>
      <ID>2</ID>
      <Start>25/09/2013 12:00</Start>
      <End>25/09/2013 12:00</End>
      <Code>0252-242802-0341</Code>
      <Type>5</Type>
      <Quantity>4</Quantity>
      <Net>0</Net>
      <Clinician>DHA-P-0240016</Clinician>
      <Observation>
        <Type>Financial</Type>
        <Code>ActivityGross</Code>
        <Value>252.70</Value>
        <ValueType>Float</ValueType>
      </Observation>
      <Observation>
        <Type>Financial</Type>
        <Code>PSDeductible</Code>
        <Value>0.00</Value>
        <ValueType>Float</ValueType>
      </Observation>
      <Observation>
        <Type>Financial</Type>
        <Code>PSCoPayment</Code>
        <Value>0.00</Value>
        <ValueType>Float</ValueType>
      </Observation>
      <Observation>
        <Type>Financial</Type>
        <Code>PSOutOfPocket</Code>
        <Value>0.00</Value>
        <ValueType>Float</ValueType>
      </Observation>
      <Observation>
        <Type>Text</Type>
        <Code>Non-Standard-Code</Code>
        <Value>0100100244</Value>
        <ValueType>Other</ValueType>
      </Observation>
    </Activity>
  </Claim>
</Claim.Submission>
