<?xml version="1.0" encoding="UTF-8"?>
<Claim.Submission xsi:noNamespaceSchemaLocation="http://www.haad.ae/DataDictionary/CommonTypes/DataDictionary.xsd" xmlns:tns="http://www.haad.ae/DataDictionary/CommonTypes" xmlns:xsi="http://www.w3.org/2001/XMLSchema-instance">
  <Header>
    <SenderID>DHA-F-0045697</SenderID>
    <ReceiverID>C004</ReceiverID>
    <DispositionFlag>PRODUCTION</DispositionFlag>
    <TransactionDate>26/10/2013 12:00</TransactionDate>
    <RecordCount>2</RecordCount>
  </Header>
  <Claim>
    <ID>BEHPHP00000172547</ID>
    <IDPayer/>
    <MemberID>370066</MemberID>
    <PayerID>A020</PayerID>
    <ProviderID>DHA-F-0045697</ProviderID>
    <EmiratesIDNumber>111-1111-1111111-1</EmiratesIDNumber>
    <Gross>5.70</Gross>
    <PatientShare>1.14</PatientShare>
    <Net>4.56</Net>
    <Encounter>
      <FacilityID>DHA-F-0045697</FacilityID>
      <Type>1</Type>
      <PatientID>128550</PatientID>
      <Start>11/09/2013 12:00</Start>
      <End>11/09/2013 12:00</End>
      <StartType>1</StartType>
      <EndType>1</EndType>
    </Encounter>
    <Diagnosis>
      <Type>Principal</Type>
      <Code>O26.851</Code>
    </Diagnosis>
    <Diagnosis>
      <Type>Secondary</Type>
      <Code>Z3A.01</Code>
    </Diagnosis>
    <Activity>
      <ID>1</ID>
      <Start>11/09/2013 12:00</Start>
      <End>11/09/2013 12:00</End>
      <Code>0005-185902-1172</Code>
      <Type>5</Type>
      <Quantity>1</Quantity>
      <Net>6</Net>
      <Clinician>DHA-P-0244470</Clinician>
      <Observation>
        <Type>Financial</Type>
        <Code>ActivityGross</Code>
        <Value>5.70</Value>
        <ValueType>Float</ValueType>
      </Observation>
      <Observation>
        <Type>Financial</Type>
        <Code>PSDeductible</Code>
        <Value>0.00</Value>
        <ValueType>Float</ValueType>
      </Observation>
      <Observation>
        <Type>Financial</Type>
        <Code>PSCoPayment</Code>
        <Value>0.00</Value>
        <ValueType>Float</ValueType>
      </Observation>
      <Observation>
        <Type>Financial</Type>
        <Code>PSOutOfPocket</Code>
        <Value>0.00</Value>
        <ValueType>Float</ValueType>
      </Observation>
      <Observation>
        <Type>Text</Type>
        <Code>Non-Standard-Code</Code>
        <Value>0101000134</Value>
        <ValueType>Other</ValueType>
      </Observation>
    </Activity>
  </Claim>
  <Claim>
    <ID>BEHPHP00000174328</ID>
    <IDPayer/>
    <MemberID>440697</MemberID>
    <PayerID>A012</PayerID>
    <ProviderID>DHA-F-0045697</ProviderID>
    <EmiratesIDNumber>111-1111-1111111-1</EmiratesIDNumber>
    <Gross>29.45</Gross>
    <PatientShare>0.00</PatientShare>
    <Net>29.45</Net>
    <Encounter>
      <FacilityID>DHA-F-0045697</FacilityID>
      <Type>1</Type>
      <PatientID>150684</PatientID>
      <Start>22/09/2013 12:00</Start>
      <End>22/09/2013 12:00</End>
      <StartType>1</StartType>
      <EndType>1</EndType>
    </Encounter>
    <Diagnosis>
      <Type>Principal</Type>
      <Code>O47.03</Code>
    </Diagnosis>
    <Diagnosis>
      <Type>Secondary</Type>
      <Code>Z3A.36</Code>
    </Diagnosis>
    <Diagnosis>
      <Type>Secondary</Type>
      <Code>O23.593</Code>
    </Diagnosis>
    <Activity>
      <ID>1</ID>
      <Start>22/09/2013 12:00</Start>
      <End>22/09/2013 12:00</End>
      <Code>0701-141605-1111</Code>
      <Type>5</Type>
      <Quantity>2</Quantity>
      <Net>15</Net>
      <Clinician>DHA-P-0252711</Clinician>
      <Observation>
        <Type>Financial</Type>
        <Code>ActivityGross</Code>
        <Value>29.45</Value>
        <ValueType>Float</ValueType>
      </Observation>
      <Observation>
        <Type>Financial</Type>
        <Code>PSDeductible</Code>
        <Value>0.00</Value>
        <ValueType>Float</ValueType>
      </Observation>
      <Observation>
        <Type>Financial</Type>
        <Code>PSCoPayment</Code>
        <Value>0.00</Value>
        <ValueType>Float</ValueType>
      </Observation>
      <Observation>
        <Type>Financial</Type>
        <Code>PSOutOfPocket</Code>
        <Value>0.00</Value>
        <ValueType>Float</ValueType>
      </Observation>
      <Observation>
        <Type>Text</Type>
        <Code>Non-Standard-Code</Code>
        <Value>0100100082</Value>
        <ValueType>Other</ValueType>
      </Observation>
    </Activity>
  </Claim>
</Claim.Submission>
