<?xml version="1.0" encoding="UTF-8"?>
<Claim.Submission xsi:noNamespaceSchemaLocation="http://www.haad.ae/DataDictionary/CommonTypes/DataDictionary.xsd" xmlns:tns="http://www.haad.ae/DataDictionary/CommonTypes" xmlns:xsi="http://www.w3.org/2001/XMLSchema-instance">
  <Header>
    <SenderID>DHA-F-0045697</SenderID>
    <ReceiverID>C004</ReceiverID>
    <DispositionFlag>PRODUCTION</DispositionFlag>
    <TransactionDate>26/10/2013 12:00</TransactionDate>
    <RecordCount>1</RecordCount>
  </Header>
  <Claim>
    <ID>BEHIP0000006517</ID>
    <IDPayer/>
    <MemberID>421700</MemberID>
    <PayerID/>
    <ProviderID>DHA-F-0045697</ProviderID>
    <EmiratesIDNumber>111-1111-1111111-1</EmiratesIDNumber>
    <Gross>6599.53</Gross>
    <PatientShare>0.00</PatientShare>
    <Net>6599.53</Net>
    <Encounter>
      <FacilityID>DHA-F-0045697</FacilityID>
      <Type>3</Type>
      <PatientID>160982</PatientID>
      <Start>17/09/2013 12:00</Start>
      <End>17/09/2013 12:00</End>
      <StartType>1</StartType>
      <EndType>1</EndType>
    </Encounter>
    <Contract>
      <PackageName/>
    </Contract>
    <Resubmission/>
    <Diagnosis>
      <Type>Principal</Type>
      <Code>R22.0</Code>
    </Diagnosis>
    <Activity>
      <ID>1</ID>
      <Start>17/09/2013 12:00</Start>
      <End>17/09/2013 12:00</End>
      <Code>65</Code>
      <Type>8</Type>
      <Quantity>4</Quantity>
      <Net>0</Net>
      <Clinician>DHA-P-0243847</Clinician>
      <PriorAuthorizationID>57360</PriorAuthorizationID>
      <Observation>
        <Type>Financial</Type>
        <Code>ActivityGross</Code>
        <Value>800.00</Value>
        <ValueType>Float</ValueType>
      </Observation>
      <Observation>
        <Type>Financial</Type>
        <Code>PSDeductible</Code>
        <Value>0.00</Value>
        <ValueType>Float</ValueType>
      </Observation>
      <Observation>
        <Type>Financial</Type>
        <Code>PSCoPayment</Code>
        <Value>0.00</Value>
        <ValueType>Float</ValueType>
      </Observation>
      <Observation>
        <Type>Financial</Type>
        <Code>PSOutOfPocket</Code>
        <Value>0.00</Value>
        <ValueType>Float</ValueType>
      </Observation>
      <Observation>
        <Type>Text</Type>
        <Code>Non-Standard-Code</Code>
        <Value>AN001</Value>
        <ValueType>Other</ValueType>
      </Observation>
    </Activity>
    <Activity>
      <ID>2</ID>
      <Start>17/09/2013 12:00</Start>
      <End>17/09/2013 12:00</End>
      <Code>11401</Code>
      <Type>3</Type>
      <Quantity>1</Quantity>
      <Net>0</Net>
      <Clinician>DHA-P-0243847</Clinician>
      <PriorAuthorizationID>57360</PriorAuthorizationID>
      <Observation>
        <Type>Financial</Type>
        <Code>ActivityGross</Code>
        <Value>2880.00</Value>
        <ValueType>Float</ValueType>
      </Observation>
      <Observation>
        <Type>Financial</Type>
        <Code>PSDeductible</Code>
        <Value>0.00</Value>
        <ValueType>Float</ValueType>
      </Observation>
      <Observation>
        <Type>Financial</Type>
        <Code>PSCoPayment</Code>
        <Value>0.00</Value>
        <ValueType>Float</ValueType>
      </Observation>
      <Observation>
        <Type>Financial</Type>
        <Code>PSOutOfPocket</Code>
        <Value>0.00</Value>
        <ValueType>Float</ValueType>
      </Observation>
      <Observation>
        <Type>Text</Type>
        <Code>Non-Standard-Code</Code>
        <Value>GSS00064</Value>
        <ValueType>Other</ValueType>
      </Observation>
    </Activity>
    <Activity>
      <ID>3</ID>
      <Start>17/09/2013 12:00</Start>
      <End>17/09/2013 12:00</End>
      <Code>20.01</Code>
      <Type>8</Type>
      <Quantity>4</Quantity>
      <Net>0</Net>
      <Clinician>DHA-P-0243847</Clinician>
      <PriorAuthorizationID>57360</PriorAuthorizationID>
      <Observation>
        <Type>Financial</Type>
        <Code>ActivityGross</Code>
        <Value>1200.00</Value>
        <ValueType>Float</ValueType>
      </Observation>
      <Observation>
        <Type>Financial</Type>
        <Code>PSDeductible</Code>
        <Value>0.00</Value>
        <ValueType>Float</ValueType>
      </Observation>
      <Observation>
        <Type>Financial</Type>
        <Code>PSCoPayment</Code>
        <Value>0.00</Value>
        <ValueType>Float</ValueType>
      </Observation>
      <Observation>
        <Type>Financial</Type>
        <Code>PSOutOfPocket</Code>
        <Value>0.00</Value>
        <ValueType>Float</ValueType>
      </Observation>
      <Observation>
        <Type>Text</Type>
        <Code>Non-Standard-Code</Code>
        <Value>OT0001</Value>
        <ValueType>Other</ValueType>
      </Observation>
    </Activity>
    <Activity>
      <ID>4</ID>
      <Start>17/09/2013 12:00</Start>
      <End>17/09/2013 12:00</End>
      <Code>E0485</Code>
      <Type>4</Type>
      <Quantity>1</Quantity>
      <Net>0</Net>
      <Clinician>DHA-P-0243847</Clinician>
      <PriorAuthorizationID>57360</PriorAuthorizationID>
      <Observation>
        <Type>Financial</Type>
        <Code>ActivityGross</Code>
        <Value>7.00</Value>
        <ValueType>Float</ValueType>
      </Observation>
      <Observation>
        <Type>Financial</Type>
        <Code>PSDeductible</Code>
        <Value>0.00</Value>
        <ValueType>Float</ValueType>
      </Observation>
      <Observation>
        <Type>Financial</Type>
        <Code>PSCoPayment</Code>
        <Value>0.00</Value>
        <ValueType>Float</ValueType>
      </Observation>
      <Observation>
        <Type>Financial</Type>
        <Code>PSOutOfPocket</Code>
        <Value>0.00</Value>
        <ValueType>Float</ValueType>
      </Observation>
      <Observation>
        <Type>Text</Type>
        <Code>Non-Standard-Code</Code>
        <Value>INV1300100020</Value>
        <ValueType>Other</ValueType>
      </Observation>
    </Activity>
    <Activity>
      <ID>5</ID>
      <Start>17/09/2013 12:00</Start>
      <End>17/09/2013 12:00</End>
      <Code>A4245</Code>
      <Type>4</Type>
      <Quantity>3</Quantity>
      <Net>0</Net>
      <Clinician>DHA-P-0243847</Clinician>
      <PriorAuthorizationID>57360</PriorAuthorizationID>
      <Observation>
        <Type>Financial</Type>
        <Code>ActivityGross</Code>
        <Value>0.15</Value>
        <ValueType>Float</ValueType>
      </Observation>
      <Observation>
        <Type>Financial</Type>
        <Code>PSDeductible</Code>
        <Value>0.00</Value>
        <ValueType>Float</ValueType>
      </Observation>
      <Observation>
        <Type>Financial</Type>
        <Code>PSCoPayment</Code>
        <Value>0.00</Value>
        <ValueType>Float</ValueType>
      </Observation>
      <Observation>
        <Type>Financial</Type>
        <Code>PSOutOfPocket</Code>
        <Value>0.00</Value>
        <ValueType>Float</ValueType>
      </Observation>
      <Observation>
        <Type>Text</Type>
        <Code>Non-Standard-Code</Code>
        <Value>INV1300100822</Value>
        <ValueType>Other</ValueType>
      </Observation>
    </Activity>
    <Activity>
      <ID>6</ID>
      <Start>17/09/2013 12:00</Start>
      <End>17/09/2013 12:00</End>
      <Code>A4550</Code>
      <Type>4</Type>
      <Quantity>2</Quantity>
      <Net>0</Net>
      <Clinician>DHA-P-0243847</Clinician>
      <PriorAuthorizationID>57360</PriorAuthorizationID>
      <Observation>
        <Type>Financial</Type>
        <Code>ActivityGross</Code>
        <Value>3.60</Value>
        <ValueType>Float</ValueType>
      </Observation>
      <Observation>
        <Type>Financial</Type>
        <Code>PSDeductible</Code>
        <Value>0.00</Value>
        <ValueType>Float</ValueType>
      </Observation>
      <Observation>
        <Type>Financial</Type>
        <Code>PSCoPayment</Code>
        <Value>0.00</Value>
        <ValueType>Float</ValueType>
      </Observation>
      <Observation>
        <Type>Financial</Type>
        <Code>PSOutOfPocket</Code>
        <Value>0.00</Value>
        <ValueType>Float</ValueType>
      </Observation>
      <Observation>
        <Type>Text</Type>
        <Code>Non-Standard-Code</Code>
        <Value>INV1300100041</Value>
        <ValueType>Other</ValueType>
      </Observation>
    </Activity>
    <Activity>
      <ID>7</ID>
      <Start>17/09/2013 12:00</Start>
      <End>17/09/2013 12:00</End>
      <Code>E0352</Code>
      <Type>4</Type>
      <Quantity>1</Quantity>
      <Net>0</Net>
      <Clinician>DHA-P-0243847</Clinician>
      <PriorAuthorizationID>57360</PriorAuthorizationID>
      <Observation>
        <Type>Financial</Type>
        <Code>ActivityGross</Code>
        <Value>0.41</Value>
        <ValueType>Float</ValueType>
      </Observation>
      <Observation>
        <Type>Financial</Type>
        <Code>PSDeductible</Code>
        <Value>0.00</Value>
        <ValueType>Float</ValueType>
      </Observation>
      <Observation>
        <Type>Financial</Type>
        <Code>PSCoPayment</Code>
        <Value>0.00</Value>
        <ValueType>Float</ValueType>
      </Observation>
      <Observation>
        <Type>Financial</Type>
        <Code>PSOutOfPocket</Code>
        <Value>0.00</Value>
        <ValueType>Float</ValueType>
      </Observation>
      <Observation>
        <Type>Text</Type>
        <Code>Non-Standard-Code</Code>
        <Value>INV1300100838</Value>
        <ValueType>Other</ValueType>
      </Observation>
    </Activity>
    <Activity>
      <ID>8</ID>
      <Start>17/09/2013 12:00</Start>
      <End>17/09/2013 12:00</End>
      <Code>A4215</Code>
      <Type>4</Type>
      <Quantity>1</Quantity>
      <Net>0</Net>
      <Clinician>DHA-P-0243847</Clinician>
      <PriorAuthorizationID>57360</PriorAuthorizationID>
      <Observation>
        <Type>Financial</Type>
        <Code>ActivityGross</Code>
        <Value>4.28</Value>
        <ValueType>Float</ValueType>
      </Observation>
      <Observation>
        <Type>Financial</Type>
        <Code>PSDeductible</Code>
        <Value>0.00</Value>
        <ValueType>Float</ValueType>
      </Observation>
      <Observation>
        <Type>Financial</Type>
        <Code>PSCoPayment</Code>
        <Value>0.00</Value>
        <ValueType>Float</ValueType>
      </Observation>
      <Observation>
        <Type>Financial</Type>
        <Code>PSOutOfPocket</Code>
        <Value>0.00</Value>
        <ValueType>Float</ValueType>
      </Observation>
      <Observation>
        <Type>Text</Type>
        <Code>Non-Standard-Code</Code>
        <Value>INV1300100049</Value>
        <ValueType>Other</ValueType>
      </Observation>
    </Activity>
    <Activity>
      <ID>9</ID>
      <Start>17/09/2013 12:00</Start>
      <End>17/09/2013 12:00</End>
      <Code>A4466</Code>
      <Type>4</Type>
      <Quantity>2</Quantity>
      <Net>0</Net>
      <Clinician>DHA-P-0243847</Clinician>
      <PriorAuthorizationID>57360</PriorAuthorizationID>
      <Observation>
        <Type>Financial</Type>
        <Code>ActivityGross</Code>
        <Value>6.00</Value>
        <ValueType>Float</ValueType>
      </Observation>
      <Observation>
        <Type>Financial</Type>
        <Code>PSDeductible</Code>
        <Value>0.00</Value>
        <ValueType>Float</ValueType>
      </Observation>
      <Observation>
        <Type>Financial</Type>
        <Code>PSCoPayment</Code>
        <Value>0.00</Value>
        <ValueType>Float</ValueType>
      </Observation>
      <Observation>
        <Type>Financial</Type>
        <Code>PSOutOfPocket</Code>
        <Value>0.00</Value>
        <ValueType>Float</ValueType>
      </Observation>
      <Observation>
        <Type>Text</Type>
        <Code>Non-Standard-Code</Code>
        <Value>INV1300100103</Value>
        <ValueType>Other</ValueType>
      </Observation>
    </Activity>
    <Activity>
      <ID>10</ID>
      <Start>17/09/2013 12:00</Start>
      <End>17/09/2013 12:00</End>
      <Code>A4649</Code>
      <Type>4</Type>
      <Quantity>1</Quantity>
      <Net>0</Net>
      <Clinician>DHA-P-0243847</Clinician>
      <PriorAuthorizationID>57360</PriorAuthorizationID>
      <Observation>
        <Type>Financial</Type>
        <Code>ActivityGross</Code>
        <Value>44.80</Value>
        <ValueType>Float</ValueType>
      </Observation>
      <Observation>
        <Type>Financial</Type>
        <Code>PSDeductible</Code>
        <Value>0.00</Value>
        <ValueType>Float</ValueType>
      </Observation>
      <Observation>
        <Type>Financial</Type>
        <Code>PSCoPayment</Code>
        <Value>0.00</Value>
        <ValueType>Float</ValueType>
      </Observation>
      <Observation>
        <Type>Financial</Type>
        <Code>PSOutOfPocket</Code>
        <Value>0.00</Value>
        <ValueType>Float</ValueType>
      </Observation>
      <Observation>
        <Type>Text</Type>
        <Code>Non-Standard-Code</Code>
        <Value>INV1300100120</Value>
        <ValueType>Other</ValueType>
      </Observation>
    </Activity>
    <Activity>
      <ID>11</ID>
      <Start>17/09/2013 12:00</Start>
      <End>17/09/2013 12:00</End>
      <Code>A4928</Code>
      <Type>4</Type>
      <Quantity>2</Quantity>
      <Net>0</Net>
      <Clinician>DHA-P-0243847</Clinician>
      <PriorAuthorizationID>57360</PriorAuthorizationID>
      <Observation>
        <Type>Financial</Type>
        <Code>ActivityGross</Code>
        <Value>0.60</Value>
        <ValueType>Float</ValueType>
      </Observation>
      <Observation>
        <Type>Financial</Type>
        <Code>PSDeductible</Code>
        <Value>0.00</Value>
        <ValueType>Float</ValueType>
      </Observation>
      <Observation>
        <Type>Financial</Type>
        <Code>PSCoPayment</Code>
        <Value>0.00</Value>
        <ValueType>Float</ValueType>
      </Observation>
      <Observation>
        <Type>Financial</Type>
        <Code>PSOutOfPocket</Code>
        <Value>0.00</Value>
        <ValueType>Float</ValueType>
      </Observation>
      <Observation>
        <Type>Text</Type>
        <Code>Non-Standard-Code</Code>
        <Value>INV1300100188</Value>
        <ValueType>Other</ValueType>
      </Observation>
    </Activity>
    <Activity>
      <ID>12</ID>
      <Start>17/09/2013 12:00</Start>
      <End>17/09/2013 12:00</End>
      <Code>A6216</Code>
      <Type>4</Type>
      <Quantity>4</Quantity>
      <Net>0</Net>
      <Clinician>DHA-P-0243847</Clinician>
      <PriorAuthorizationID>57360</PriorAuthorizationID>
      <Observation>
        <Type>Financial</Type>
        <Code>ActivityGross</Code>
        <Value>0.32</Value>
        <ValueType>Float</ValueType>
      </Observation>
      <Observation>
        <Type>Financial</Type>
        <Code>PSDeductible</Code>
        <Value>0.00</Value>
        <ValueType>Float</ValueType>
      </Observation>
      <Observation>
        <Type>Financial</Type>
        <Code>PSCoPayment</Code>
        <Value>0.00</Value>
        <ValueType>Float</ValueType>
      </Observation>
      <Observation>
        <Type>Financial</Type>
        <Code>PSOutOfPocket</Code>
        <Value>0.00</Value>
        <ValueType>Float</ValueType>
      </Observation>
      <Observation>
        <Type>Text</Type>
        <Code>Non-Standard-Code</Code>
        <Value>INV1300100203</Value>
        <ValueType>Other</ValueType>
      </Observation>
    </Activity>
    <Activity>
      <ID>13</ID>
      <Start>17/09/2013 12:00</Start>
      <End>17/09/2013 12:00</End>
      <Code>A6216</Code>
      <Type>4</Type>
      <Quantity>20</Quantity>
      <Net>0</Net>
      <Clinician>DHA-P-0243847</Clinician>
      <PriorAuthorizationID>57360</PriorAuthorizationID>
      <Observation>
        <Type>Financial</Type>
        <Code>ActivityGross</Code>
        <Value>5.00</Value>
        <ValueType>Float</ValueType>
      </Observation>
      <Observation>
        <Type>Financial</Type>
        <Code>PSDeductible</Code>
        <Value>0.00</Value>
        <ValueType>Float</ValueType>
      </Observation>
      <Observation>
        <Type>Financial</Type>
        <Code>PSCoPayment</Code>
        <Value>0.00</Value>
        <ValueType>Float</ValueType>
      </Observation>
      <Observation>
        <Type>Financial</Type>
        <Code>PSOutOfPocket</Code>
        <Value>0.00</Value>
        <ValueType>Float</ValueType>
      </Observation>
      <Observation>
        <Type>Text</Type>
        <Code>Non-Standard-Code</Code>
        <Value>INV1300100204</Value>
        <ValueType>Other</ValueType>
      </Observation>
    </Activity>
    <Activity>
      <ID>14</ID>
      <Start>17/09/2013 12:00</Start>
      <End>17/09/2013 12:00</End>
      <Code>A7039</Code>
      <Type>4</Type>
      <Quantity>1</Quantity>
      <Net>0</Net>
      <Clinician>DHA-P-0243847</Clinician>
      <PriorAuthorizationID>57360</PriorAuthorizationID>
      <Observation>
        <Type>Financial</Type>
        <Code>ActivityGross</Code>
        <Value>15.00</Value>
        <ValueType>Float</ValueType>
      </Observation>
      <Observation>
        <Type>Financial</Type>
        <Code>PSDeductible</Code>
        <Value>0.00</Value>
        <ValueType>Float</ValueType>
      </Observation>
      <Observation>
        <Type>Financial</Type>
        <Code>PSCoPayment</Code>
        <Value>0.00</Value>
        <ValueType>Float</ValueType>
      </Observation>
      <Observation>
        <Type>Financial</Type>
        <Code>PSOutOfPocket</Code>
        <Value>0.00</Value>
        <ValueType>Float</ValueType>
      </Observation>
      <Observation>
        <Type>Text</Type>
        <Code>Non-Standard-Code</Code>
        <Value>INV1300100215</Value>
        <ValueType>Other</ValueType>
      </Observation>
    </Activity>
    <Activity>
      <ID>15</ID>
      <Start>17/09/2013 12:00</Start>
      <End>17/09/2013 12:00</End>
      <Code>T5999</Code>
      <Type>4</Type>
      <Quantity>1</Quantity>
      <Net>0</Net>
      <Clinician>DHA-P-0243847</Clinician>
      <PriorAuthorizationID>57360</PriorAuthorizationID>
      <Observation>
        <Type>Financial</Type>
        <Code>ActivityGross</Code>
        <Value>0.88</Value>
        <ValueType>Float</ValueType>
      </Observation>
      <Observation>
        <Type>Financial</Type>
        <Code>PSDeductible</Code>
        <Value>0.00</Value>
        <ValueType>Float</ValueType>
      </Observation>
      <Observation>
        <Type>Financial</Type>
        <Code>PSCoPayment</Code>
        <Value>0.00</Value>
        <ValueType>Float</ValueType>
      </Observation>
      <Observation>
        <Type>Financial</Type>
        <Code>PSOutOfPocket</Code>
        <Value>0.00</Value>
        <ValueType>Float</ValueType>
      </Observation>
      <Observation>
        <Type>Text</Type>
        <Code>Non-Standard-Code</Code>
        <Value>INV1300100221</Value>
        <ValueType>Other</ValueType>
      </Observation>
    </Activity>
    <Activity>
      <ID>16</ID>
      <Start>17/09/2013 12:00</Start>
      <End>17/09/2013 12:00</End>
      <Code>S1016</Code>
      <Type>4</Type>
      <Quantity>1</Quantity>
      <Net>0</Net>
      <Clinician>DHA-P-0243847</Clinician>
      <PriorAuthorizationID>57360</PriorAuthorizationID>
      <Observation>
        <Type>Financial</Type>
        <Code>ActivityGross</Code>
        <Value>6.01</Value>
        <ValueType>Float</ValueType>
      </Observation>
      <Observation>
        <Type>Financial</Type>
        <Code>PSDeductible</Code>
        <Value>0.00</Value>
        <ValueType>Float</ValueType>
      </Observation>
      <Observation>
        <Type>Financial</Type>
        <Code>PSCoPayment</Code>
        <Value>0.00</Value>
        <ValueType>Float</ValueType>
      </Observation>
      <Observation>
        <Type>Financial</Type>
        <Code>PSOutOfPocket</Code>
        <Value>0.00</Value>
        <ValueType>Float</ValueType>
      </Observation>
      <Observation>
        <Type>Text</Type>
        <Code>Non-Standard-Code</Code>
        <Value>INV1300100228</Value>
        <ValueType>Other</ValueType>
      </Observation>
    </Activity>
    <Activity>
      <ID>17</ID>
      <Start>17/09/2013 12:00</Start>
      <End>17/09/2013 12:00</End>
      <Code>A6404</Code>
      <Type>4</Type>
      <Quantity>3</Quantity>
      <Net>0</Net>
      <Clinician>DHA-P-0243847</Clinician>
      <PriorAuthorizationID>57360</PriorAuthorizationID>
      <Observation>
        <Type>Financial</Type>
        <Code>ActivityGross</Code>
        <Value>14.04</Value>
        <ValueType>Float</ValueType>
      </Observation>
      <Observation>
        <Type>Financial</Type>
        <Code>PSDeductible</Code>
        <Value>0.00</Value>
        <ValueType>Float</ValueType>
      </Observation>
      <Observation>
        <Type>Financial</Type>
        <Code>PSCoPayment</Code>
        <Value>0.00</Value>
        <ValueType>Float</ValueType>
      </Observation>
      <Observation>
        <Type>Financial</Type>
        <Code>PSOutOfPocket</Code>
        <Value>0.00</Value>
        <ValueType>Float</ValueType>
      </Observation>
      <Observation>
        <Type>Text</Type>
        <Code>Non-Standard-Code</Code>
        <Value>INV1300100760</Value>
        <ValueType>Other</ValueType>
      </Observation>
    </Activity>
    <Activity>
      <ID>18</ID>
      <Start>17/09/2013 12:00</Start>
      <End>17/09/2013 12:00</End>
      <Code>A4620</Code>
      <Type>4</Type>
      <Quantity>1</Quantity>
      <Net>0</Net>
      <Clinician>DHA-P-0243847</Clinician>
      <PriorAuthorizationID>57360</PriorAuthorizationID>
      <Observation>
        <Type>Financial</Type>
        <Code>ActivityGross</Code>
        <Value>48.30</Value>
        <ValueType>Float</ValueType>
      </Observation>
      <Observation>
        <Type>Financial</Type>
        <Code>PSDeductible</Code>
        <Value>0.00</Value>
        <ValueType>Float</ValueType>
      </Observation>
      <Observation>
        <Type>Financial</Type>
        <Code>PSCoPayment</Code>
        <Value>0.00</Value>
        <ValueType>Float</ValueType>
      </Observation>
      <Observation>
        <Type>Financial</Type>
        <Code>PSOutOfPocket</Code>
        <Value>0.00</Value>
        <ValueType>Float</ValueType>
      </Observation>
      <Observation>
        <Type>Text</Type>
        <Code>Non-Standard-Code</Code>
        <Value>INV1300100266</Value>
        <ValueType>Other</ValueType>
      </Observation>
    </Activity>
    <Activity>
      <ID>19</ID>
      <Start>17/09/2013 12:00</Start>
      <End>17/09/2013 12:00</End>
      <Code>A4930</Code>
      <Type>4</Type>
      <Quantity>6</Quantity>
      <Net>0</Net>
      <Clinician>DHA-P-0243847</Clinician>
      <PriorAuthorizationID>57360</PriorAuthorizationID>
      <Observation>
        <Type>Financial</Type>
        <Code>ActivityGross</Code>
        <Value>1.92</Value>
        <ValueType>Float</ValueType>
      </Observation>
      <Observation>
        <Type>Financial</Type>
        <Code>PSDeductible</Code>
        <Value>0.00</Value>
        <ValueType>Float</ValueType>
      </Observation>
      <Observation>
        <Type>Financial</Type>
        <Code>PSCoPayment</Code>
        <Value>0.00</Value>
        <ValueType>Float</ValueType>
      </Observation>
      <Observation>
        <Type>Financial</Type>
        <Code>PSOutOfPocket</Code>
        <Value>0.00</Value>
        <ValueType>Float</ValueType>
      </Observation>
      <Observation>
        <Type>Text</Type>
        <Code>Non-Standard-Code</Code>
        <Value>INV1300100784</Value>
        <ValueType>Other</ValueType>
      </Observation>
    </Activity>
    <Activity>
      <ID>20</ID>
      <Start>17/09/2013 12:00</Start>
      <End>17/09/2013 12:00</End>
      <Code>A4930</Code>
      <Type>4</Type>
      <Quantity>12</Quantity>
      <Net>0</Net>
      <Clinician>DHA-P-0243847</Clinician>
      <PriorAuthorizationID>57360</PriorAuthorizationID>
      <Observation>
        <Type>Financial</Type>
        <Code>ActivityGross</Code>
        <Value>4.56</Value>
        <ValueType>Float</ValueType>
      </Observation>
      <Observation>
        <Type>Financial</Type>
        <Code>PSDeductible</Code>
        <Value>0.00</Value>
        <ValueType>Float</ValueType>
      </Observation>
      <Observation>
        <Type>Financial</Type>
        <Code>PSCoPayment</Code>
        <Value>0.00</Value>
        <ValueType>Float</ValueType>
      </Observation>
      <Observation>
        <Type>Financial</Type>
        <Code>PSOutOfPocket</Code>
        <Value>0.00</Value>
        <ValueType>Float</ValueType>
      </Observation>
      <Observation>
        <Type>Text</Type>
        <Code>Non-Standard-Code</Code>
        <Value>INV1300100313</Value>
        <ValueType>Other</ValueType>
      </Observation>
    </Activity>
    <Activity>
      <ID>21</ID>
      <Start>17/09/2013 12:00</Start>
      <End>17/09/2013 12:00</End>
      <Code>A4466</Code>
      <Type>4</Type>
      <Quantity>1</Quantity>
      <Net>0</Net>
      <Clinician>DHA-P-0243847</Clinician>
      <PriorAuthorizationID>57360</PriorAuthorizationID>
      <Observation>
        <Type>Financial</Type>
        <Code>ActivityGross</Code>
        <Value>0.32</Value>
        <ValueType>Float</ValueType>
      </Observation>
      <Observation>
        <Type>Financial</Type>
        <Code>PSDeductible</Code>
        <Value>0.00</Value>
        <ValueType>Float</ValueType>
      </Observation>
      <Observation>
        <Type>Financial</Type>
        <Code>PSCoPayment</Code>
        <Value>0.00</Value>
        <ValueType>Float</ValueType>
      </Observation>
      <Observation>
        <Type>Financial</Type>
        <Code>PSOutOfPocket</Code>
        <Value>0.00</Value>
        <ValueType>Float</ValueType>
      </Observation>
      <Observation>
        <Type>Text</Type>
        <Code>Non-Standard-Code</Code>
        <Value>INV1300100317</Value>
        <ValueType>Other</ValueType>
      </Observation>
    </Activity>
    <Activity>
      <ID>22</ID>
      <Start>17/09/2013 12:00</Start>
      <End>17/09/2013 12:00</End>
      <Code>A6204</Code>
      <Type>4</Type>
      <Quantity>1</Quantity>
      <Net>0</Net>
      <Clinician>DHA-P-0243847</Clinician>
      <PriorAuthorizationID>57360</PriorAuthorizationID>
      <Observation>
        <Type>Financial</Type>
        <Code>ActivityGross</Code>
        <Value>4.14</Value>
        <ValueType>Float</ValueType>
      </Observation>
      <Observation>
        <Type>Financial</Type>
        <Code>PSDeductible</Code>
        <Value>0.00</Value>
        <ValueType>Float</ValueType>
      </Observation>
      <Observation>
        <Type>Financial</Type>
        <Code>PSCoPayment</Code>
        <Value>0.00</Value>
        <ValueType>Float</ValueType>
      </Observation>
      <Observation>
        <Type>Financial</Type>
        <Code>PSOutOfPocket</Code>
        <Value>0.00</Value>
        <ValueType>Float</ValueType>
      </Observation>
      <Observation>
        <Type>Text</Type>
        <Code>Non-Standard-Code</Code>
        <Value>INV1300100330</Value>
        <ValueType>Other</ValueType>
      </Observation>
    </Activity>
    <Activity>
      <ID>23</ID>
      <Start>17/09/2013 12:00</Start>
      <End>17/09/2013 12:00</End>
      <Code>A4649</Code>
      <Type>4</Type>
      <Quantity>1</Quantity>
      <Net>0</Net>
      <Clinician>DHA-P-0243847</Clinician>
      <PriorAuthorizationID>57360</PriorAuthorizationID>
      <Observation>
        <Type>Financial</Type>
        <Code>ActivityGross</Code>
        <Value>43.75</Value>
        <ValueType>Float</ValueType>
      </Observation>
      <Observation>
        <Type>Financial</Type>
        <Code>PSDeductible</Code>
        <Value>0.00</Value>
        <ValueType>Float</ValueType>
      </Observation>
      <Observation>
        <Type>Financial</Type>
        <Code>PSCoPayment</Code>
        <Value>0.00</Value>
        <ValueType>Float</ValueType>
      </Observation>
      <Observation>
        <Type>Financial</Type>
        <Code>PSOutOfPocket</Code>
        <Value>0.00</Value>
        <ValueType>Float</ValueType>
      </Observation>
      <Observation>
        <Type>Text</Type>
        <Code>Non-Standard-Code</Code>
        <Value>INV2300100055</Value>
        <ValueType>Other</ValueType>
      </Observation>
    </Activity>
    <Activity>
      <ID>24</ID>
      <Start>17/09/2013 12:00</Start>
      <End>17/09/2013 12:00</End>
      <Code>A4466</Code>
      <Type>4</Type>
      <Quantity>1</Quantity>
      <Net>0</Net>
      <Clinician>DHA-P-0243847</Clinician>
      <PriorAuthorizationID>57360</PriorAuthorizationID>
      <Observation>
        <Type>Financial</Type>
        <Code>ActivityGross</Code>
        <Value>24.42</Value>
        <ValueType>Float</ValueType>
      </Observation>
      <Observation>
        <Type>Financial</Type>
        <Code>PSDeductible</Code>
        <Value>0.00</Value>
        <ValueType>Float</ValueType>
      </Observation>
      <Observation>
        <Type>Financial</Type>
        <Code>PSCoPayment</Code>
        <Value>0.00</Value>
        <ValueType>Float</ValueType>
      </Observation>
      <Observation>
        <Type>Financial</Type>
        <Code>PSOutOfPocket</Code>
        <Value>0.00</Value>
        <ValueType>Float</ValueType>
      </Observation>
      <Observation>
        <Type>Text</Type>
        <Code>Non-Standard-Code</Code>
        <Value>INV1300100883</Value>
        <ValueType>Other</ValueType>
      </Observation>
    </Activity>
    <Activity>
      <ID>25</ID>
      <Start>17/09/2013 12:00</Start>
      <End>17/09/2013 12:00</End>
      <Code>A4466</Code>
      <Type>4</Type>
      <Quantity>1</Quantity>
      <Net>0</Net>
      <Clinician>DHA-P-0243847</Clinician>
      <PriorAuthorizationID>57360</PriorAuthorizationID>
      <Observation>
        <Type>Financial</Type>
        <Code>ActivityGross</Code>
        <Value>24.45</Value>
        <ValueType>Float</ValueType>
      </Observation>
      <Observation>
        <Type>Financial</Type>
        <Code>PSDeductible</Code>
        <Value>0.00</Value>
        <ValueType>Float</ValueType>
      </Observation>
      <Observation>
        <Type>Financial</Type>
        <Code>PSCoPayment</Code>
        <Value>0.00</Value>
        <ValueType>Float</ValueType>
      </Observation>
      <Observation>
        <Type>Financial</Type>
        <Code>PSOutOfPocket</Code>
        <Value>0.00</Value>
        <ValueType>Float</ValueType>
      </Observation>
      <Observation>
        <Type>Text</Type>
        <Code>Non-Standard-Code</Code>
        <Value>INV1300100884</Value>
        <ValueType>Other</ValueType>
      </Observation>
    </Activity>
    <Activity>
      <ID>26</ID>
      <Start>17/09/2013 12:00</Start>
      <End>17/09/2013 12:00</End>
      <Code>G0168</Code>
      <Type>4</Type>
      <Quantity>1</Quantity>
      <Net>0</Net>
      <Clinician>DHA-P-0243847</Clinician>
      <PriorAuthorizationID>57360</PriorAuthorizationID>
      <Observation>
        <Type>Financial</Type>
        <Code>ActivityGross</Code>
        <Value>8.04</Value>
        <ValueType>Float</ValueType>
      </Observation>
      <Observation>
        <Type>Financial</Type>
        <Code>PSDeductible</Code>
        <Value>0.00</Value>
        <ValueType>Float</ValueType>
      </Observation>
      <Observation>
        <Type>Financial</Type>
        <Code>PSCoPayment</Code>
        <Value>0.00</Value>
        <ValueType>Float</ValueType>
      </Observation>
      <Observation>
        <Type>Financial</Type>
        <Code>PSOutOfPocket</Code>
        <Value>0.00</Value>
        <ValueType>Float</ValueType>
      </Observation>
      <Observation>
        <Type>Text</Type>
        <Code>Non-Standard-Code</Code>
        <Value>INV1300100421</Value>
        <ValueType>Other</ValueType>
      </Observation>
    </Activity>
    <Activity>
      <ID>27</ID>
      <Start>17/09/2013 12:00</Start>
      <End>17/09/2013 12:00</End>
      <Code>A4649</Code>
      <Type>4</Type>
      <Quantity>1</Quantity>
      <Net>0</Net>
      <Clinician>DHA-P-0243847</Clinician>
      <PriorAuthorizationID>57360</PriorAuthorizationID>
      <Observation>
        <Type>Financial</Type>
        <Code>ActivityGross</Code>
        <Value>0.66</Value>
        <ValueType>Float</ValueType>
      </Observation>
      <Observation>
        <Type>Financial</Type>
        <Code>PSDeductible</Code>
        <Value>0.00</Value>
        <ValueType>Float</ValueType>
      </Observation>
      <Observation>
        <Type>Financial</Type>
        <Code>PSCoPayment</Code>
        <Value>0.00</Value>
        <ValueType>Float</ValueType>
      </Observation>
      <Observation>
        <Type>Financial</Type>
        <Code>PSOutOfPocket</Code>
        <Value>0.00</Value>
        <ValueType>Float</ValueType>
      </Observation>
      <Observation>
        <Type>Text</Type>
        <Code>Non-Standard-Code</Code>
        <Value>INV1300100466</Value>
        <ValueType>Other</ValueType>
      </Observation>
    </Activity>
    <Activity>
      <ID>28</ID>
      <Start>17/09/2013 12:00</Start>
      <End>17/09/2013 12:00</End>
      <Code>A4930</Code>
      <Type>4</Type>
      <Quantity>1</Quantity>
      <Net>0</Net>
      <Clinician>DHA-P-0243847</Clinician>
      <PriorAuthorizationID>57360</PriorAuthorizationID>
      <Observation>
        <Type>Financial</Type>
        <Code>ActivityGross</Code>
        <Value>6.00</Value>
        <ValueType>Float</ValueType>
      </Observation>
      <Observation>
        <Type>Financial</Type>
        <Code>PSDeductible</Code>
        <Value>0.00</Value>
        <ValueType>Float</ValueType>
      </Observation>
      <Observation>
        <Type>Financial</Type>
        <Code>PSCoPayment</Code>
        <Value>0.00</Value>
        <ValueType>Float</ValueType>
      </Observation>
      <Observation>
        <Type>Financial</Type>
        <Code>PSOutOfPocket</Code>
        <Value>0.00</Value>
        <ValueType>Float</ValueType>
      </Observation>
      <Observation>
        <Type>Text</Type>
        <Code>Non-Standard-Code</Code>
        <Value>INV1300100469</Value>
        <ValueType>Other</ValueType>
      </Observation>
    </Activity>
    <Activity>
      <ID>29</ID>
      <Start>17/09/2013 12:00</Start>
      <End>17/09/2013 12:00</End>
      <Code>A4930</Code>
      <Type>4</Type>
      <Quantity>1</Quantity>
      <Net>0</Net>
      <Clinician>DHA-P-0243847</Clinician>
      <PriorAuthorizationID>57360</PriorAuthorizationID>
      <Observation>
        <Type>Financial</Type>
        <Code>ActivityGross</Code>
        <Value>4.60</Value>
        <ValueType>Float</ValueType>
      </Observation>
      <Observation>
        <Type>Financial</Type>
        <Code>PSDeductible</Code>
        <Value>0.00</Value>
        <ValueType>Float</ValueType>
      </Observation>
      <Observation>
        <Type>Financial</Type>
        <Code>PSCoPayment</Code>
        <Value>0.00</Value>
        <ValueType>Float</ValueType>
      </Observation>
      <Observation>
        <Type>Financial</Type>
        <Code>PSOutOfPocket</Code>
        <Value>0.00</Value>
        <ValueType>Float</ValueType>
      </Observation>
      <Observation>
        <Type>Text</Type>
        <Code>Non-Standard-Code</Code>
        <Value>INV1300100470</Value>
        <ValueType>Other</ValueType>
      </Observation>
    </Activity>
    <Activity>
      <ID>30</ID>
      <Start>17/09/2013 12:00</Start>
      <End>17/09/2013 12:00</End>
      <Code>A4208</Code>
      <Type>4</Type>
      <Quantity>3</Quantity>
      <Net>0</Net>
      <Clinician>DHA-P-0243847</Clinician>
      <PriorAuthorizationID>57360</PriorAuthorizationID>
      <Observation>
        <Type>Financial</Type>
        <Code>ActivityGross</Code>
        <Value>1.56</Value>
        <ValueType>Float</ValueType>
      </Observation>
      <Observation>
        <Type>Financial</Type>
        <Code>PSDeductible</Code>
        <Value>0.00</Value>
        <ValueType>Float</ValueType>
      </Observation>
      <Observation>
        <Type>Financial</Type>
        <Code>PSCoPayment</Code>
        <Value>0.00</Value>
        <ValueType>Float</ValueType>
      </Observation>
      <Observation>
        <Type>Financial</Type>
        <Code>PSOutOfPocket</Code>
        <Value>0.00</Value>
        <ValueType>Float</ValueType>
      </Observation>
      <Observation>
        <Type>Text</Type>
        <Code>Non-Standard-Code</Code>
        <Value>INV1300100484</Value>
        <ValueType>Other</ValueType>
      </Observation>
    </Activity>
    <Activity>
      <ID>31</ID>
      <Start>17/09/2013 12:00</Start>
      <End>17/09/2013 12:00</End>
      <Code>A4213</Code>
      <Type>4</Type>
      <Quantity>2</Quantity>
      <Net>0</Net>
      <Clinician>DHA-P-0243847</Clinician>
      <PriorAuthorizationID>57360</PriorAuthorizationID>
      <Observation>
        <Type>Financial</Type>
        <Code>ActivityGross</Code>
        <Value>2.88</Value>
        <ValueType>Float</ValueType>
      </Observation>
      <Observation>
        <Type>Financial</Type>
        <Code>PSDeductible</Code>
        <Value>0.00</Value>
        <ValueType>Float</ValueType>
      </Observation>
      <Observation>
        <Type>Financial</Type>
        <Code>PSCoPayment</Code>
        <Value>0.00</Value>
        <ValueType>Float</ValueType>
      </Observation>
      <Observation>
        <Type>Financial</Type>
        <Code>PSOutOfPocket</Code>
        <Value>0.00</Value>
        <ValueType>Float</ValueType>
      </Observation>
      <Observation>
        <Type>Text</Type>
        <Code>Non-Standard-Code</Code>
        <Value>INV1300100485</Value>
        <ValueType>Other</ValueType>
      </Observation>
    </Activity>
    <Activity>
      <ID>32</ID>
      <Start>17/09/2013 12:00</Start>
      <End>17/09/2013 12:00</End>
      <Code>A4209</Code>
      <Type>4</Type>
      <Quantity>3</Quantity>
      <Net>0</Net>
      <Clinician>DHA-P-0243847</Clinician>
      <PriorAuthorizationID>57360</PriorAuthorizationID>
      <Observation>
        <Type>Financial</Type>
        <Code>ActivityGross</Code>
        <Value>1.14</Value>
        <ValueType>Float</ValueType>
      </Observation>
      <Observation>
        <Type>Financial</Type>
        <Code>PSDeductible</Code>
        <Value>0.00</Value>
        <ValueType>Float</ValueType>
      </Observation>
      <Observation>
        <Type>Financial</Type>
        <Code>PSCoPayment</Code>
        <Value>0.00</Value>
        <ValueType>Float</ValueType>
      </Observation>
      <Observation>
        <Type>Financial</Type>
        <Code>PSOutOfPocket</Code>
        <Value>0.00</Value>
        <ValueType>Float</ValueType>
      </Observation>
      <Observation>
        <Type>Text</Type>
        <Code>Non-Standard-Code</Code>
        <Value>INV1300101100</Value>
        <ValueType>Other</ValueType>
      </Observation>
    </Activity>
    <Activity>
      <ID>33</ID>
      <Start>17/09/2013 12:00</Start>
      <End>17/09/2013 12:00</End>
      <Code>A4209</Code>
      <Type>4</Type>
      <Quantity>2</Quantity>
      <Net>0</Net>
      <Clinician>DHA-P-0243847</Clinician>
      <PriorAuthorizationID>57360</PriorAuthorizationID>
      <Observation>
        <Type>Financial</Type>
        <Code>ActivityGross</Code>
        <Value>1.70</Value>
        <ValueType>Float</ValueType>
      </Observation>
      <Observation>
        <Type>Financial</Type>
        <Code>PSDeductible</Code>
        <Value>0.00</Value>
        <ValueType>Float</ValueType>
      </Observation>
      <Observation>
        <Type>Financial</Type>
        <Code>PSCoPayment</Code>
        <Value>0.00</Value>
        <ValueType>Float</ValueType>
      </Observation>
      <Observation>
        <Type>Financial</Type>
        <Code>PSOutOfPocket</Code>
        <Value>0.00</Value>
        <ValueType>Float</ValueType>
      </Observation>
      <Observation>
        <Type>Text</Type>
        <Code>Non-Standard-Code</Code>
        <Value>INV1300100490</Value>
        <ValueType>Other</ValueType>
      </Observation>
    </Activity>
    <Activity>
      <ID>34</ID>
      <Start>17/09/2013 12:00</Start>
      <End>17/09/2013 12:00</End>
      <Code>A6258</Code>
      <Type>4</Type>
      <Quantity>1</Quantity>
      <Net>0</Net>
      <Clinician>DHA-P-0243847</Clinician>
      <PriorAuthorizationID>57360</PriorAuthorizationID>
      <Observation>
        <Type>Financial</Type>
        <Code>ActivityGross</Code>
        <Value>2.68</Value>
        <ValueType>Float</ValueType>
      </Observation>
      <Observation>
        <Type>Financial</Type>
        <Code>PSDeductible</Code>
        <Value>0.00</Value>
        <ValueType>Float</ValueType>
      </Observation>
      <Observation>
        <Type>Financial</Type>
        <Code>PSCoPayment</Code>
        <Value>0.00</Value>
        <ValueType>Float</ValueType>
      </Observation>
      <Observation>
        <Type>Financial</Type>
        <Code>PSOutOfPocket</Code>
        <Value>0.00</Value>
        <ValueType>Float</ValueType>
      </Observation>
      <Observation>
        <Type>Text</Type>
        <Code>Non-Standard-Code</Code>
        <Value>INV1300100492</Value>
        <ValueType>Other</ValueType>
      </Observation>
    </Activity>
    <Activity>
      <ID>35</ID>
      <Start>17/09/2013 12:00</Start>
      <End>17/09/2013 12:00</End>
      <Code>A4554</Code>
      <Type>4</Type>
      <Quantity>3</Quantity>
      <Net>0</Net>
      <Clinician>DHA-P-0243847</Clinician>
      <PriorAuthorizationID>57360</PriorAuthorizationID>
      <Observation>
        <Type>Financial</Type>
        <Code>ActivityGross</Code>
        <Value>7.20</Value>
        <ValueType>Float</ValueType>
      </Observation>
      <Observation>
        <Type>Financial</Type>
        <Code>PSDeductible</Code>
        <Value>0.00</Value>
        <ValueType>Float</ValueType>
      </Observation>
      <Observation>
        <Type>Financial</Type>
        <Code>PSCoPayment</Code>
        <Value>0.00</Value>
        <ValueType>Float</ValueType>
      </Observation>
      <Observation>
        <Type>Financial</Type>
        <Code>PSOutOfPocket</Code>
        <Value>0.00</Value>
        <ValueType>Float</ValueType>
      </Observation>
      <Observation>
        <Type>Text</Type>
        <Code>Non-Standard-Code</Code>
        <Value>INV1300100815</Value>
        <ValueType>Other</ValueType>
      </Observation>
    </Activity>
    <Activity>
      <ID>36</ID>
      <Start>17/09/2013 12:00</Start>
      <End>17/09/2013 12:00</End>
      <Code>A5112</Code>
      <Type>4</Type>
      <Quantity>1</Quantity>
      <Net>0</Net>
      <Clinician>DHA-P-0243847</Clinician>
      <PriorAuthorizationID>57360</PriorAuthorizationID>
      <Observation>
        <Type>Financial</Type>
        <Code>ActivityGross</Code>
        <Value>0.84</Value>
        <ValueType>Float</ValueType>
      </Observation>
      <Observation>
        <Type>Financial</Type>
        <Code>PSDeductible</Code>
        <Value>0.00</Value>
        <ValueType>Float</ValueType>
      </Observation>
      <Observation>
        <Type>Financial</Type>
        <Code>PSCoPayment</Code>
        <Value>0.00</Value>
        <ValueType>Float</ValueType>
      </Observation>
      <Observation>
        <Type>Financial</Type>
        <Code>PSOutOfPocket</Code>
        <Value>0.00</Value>
        <ValueType>Float</ValueType>
      </Observation>
      <Observation>
        <Type>Text</Type>
        <Code>Non-Standard-Code</Code>
        <Value>INV0900100192</Value>
        <ValueType>Other</ValueType>
      </Observation>
    </Activity>
    <Activity>
      <ID>37</ID>
      <Start>17/09/2013 12:00</Start>
      <End>17/09/2013 12:00</End>
      <Code>C1751</Code>
      <Type>4</Type>
      <Quantity>1</Quantity>
      <Net>0</Net>
      <Clinician>DHA-P-0243847</Clinician>
      <PriorAuthorizationID>57360</PriorAuthorizationID>
      <Observation>
        <Type>Financial</Type>
        <Code>ActivityGross</Code>
        <Value>7.68</Value>
        <ValueType>Float</ValueType>
      </Observation>
      <Observation>
        <Type>Financial</Type>
        <Code>PSDeductible</Code>
        <Value>0.00</Value>
        <ValueType>Float</ValueType>
      </Observation>
      <Observation>
        <Type>Financial</Type>
        <Code>PSCoPayment</Code>
        <Value>0.00</Value>
        <ValueType>Float</ValueType>
      </Observation>
      <Observation>
        <Type>Financial</Type>
        <Code>PSOutOfPocket</Code>
        <Value>0.00</Value>
        <ValueType>Float</ValueType>
      </Observation>
      <Observation>
        <Type>Text</Type>
        <Code>Non-Standard-Code</Code>
        <Value>INV1300100538</Value>
        <ValueType>Other</ValueType>
      </Observation>
    </Activity>
    <Activity>
      <ID>38</ID>
      <Start>17/09/2013 12:00</Start>
      <End>17/09/2013 12:00</End>
      <Code>T5999</Code>
      <Type>4</Type>
      <Quantity>1</Quantity>
      <Net>0</Net>
      <Clinician>DHA-P-0243847</Clinician>
      <PriorAuthorizationID>57360</PriorAuthorizationID>
      <Observation>
        <Type>Financial</Type>
        <Code>ActivityGross</Code>
        <Value>2.10</Value>
        <ValueType>Float</ValueType>
      </Observation>
      <Observation>
        <Type>Financial</Type>
        <Code>PSDeductible</Code>
        <Value>0.00</Value>
        <ValueType>Float</ValueType>
      </Observation>
      <Observation>
        <Type>Financial</Type>
        <Code>PSCoPayment</Code>
        <Value>0.00</Value>
        <ValueType>Float</ValueType>
      </Observation>
      <Observation>
        <Type>Financial</Type>
        <Code>PSOutOfPocket</Code>
        <Value>0.00</Value>
        <ValueType>Float</ValueType>
      </Observation>
      <Observation>
        <Type>Text</Type>
        <Code>Non-Standard-Code</Code>
        <Value>INV0700100045</Value>
        <ValueType>Other</ValueType>
      </Observation>
    </Activity>
    <Activity>
      <ID>39</ID>
      <Start>17/09/2013 12:00</Start>
      <End>17/09/2013 12:00</End>
      <Code>88307</Code>
      <Type>3</Type>
      <Quantity>1</Quantity>
      <Net>0</Net>
      <Clinician>DHA-P-0243847</Clinician>
      <PriorAuthorizationID>57360</PriorAuthorizationID>
      <Observation>
        <Type>Financial</Type>
        <Code>ActivityGross</Code>
        <Value>336.00</Value>
        <ValueType>Float</ValueType>
      </Observation>
      <Observation>
        <Type>Financial</Type>
        <Code>PSDeductible</Code>
        <Value>0.00</Value>
        <ValueType>Float</ValueType>
      </Observation>
      <Observation>
        <Type>Financial</Type>
        <Code>PSCoPayment</Code>
        <Value>0.00</Value>
        <ValueType>Float</ValueType>
      </Observation>
      <Observation>
        <Type>Financial</Type>
        <Code>PSOutOfPocket</Code>
        <Value>0.00</Value>
        <ValueType>Float</ValueType>
      </Observation>
      <Observation>
        <Type>Text</Type>
        <Code>Non-Standard-Code</Code>
        <Value>110H049</Value>
        <ValueType>Other</ValueType>
      </Observation>
    </Activity>
    <Activity>
      <ID>40</ID>
      <Start>17/09/2013 12:00</Start>
      <End>17/09/2013 12:00</End>
      <Code>0035-168603-1021</Code>
      <Type>5</Type>
      <Quantity>1</Quantity>
      <Net>47</Net>
      <Clinician>DHA-P-0243847</Clinician>
      <PriorAuthorizationID>57360</PriorAuthorizationID>
      <Observation>
        <Type>Financial</Type>
        <Code>ActivityGross</Code>
        <Value>11.00</Value>
        <ValueType>Float</ValueType>
      </Observation>
      <Observation>
        <Type>Financial</Type>
        <Code>PSDeductible</Code>
        <Value>0.00</Value>
        <ValueType>Float</ValueType>
      </Observation>
      <Observation>
        <Type>Financial</Type>
        <Code>PSCoPayment</Code>
        <Value>0.00</Value>
        <ValueType>Float</ValueType>
      </Observation>
      <Observation>
        <Type>Financial</Type>
        <Code>PSOutOfPocket</Code>
        <Value>0.00</Value>
        <ValueType>Float</ValueType>
      </Observation>
      <Observation>
        <Type>Text</Type>
        <Code>Non-Standard-Code</Code>
        <Value>REUSABLE012</Value>
        <ValueType>Other</ValueType>
      </Observation>
    </Activity>
    <Activity>
      <ID>41</ID>
      <Start>17/09/2013 12:00</Start>
      <End>17/09/2013 12:00</End>
      <Code>T5999</Code>
      <Type>4</Type>
      <Quantity>2</Quantity>
      <Net>0</Net>
      <Clinician>DHA-P-0243847</Clinician>
      <PriorAuthorizationID>57360</PriorAuthorizationID>
      <Observation>
        <Type>Financial</Type>
        <Code>ActivityGross</Code>
        <Value>6.84</Value>
        <ValueType>Float</ValueType>
      </Observation>
      <Observation>
        <Type>Financial</Type>
        <Code>PSDeductible</Code>
        <Value>0.00</Value>
        <ValueType>Float</ValueType>
      </Observation>
      <Observation>
        <Type>Financial</Type>
        <Code>PSCoPayment</Code>
        <Value>0.00</Value>
        <ValueType>Float</ValueType>
      </Observation>
      <Observation>
        <Type>Financial</Type>
        <Code>PSOutOfPocket</Code>
        <Value>0.00</Value>
        <ValueType>Float</ValueType>
      </Observation>
      <Observation>
        <Type>Text</Type>
        <Code>Non-Standard-Code</Code>
        <Value>OTH002</Value>
        <ValueType>Other</ValueType>
      </Observation>
    </Activity>
    <Activity>
      <ID>42</ID>
      <Start>17/09/2013 12:00</Start>
      <End>17/09/2013 12:00</End>
      <Code>17.03</Code>
      <Type>8</Type>
      <Quantity>1</Quantity>
      <Net>0</Net>
      <Clinician>DHA-P-0243847</Clinician>
      <PriorAuthorizationID>57360</PriorAuthorizationID>
      <Observation>
        <Type>Financial</Type>
        <Code>ActivityGross</Code>
        <Value>480.00</Value>
        <ValueType>Float</ValueType>
      </Observation>
      <Observation>
        <Type>Financial</Type>
        <Code>PSDeductible</Code>
        <Value>0.00</Value>
        <ValueType>Float</ValueType>
      </Observation>
      <Observation>
        <Type>Financial</Type>
        <Code>PSCoPayment</Code>
        <Value>0.00</Value>
        <ValueType>Float</ValueType>
      </Observation>
      <Observation>
        <Type>Financial</Type>
        <Code>PSOutOfPocket</Code>
        <Value>0.00</Value>
        <ValueType>Float</ValueType>
      </Observation>
      <Observation>
        <Type>Text</Type>
        <Code>Non-Standard-Code</Code>
        <Value>BED001</Value>
        <ValueType>Other</ValueType>
      </Observation>
    </Activity>
    <Activity>
      <ID>43</ID>
      <Start>17/09/2013 12:00</Start>
      <End>17/09/2013 12:00</End>
      <Code>A4208</Code>
      <Type>4</Type>
      <Quantity>1</Quantity>
      <Net>0</Net>
      <Clinician>DHA-P-0243847</Clinician>
      <PriorAuthorizationID>57360</PriorAuthorizationID>
      <Observation>
        <Type>Financial</Type>
        <Code>ActivityGross</Code>
        <Value>5.22</Value>
        <ValueType>Float</ValueType>
      </Observation>
      <Observation>
        <Type>Financial</Type>
        <Code>PSDeductible</Code>
        <Value>0.00</Value>
        <ValueType>Float</ValueType>
      </Observation>
      <Observation>
        <Type>Financial</Type>
        <Code>PSCoPayment</Code>
        <Value>0.00</Value>
        <ValueType>Float</ValueType>
      </Observation>
      <Observation>
        <Type>Financial</Type>
        <Code>PSOutOfPocket</Code>
        <Value>0.00</Value>
        <ValueType>Float</ValueType>
      </Observation>
      <Observation>
        <Type>Text</Type>
        <Code>Non-Standard-Code</Code>
        <Value>0101600163</Value>
        <ValueType>Other</ValueType>
      </Observation>
    </Activity>
    <Activity>
      <ID>44</ID>
      <Start>17/09/2013 12:00</Start>
      <End>17/09/2013 12:00</End>
      <Code>0015-149907-2001</Code>
      <Type>5</Type>
      <Quantity>20</Quantity>
      <Net>55</Net>
      <Clinician>DHA-P-0243847</Clinician>
      <PriorAuthorizationID>57360</PriorAuthorizationID>
      <Observation>
        <Type>Financial</Type>
        <Code>ActivityGross</Code>
        <Value>52.82</Value>
        <ValueType>Float</ValueType>
      </Observation>
      <Observation>
        <Type>Financial</Type>
        <Code>PSDeductible</Code>
        <Value>0.00</Value>
        <ValueType>Float</ValueType>
      </Observation>
      <Observation>
        <Type>Financial</Type>
        <Code>PSCoPayment</Code>
        <Value>0.00</Value>
        <ValueType>Float</ValueType>
      </Observation>
      <Observation>
        <Type>Financial</Type>
        <Code>PSOutOfPocket</Code>
        <Value>0.00</Value>
        <ValueType>Float</ValueType>
      </Observation>
      <Observation>
        <Type>Text</Type>
        <Code>Non-Standard-Code</Code>
        <Value>0100400226</Value>
        <ValueType>Other</ValueType>
      </Observation>
    </Activity>
    <Activity>
      <ID>45</ID>
      <Start>17/09/2013 12:00</Start>
      <End>17/09/2013 12:00</End>
      <Code>0011-106618-1001</Code>
      <Type>5</Type>
      <Quantity>1</Quantity>
      <Net>184</Net>
      <Clinician>DHA-P-0243847</Clinician>
      <PriorAuthorizationID>57360</PriorAuthorizationID>
      <Observation>
        <Type>Financial</Type>
        <Code>ActivityGross</Code>
        <Value>14.56</Value>
        <ValueType>Float</ValueType>
      </Observation>
      <Observation>
        <Type>Financial</Type>
        <Code>PSDeductible</Code>
        <Value>0.00</Value>
        <ValueType>Float</ValueType>
      </Observation>
      <Observation>
        <Type>Financial</Type>
        <Code>PSCoPayment</Code>
        <Value>0.00</Value>
        <ValueType>Float</ValueType>
      </Observation>
      <Observation>
        <Type>Financial</Type>
        <Code>PSOutOfPocket</Code>
        <Value>0.00</Value>
        <ValueType>Float</ValueType>
      </Observation>
      <Observation>
        <Type>Text</Type>
        <Code>Non-Standard-Code</Code>
        <Value>0100400151</Value>
        <ValueType>Other</ValueType>
      </Observation>
    </Activity>
    <Activity>
      <ID>46</ID>
      <Start>17/09/2013 12:00</Start>
      <End>17/09/2013 12:00</End>
      <Code>0131-166501-0321</Code>
      <Type>5</Type>
      <Quantity>1</Quantity>
      <Net>112</Net>
      <Clinician>DHA-P-0243847</Clinician>
      <PriorAuthorizationID>57360</PriorAuthorizationID>
      <Observation>
        <Type>Financial</Type>
        <Code>ActivityGross</Code>
        <Value>24.41</Value>
        <ValueType>Float</ValueType>
      </Observation>
      <Observation>
        <Type>Financial</Type>
        <Code>PSDeductible</Code>
        <Value>0.00</Value>
        <ValueType>Float</ValueType>
      </Observation>
      <Observation>
        <Type>Financial</Type>
        <Code>PSCoPayment</Code>
        <Value>0.00</Value>
        <ValueType>Float</ValueType>
      </Observation>
      <Observation>
        <Type>Financial</Type>
        <Code>PSOutOfPocket</Code>
        <Value>0.00</Value>
        <ValueType>Float</ValueType>
      </Observation>
      <Observation>
        <Type>Text</Type>
        <Code>Non-Standard-Code</Code>
        <Value>0101500042</Value>
        <ValueType>Other</ValueType>
      </Observation>
    </Activity>
    <Activity>
      <ID>47</ID>
      <Start>17/09/2013 12:00</Start>
      <End>17/09/2013 12:00</End>
      <Code>0102-152902-1001</Code>
      <Type>5</Type>
      <Quantity>1</Quantity>
      <Net>5</Net>
      <Clinician>DHA-P-0243847</Clinician>
      <PriorAuthorizationID>57360</PriorAuthorizationID>
      <Observation>
        <Type>Financial</Type>
        <Code>ActivityGross</Code>
        <Value>9.50</Value>
        <ValueType>Float</ValueType>
      </Observation>
      <Observation>
        <Type>Financial</Type>
        <Code>PSDeductible</Code>
        <Value>0.00</Value>
        <ValueType>Float</ValueType>
      </Observation>
      <Observation>
        <Type>Financial</Type>
        <Code>PSCoPayment</Code>
        <Value>0.00</Value>
        <ValueType>Float</ValueType>
      </Observation>
      <Observation>
        <Type>Financial</Type>
        <Code>PSOutOfPocket</Code>
        <Value>0.00</Value>
        <ValueType>Float</ValueType>
      </Observation>
      <Observation>
        <Type>Text</Type>
        <Code>Non-Standard-Code</Code>
        <Value>0101000421</Value>
        <ValueType>Other</ValueType>
      </Observation>
    </Activity>
    <Activity>
      <ID>48</ID>
      <Start>17/09/2013 12:00</Start>
      <End>17/09/2013 12:00</End>
      <Code>0053-264601-1931</Code>
      <Type>5</Type>
      <Quantity>60</Quantity>
      <Net>734</Net>
      <Clinician>DHA-P-0243847</Clinician>
      <PriorAuthorizationID>57360</PriorAuthorizationID>
      <Observation>
        <Type>Financial</Type>
        <Code>ActivityGross</Code>
        <Value>205.20</Value>
        <ValueType>Float</ValueType>
      </Observation>
      <Observation>
        <Type>Financial</Type>
        <Code>PSDeductible</Code>
        <Value>0.00</Value>
        <ValueType>Float</ValueType>
      </Observation>
      <Observation>
        <Type>Financial</Type>
        <Code>PSCoPayment</Code>
        <Value>0.00</Value>
        <ValueType>Float</ValueType>
      </Observation>
      <Observation>
        <Type>Financial</Type>
        <Code>PSOutOfPocket</Code>
        <Value>0.00</Value>
        <ValueType>Float</ValueType>
      </Observation>
      <Observation>
        <Type>Text</Type>
        <Code>Non-Standard-Code</Code>
        <Value>0101500035</Value>
        <ValueType>Other</ValueType>
      </Observation>
    </Activity>
    <Activity>
      <ID>49</ID>
      <Start>17/09/2013 12:00</Start>
      <End>17/09/2013 12:00</End>
      <Code>0000-000000-0000</Code>
      <Type>5</Type>
      <Quantity>1</Quantity>
      <Net>0</Net>
      <Clinician>DHA-P-0243847</Clinician>
      <PriorAuthorizationID>57360</PriorAuthorizationID>
      <Observation>
        <Type>Financial</Type>
        <Code>ActivityGross</Code>
        <Value>0.95</Value>
        <ValueType>Float</ValueType>
      </Observation>
      <Observation>
        <Type>Financial</Type>
        <Code>PSDeductible</Code>
        <Value>0.00</Value>
        <ValueType>Float</ValueType>
      </Observation>
      <Observation>
        <Type>Financial</Type>
        <Code>PSCoPayment</Code>
        <Value>0.00</Value>
        <ValueType>Float</ValueType>
      </Observation>
      <Observation>
        <Type>Financial</Type>
        <Code>PSOutOfPocket</Code>
        <Value>0.00</Value>
        <ValueType>Float</ValueType>
      </Observation>
      <Observation>
        <Type>Text</Type>
        <Code>Non-Standard-Code</Code>
        <Value>0101000264</Value>
        <ValueType>Other</ValueType>
      </Observation>
      <Observation>
        <Type>Text</Type>
        <Code>Non-Standard-Code</Code>
        <Value>0000</Value>
        <ValueType>Other</ValueType>
      </Observation>
      <Observation>
        <Type>Text</Type>
        <Code>Description</Code>
        <Value>SODIUM CHLORIDE INJECTION 5 ML  50 S</Value>
        <ValueType>Other</ValueType>
      </Observation>
    </Activity>
    <Activity>
      <ID>50</ID>
      <Start>17/09/2013 12:00</Start>
      <End>17/09/2013 12:00</End>
      <Code>0005-107704-0804</Code>
      <Type>5</Type>
      <Quantity>1</Quantity>
      <Net>50</Net>
      <Clinician>DHA-P-0243847</Clinician>
      <PriorAuthorizationID>57360</PriorAuthorizationID>
      <Observation>
        <Type>Financial</Type>
        <Code>ActivityGross</Code>
        <Value>56.05</Value>
        <ValueType>Float</ValueType>
      </Observation>
      <Observation>
        <Type>Financial</Type>
        <Code>PSDeductible</Code>
        <Value>0.00</Value>
        <ValueType>Float</ValueType>
      </Observation>
      <Observation>
        <Type>Financial</Type>
        <Code>PSCoPayment</Code>
        <Value>0.00</Value>
        <ValueType>Float</ValueType>
      </Observation>
      <Observation>
        <Type>Financial</Type>
        <Code>PSOutOfPocket</Code>
        <Value>0.00</Value>
        <ValueType>Float</ValueType>
      </Observation>
      <Observation>
        <Type>Text</Type>
        <Code>Non-Standard-Code</Code>
        <Value>0100500375</Value>
        <ValueType>Other</ValueType>
      </Observation>
    </Activity>
    <Activity>
      <ID>51</ID>
      <Start>17/09/2013 12:00</Start>
      <End>17/09/2013 12:00</End>
      <Code>0002-357201-0552</Code>
      <Type>5</Type>
      <Quantity>2</Quantity>
      <Net>1</Net>
      <Clinician>DHA-P-0243847</Clinician>
      <PriorAuthorizationID>57360</PriorAuthorizationID>
      <Observation>
        <Type>Financial</Type>
        <Code>ActivityGross</Code>
        <Value>1.90</Value>
        <ValueType>Float</ValueType>
      </Observation>
      <Observation>
        <Type>Financial</Type>
        <Code>PSDeductible</Code>
        <Value>0.00</Value>
        <ValueType>Float</ValueType>
      </Observation>
      <Observation>
        <Type>Financial</Type>
        <Code>PSCoPayment</Code>
        <Value>0.00</Value>
        <ValueType>Float</ValueType>
      </Observation>
      <Observation>
        <Type>Financial</Type>
        <Code>PSOutOfPocket</Code>
        <Value>0.00</Value>
        <ValueType>Float</ValueType>
      </Observation>
      <Observation>
        <Type>Text</Type>
        <Code>Non-Standard-Code</Code>
        <Value>0101000323</Value>
        <ValueType>Other</ValueType>
      </Observation>
    </Activity>
    <Activity>
      <ID>52</ID>
      <Start>17/09/2013 12:00</Start>
      <End>17/09/2013 12:00</End>
      <Code>0131-269901-1941</Code>
      <Type>5</Type>
      <Quantity>1</Quantity>
      <Net>12</Net>
      <Clinician>DHA-P-0243847</Clinician>
      <PriorAuthorizationID>57360</PriorAuthorizationID>
      <Observation>
        <Type>Financial</Type>
        <Code>ActivityGross</Code>
        <Value>9.50</Value>
        <ValueType>Float</ValueType>
      </Observation>
      <Observation>
        <Type>Financial</Type>
        <Code>PSDeductible</Code>
        <Value>0.00</Value>
        <ValueType>Float</ValueType>
      </Observation>
      <Observation>
        <Type>Financial</Type>
        <Code>PSCoPayment</Code>
        <Value>0.00</Value>
        <ValueType>Float</ValueType>
      </Observation>
      <Observation>
        <Type>Financial</Type>
        <Code>PSOutOfPocket</Code>
        <Value>0.00</Value>
        <ValueType>Float</ValueType>
      </Observation>
      <Observation>
        <Type>Text</Type>
        <Code>Non-Standard-Code</Code>
        <Value>0101600160</Value>
        <ValueType>Other</ValueType>
      </Observation>
    </Activity>
    <Activity>
      <ID>53</ID>
      <Start>17/09/2013 12:00</Start>
      <End>17/09/2013 12:00</End>
      <Code>0006-143602-1172</Code>
      <Type>5</Type>
      <Quantity>20</Quantity>
      <Net>104</Net>
      <Clinician>DHA-P-0243847</Clinician>
      <PriorAuthorizationID>57360</PriorAuthorizationID>
      <Observation>
        <Type>Financial</Type>
        <Code>ActivityGross</Code>
        <Value>198.55</Value>
        <ValueType>Float</ValueType>
      </Observation>
      <Observation>
        <Type>Financial</Type>
        <Code>PSDeductible</Code>
        <Value>0.00</Value>
        <ValueType>Float</ValueType>
      </Observation>
      <Observation>
        <Type>Financial</Type>
        <Code>PSCoPayment</Code>
        <Value>0.00</Value>
        <ValueType>Float</ValueType>
      </Observation>
      <Observation>
        <Type>Financial</Type>
        <Code>PSOutOfPocket</Code>
        <Value>0.00</Value>
        <ValueType>Float</ValueType>
      </Observation>
      <Observation>
        <Type>Text</Type>
        <Code>Non-Standard-Code</Code>
        <Value>0100500335</Value>
        <ValueType>Other</ValueType>
      </Observation>
    </Activity>
  </Claim>
</Claim.Submission>
