<?xml version="1.0" encoding="US-ASCII"?><Claim.Submission xsi:noNamespaceSchemaLocation="http://www.haad.ae/DataDictionary/CommonTypes/ClaimSubmission.xsd" xmlns:tns="http://www.haad.ae/DataDictionary/CommonTypes" xmlns:xsi="http://www.w3.org/2001/XMLSchema-instance">
<Header>
<SenderID>MF464</SenderID>
<ReceiverID>C004</ReceiverID>
<TransactionDate>23/10/2013 08:33</TransactionDate>
<RecordCount>37</RecordCount>
<DispositionFlag>PRODUCTION</DispositionFlag>
</Header>
<Claim>
<ID>APM-979504</ID>
<IDPayer/>
<MemberID>097110040031785601</MemberID>
<PayerID>@Orient</PayerID>
<ProviderID>MF464</ProviderID>
<EmiratesIDNumber>000-0000-0000000-0</EmiratesIDNumber>
<Gross>1116.7</Gross>
<PatientShare>2.65</PatientShare>
<Net>1114.05</Net>
<Encounter>
<FacilityID>MF464</FacilityID>
<Type>1</Type>
<PatientID>96623/01</PatientID>
<Start>05/09/2013 00:00</Start>
<End>05/09/2013 00:00</End>
<StartType>1</StartType>
<EndType>1</EndType>
<TransferSource/>
<TransferDestination/>
</Encounter>
<Diagnosis>
<Type>Principal</Type>
<Code>461.9</Code>
</Diagnosis>
<Diagnosis>
<Type>Secondary</Type>
<Code>477.9</Code>
</Diagnosis>
<Activity>
<ID>5291790</ID>
<Start>05/09/2013 00:00</Start>
<Type>5</Type>
<Code>1635-4157-003</Code>
<Quantity>1.0</Quantity>
<Net>23.85</Net>
<Clinician>GD15704</Clinician>
<PriorAuthorizationID/>
</Activity>
<Activity>
<ID>5291791</ID>
<Start>05/09/2013 00:00</Start>
<Type>3</Type>
<Code>70486</Code>
<Quantity>1.0</Quantity>
<Net>1090.2</Net>
<Clinician>GD15704</Clinician>
<PriorAuthorizationID>273589</PriorAuthorizationID>
</Activity>
<Contract>
<PackageName>Orient - Mednet</PackageName>
</Contract>
</Claim>
<Claim>
<ID>APM-979508</ID>
<IDPayer/>
<MemberID>097110030038715102</MemberID>
<PayerID>A009</PayerID>
<ProviderID>MF464</ProviderID>
<EmiratesIDNumber>000-0000-0000000-0</EmiratesIDNumber>
<Gross>1219.3</Gross>
<PatientShare>63.4</PatientShare>
<Net>1155.9</Net>
<Encounter>
<FacilityID>MF464</FacilityID>
<Type>1</Type>
<PatientID>93558/01</PatientID>
<Start>07/09/2013 00:00</Start>
<End>07/09/2013 00:00</End>
<StartType>1</StartType>
<EndType>1</EndType>
<TransferSource/>
<TransferDestination/>
</Encounter>
<Diagnosis>
<Type>Principal</Type>
<Code>V22.1</Code>
</Diagnosis>
<Activity>
<ID>5291823</ID>
<Start>07/09/2013 00:00</Start>
<Type>3</Type>
<Code>76805</Code>
<Quantity>1.0</Quantity>
<Net>706.1</Net>
<Clinician>D2618</Clinician>
<PriorAuthorizationID/>
</Activity>
<Activity>
<ID>5291824</ID>
<Start>07/09/2013 00:00</Start>
<Type>3</Type>
<Code>82952</Code>
<Quantity>1.0</Quantity>
<Net>32.2</Net>
<Clinician>D2618</Clinician>
<PriorAuthorizationID/>
</Activity>
<Activity>
<ID>5291825</ID>
<Start>07/09/2013 00:00</Start>
<Type>5</Type>
<Code>1732-4855-002</Code>
<Quantity>1.0</Quantity>
<Net>31.2</Net>
<Clinician>D2618</Clinician>
<PriorAuthorizationID/>
</Activity>
<Activity>
<ID>5291826</ID>
<Start>07/09/2013 00:00</Start>
<Type>3</Type>
<Code>99213</Code>
<Quantity>1.0</Quantity>
<Net>168.5</Net>
<Clinician>D2618</Clinician>
<PriorAuthorizationID/>
</Activity>
<Activity>
<ID>5291827</ID>
<Start>07/09/2013 00:00</Start>
<Type>3</Type>
<Code>85025</Code>
<Quantity>1.0</Quantity>
<Net>64.4</Net>
<Clinician>D2618</Clinician>
<PriorAuthorizationID/>
</Activity>
<Activity>
<ID>5291828</ID>
<Start>07/09/2013 00:00</Start>
<Type>5</Type>
<Code>1732-3442-002</Code>
<Quantity>1.0</Quantity>
<Net>22.4</Net>
<Clinician>D2618</Clinician>
<PriorAuthorizationID/>
</Activity>
<Activity>
<ID>5291829</ID>
<Start>07/09/2013 00:00</Start>
<Type>3</Type>
<Code>82951</Code>
<Quantity>1.0</Quantity>
<Net>105.8</Net>
<Clinician>D2618</Clinician>
<PriorAuthorizationID/>
<Observation>
<Type>LOINC</Type>
<Code>14995-5</Code>
<Value>8.8</Value>
<ValueType>mmol/l</ValueType>
</Observation>
<Observation>
<Type>LOINC</Type>
<Code>14995-5</Code>
<Value>8.8</Value>
<ValueType>mmol/l</ValueType>
</Observation>
<Observation>
<Type>LOINC</Type>
<Code>14995-5</Code>
<Value>4.7</Value>
<ValueType>mmol/l</ValueType>
</Observation>
</Activity>
<Activity>
<ID>5291831</ID>
<Start>07/09/2013 00:00</Start>
<Type>3</Type>
<Code>81000</Code>
<Quantity>1.0</Quantity>
<Net>25.3</Net>
<Clinician>D2618</Clinician>
<PriorAuthorizationID/>
</Activity>
<Contract>
<PackageName>RAK - MedNet</PackageName>
</Contract>
</Claim>
<Claim>
<ID>APM-989050</ID>
<IDPayer/>
<MemberID>097110040045841602</MemberID>
<PayerID>@Orient</PayerID>
<ProviderID>MF464</ProviderID>
<EmiratesIDNumber>000-0000-0000000-0</EmiratesIDNumber>
<Gross>1632.2</Gross>
<PatientShare>50</PatientShare>
<Net>1582.2</Net>
<Encounter>
<FacilityID>MF464</FacilityID>
<Type>1</Type>
<PatientID>72736/02</PatientID>
<Start>21/09/2013 00:00</Start>
<End>21/09/2013 00:00</End>
<StartType>1</StartType>
<EndType>1</EndType>
<TransferSource/>
<TransferDestination/>
</Encounter>
<Diagnosis>
<Type>Principal</Type>
<Code>783.41</Code>
</Diagnosis>
<Diagnosis>
<Type>Secondary</Type>
<Code>381.01</Code>
</Diagnosis>
<Diagnosis>
<Type>Secondary</Type>
<Code>786.07</Code>
</Diagnosis>
<Diagnosis>
<Type>Secondary</Type>
<Code>786.50</Code>
</Diagnosis>
<Diagnosis>
<Type>Secondary</Type>
<Code>789.00</Code>
</Diagnosis>
<Diagnosis>
<Type>Secondary</Type>
<Code>268.9</Code>
</Diagnosis>
<Diagnosis>
<Type>Secondary</Type>
<Code>783.0</Code>
</Diagnosis>
<Diagnosis>
<Type>Secondary</Type>
<Code>462</Code>
</Diagnosis>
<Diagnosis>
<Type>Secondary</Type>
<Code>782.61</Code>
</Diagnosis>
<Activity>
<ID>5345208</ID>
<Start>21/09/2013 00:00</Start>
<Type>3</Type>
<Code>80076</Code>
<Quantity>1.0</Quantity>
<Net>395.6</Net>
<Clinician>GD8995</Clinician>
<PriorAuthorizationID/>
</Activity>
<Activity>
<ID>5345209</ID>
<Start>21/09/2013 00:00</Start>
<Type>5</Type>
<Code>1419-1294-002</Code>
<Quantity>1.0</Quantity>
<Net>65.5</Net>
<Clinician>GD8995</Clinician>
<PriorAuthorizationID/>
</Activity>
<Activity>
<ID>5345210</ID>
<Start>21/09/2013 00:00</Start>
<Type>3</Type>
<Code>94640</Code>
<Quantity>1.0</Quantity>
<Net>73.6</Net>
<Clinician>GD8995</Clinician>
<PriorAuthorizationID/>
</Activity>
<Activity>
<ID>5345211</ID>
<Start>21/09/2013 00:00</Start>
<Type>3</Type>
<Code>86140</Code>
<Quantity>1.0</Quantity>
<Net>43.7</Net>
<Clinician>GD8995</Clinician>
<PriorAuthorizationID/>
</Activity>
<Activity>
<ID>5345212</ID>
<Start>21/09/2013 00:00</Start>
<Type>3</Type>
<Code>99213</Code>
<Quantity>1.0</Quantity>
<Net>168.5</Net>
<Clinician>GD8995</Clinician>
<PriorAuthorizationID/>
</Activity>
<Activity>
<ID>5345213</ID>
<Start>21/09/2013 00:00</Start>
<Type>3</Type>
<Code>85651</Code>
<Quantity>1.0</Quantity>
<Net>29.9</Net>
<Clinician>GD8995</Clinician>
<PriorAuthorizationID/>
</Activity>
<Activity>
<ID>5345214</ID>
<Start>21/09/2013 00:00</Start>
<Type>3</Type>
<Code>82306</Code>
<Quantity>1.0</Quantity>
<Net>243.8</Net>
<Clinician>GD8995</Clinician>
<PriorAuthorizationID/>
</Activity>
<Activity>
<ID>5345215</ID>
<Start>21/09/2013 00:00</Start>
<Type>3</Type>
<Code>82950</Code>
<Quantity>1.0</Quantity>
<Net>39.1</Net>
<Clinician>GD8995</Clinician>
<PriorAuthorizationID/>
</Activity>
<Activity>
<ID>5345216</ID>
<Start>21/09/2013 00:00</Start>
<Type>3</Type>
<Code>81000</Code>
<Quantity>1.0</Quantity>
<Net>25.3</Net>
<Clinician>GD8995</Clinician>
<PriorAuthorizationID/>
</Activity>
<Activity>
<ID>5345217</ID>
<Start>21/09/2013 00:00</Start>
<Type>3</Type>
<Code>82728</Code>
<Quantity>1.0</Quantity>
<Net>112.7</Net>
<Clinician>GD8995</Clinician>
<PriorAuthorizationID/>
</Activity>
<Activity>
<ID>5345218</ID>
<Start>21/09/2013 00:00</Start>
<Type>3</Type>
<Code>71010</Code>
<Quantity>1.0</Quantity>
<Net>110.4</Net>
<Clinician>GD8995</Clinician>
<PriorAuthorizationID/>
</Activity>
<Activity>
<ID>5345219</ID>
<Start>21/09/2013 00:00</Start>
<Type>3</Type>
<Code>83540</Code>
<Quantity>1.0</Quantity>
<Net>52.9</Net>
<Clinician>GD8995</Clinician>
<PriorAuthorizationID/>
</Activity>
<Activity>
<ID>5345220</ID>
<Start>21/09/2013 00:00</Start>
<Type>3</Type>
<Code>84520</Code>
<Quantity>1.0</Quantity>
<Net>32.2</Net>
<Clinician>GD8995</Clinician>
<PriorAuthorizationID/>
</Activity>
<Activity>
<ID>5345221</ID>
<Start>21/09/2013 00:00</Start>
<Type>5</Type>
<Code>1552-2198-005</Code>
<Quantity>1.0</Quantity>
<Net>16.5</Net>
<Clinician>GD8995</Clinician>
<PriorAuthorizationID/>
</Activity>
<Activity>
<ID>5345222</ID>
<Start>21/09/2013 00:00</Start>
<Type>3</Type>
<Code>82565</Code>
<Quantity>1.0</Quantity>
<Net>41.4</Net>
<Clinician>GD8995</Clinician>
<PriorAuthorizationID/>
</Activity>
<Activity>
<ID>5345223</ID>
<Start>21/09/2013 00:00</Start>
<Type>3</Type>
<Code>85025</Code>
<Quantity>1.0</Quantity>
<Net>64.4</Net>
<Clinician>GD8995</Clinician>
<PriorAuthorizationID/>
</Activity>
<Activity>
<ID>5345224</ID>
<Start>21/09/2013 00:00</Start>
<Type>3</Type>
<Code>87086</Code>
<Quantity>1.0</Quantity>
<Net>66.7</Net>
<Clinician>GD8995</Clinician>
<PriorAuthorizationID/>
</Activity>
<Contract>
<PackageName>Orient - Mednet</PackageName>
</Contract>
</Claim>
<Claim>
<ID>APM-989051</ID>
<IDPayer/>
<MemberID>097110040038971001</MemberID>
<PayerID>@Orient</PayerID>
<ProviderID>MF464</ProviderID>
<EmiratesIDNumber>000-0000-0000000-0</EmiratesIDNumber>
<Gross>255.3</Gross>
<PatientShare>35</PatientShare>
<Net>220.3</Net>
<Encounter>
<FacilityID>MF464</FacilityID>
<Type>2</Type>
<PatientID>94496/01</PatientID>
<Start>21/09/2013 00:00</Start>
<End>21/09/2013 00:00</End>
<StartType>2</StartType>
<EndType>1</EndType>
<TransferSource/>
<TransferDestination/>
</Encounter>
<Diagnosis>
<Type>Principal</Type>
<Code>728.85</Code>
</Diagnosis>
<Diagnosis>
<Type>Secondary</Type>
<Code>721.0</Code>
</Diagnosis>
<Activity>
<ID>5345225</ID>
<Start>21/09/2013 00:00</Start>
<Type>3</Type>
<Code>99281</Code>
<Quantity>1.0</Quantity>
<Net>29.4</Net>
<Clinician>GD7672</Clinician>
<PriorAuthorizationID/>
</Activity>
<Activity>
<ID>5345226</ID>
<Start>21/09/2013 00:00</Start>
<Type>3</Type>
<Code>72040</Code>
<Quantity>1.0</Quantity>
<Net>190.9</Net>
<Clinician>GD7672</Clinician>
<PriorAuthorizationID/>
</Activity>
<Contract>
<PackageName>Orient - Mednet</PackageName>
</Contract>
</Claim>
<Claim>
<ID>APM-989053</ID>
<IDPayer/>
<MemberID>097110040024162802</MemberID>
<PayerID>@Orient</PayerID>
<ProviderID>MF464</ProviderID>
<EmiratesIDNumber>000-0000-0000000-0</EmiratesIDNumber>
<Gross>1423.2</Gross>
<PatientShare>60.3</PatientShare>
<Net>1362.9</Net>
<Encounter>
<FacilityID>MF464</FacilityID>
<Type>1</Type>
<PatientID>48286/02</PatientID>
<Start>22/09/2013 00:00</Start>
<End>22/09/2013 00:00</End>
<StartType>1</StartType>
<EndType>1</EndType>
<TransferSource/>
<TransferDestination/>
</Encounter>
<Diagnosis>
<Type>Principal</Type>
<Code>724.5</Code>
</Diagnosis>
<Diagnosis>
<Type>Secondary</Type>
<Code>616.0</Code>
</Diagnosis>
<Diagnosis>
<Type>Secondary</Type>
<Code>599.0</Code>
</Diagnosis>
<Diagnosis>
<Type>Secondary</Type>
<Code>268.9</Code>
</Diagnosis>
<Diagnosis>
<Type>Secondary</Type>
<Code>616.10</Code>
</Diagnosis>
<Activity>
<ID>5345231</ID>
<Start>22/09/2013 00:00</Start>
<Type>5</Type>
<Code>1523-5972-001</Code>
<Quantity>1.0</Quantity>
<Net>31.5</Net>
<Clinician>D2618</Clinician>
<PriorAuthorizationID/>
</Activity>
<Activity>
<ID>5345232</ID>
<Start>22/09/2013 00:00</Start>
<Type>3</Type>
<Code>76830</Code>
<Quantity>1.0</Quantity>
<Net>598.0</Net>
<Clinician>D2618</Clinician>
<PriorAuthorizationID/>
</Activity>
<Activity>
<ID>5345233</ID>
<Start>22/09/2013 00:00</Start>
<Type>3</Type>
<Code>88147</Code>
<Quantity>1.0</Quantity>
<Net>94.3</Net>
<Clinician>D2618</Clinician>
<PriorAuthorizationID/>
</Activity>
<Activity>
<ID>5345234</ID>
<Start>22/09/2013 00:00</Start>
<Type>5</Type>
<Code>1256-2856-001</Code>
<Quantity>2.0</Quantity>
<Net>61.2</Net>
<Clinician>D2618</Clinician>
<PriorAuthorizationID/>
</Activity>
<Activity>
<ID>5345235</ID>
<Start>22/09/2013 00:00</Start>
<Type>3</Type>
<Code>82306</Code>
<Quantity>1.0</Quantity>
<Net>243.8</Net>
<Clinician>D2618</Clinician>
<PriorAuthorizationID/>
</Activity>
<Activity>
<ID>5345236</ID>
<Start>22/09/2013 00:00</Start>
<Type>3</Type>
<Code>99213</Code>
<Quantity>1.0</Quantity>
<Net>168.5</Net>
<Clinician>D2618</Clinician>
<PriorAuthorizationID/>
</Activity>
<Activity>
<ID>5345237</ID>
<Start>22/09/2013 00:00</Start>
<Type>3</Type>
<Code>82310</Code>
<Quantity>1.0</Quantity>
<Net>41.4</Net>
<Clinician>D2618</Clinician>
<PriorAuthorizationID/>
</Activity>
<Activity>
<ID>5345238</ID>
<Start>22/09/2013 00:00</Start>
<Type>3</Type>
<Code>85025</Code>
<Quantity>1.0</Quantity>
<Net>64.4</Net>
<Clinician>D2618</Clinician>
<PriorAuthorizationID/>
</Activity>
<Activity>
<ID>5345239</ID>
<Start>22/09/2013 00:00</Start>
<Type>3</Type>
<Code>81000</Code>
<Quantity>1.0</Quantity>
<Net>25.3</Net>
<Clinician>D2618</Clinician>
<PriorAuthorizationID/>
</Activity>
<Activity>
<ID>5345240</ID>
<Start>22/09/2013 00:00</Start>
<Type>3</Type>
<Code>87210</Code>
<Quantity>1.0</Quantity>
<Net>34.5</Net>
<Clinician>D2618</Clinician>
<PriorAuthorizationID/>
</Activity>
<Contract>
<PackageName>Orient - Mednet</PackageName>
</Contract>
</Claim>
<Claim>
<ID>APM-989054</ID>
<IDPayer/>
<MemberID>097110040036056802</MemberID>
<PayerID>@Orient</PayerID>
<ProviderID>MF464</ProviderID>
<EmiratesIDNumber>000-0000-0000000-0</EmiratesIDNumber>
<Gross>128.8</Gross>
<PatientShare>35</PatientShare>
<Net>93.8</Net>
<Encounter>
<FacilityID>MF464</FacilityID>
<Type>1</Type>
<PatientID>80738/03</PatientID>
<Start>22/09/2013 00:00</Start>
<End>22/09/2013 00:00</End>
<StartType>1</StartType>
<EndType>1</EndType>
<TransferSource/>
<TransferDestination/>
</Encounter>
<Diagnosis>
<Type>Principal</Type>
<Code>V24.1</Code>
</Diagnosis>
<Diagnosis>
<Type>Secondary</Type>
<Code>724.5</Code>
</Diagnosis>
<Activity>
<ID>5345241</ID>
<Start>22/09/2013 00:00</Start>
<Type>3</Type>
<Code>99212</Code>
<Quantity>1.0</Quantity>
<Net>93.8</Net>
<Clinician>D2618</Clinician>
<PriorAuthorizationID/>
</Activity>
<Contract>
<PackageName>Orient - Mednet</PackageName>
</Contract>
</Claim>
<Claim>
<ID>APM-989124</ID>
<IDPayer/>
<MemberID>097110040029113402</MemberID>
<PayerID>@Orient</PayerID>
<ProviderID>MF464</ProviderID>
<EmiratesIDNumber>000-0000-0000000-0</EmiratesIDNumber>
<Gross>884.76</Gross>
<PatientShare>2</PatientShare>
<Net>882.76</Net>
<Encounter>
<FacilityID>MF464</FacilityID>
<Type>2</Type>
<PatientID>86037/01</PatientID>
<Start>22/09/2013 00:00</Start>
<End>22/09/2013 00:00</End>
<StartType>2</StartType>
<EndType>1</EndType>
<TransferSource/>
<TransferDestination/>
</Encounter>
<Diagnosis>
<Type>Principal</Type>
<Code>789.00</Code>
</Diagnosis>
<Diagnosis>
<Type>Secondary</Type>
<Code>724.2</Code>
</Diagnosis>
<Activity>
<ID>5345247</ID>
<Start>22/09/2013 00:00</Start>
<Type>3</Type>
<Code>76700</Code>
<Quantity>1.0</Quantity>
<Net>667.0</Net>
<Clinician>GD15943</Clinician>
<PriorAuthorizationID/>
</Activity>
<Activity>
<ID>5345248</ID>
<Start>22/09/2013 00:00</Start>
<Type>3</Type>
<Code>96365</Code>
<Quantity>1.0</Quantity>
<Net>197.8</Net>
<Clinician>GD15943</Clinician>
<PriorAuthorizationID/>
</Activity>
<Activity>
<ID>5345249</ID>
<Start>22/09/2013 00:00</Start>
<Type>5</Type>
<Code>1718-3520-001</Code>
<Quantity>1.0</Quantity>
<Net>17.96</Net>
<Clinician>GD15943</Clinician>
<PriorAuthorizationID/>
</Activity>
<Contract>
<PackageName>Orient - Mednet</PackageName>
</Contract>
</Claim>
<Claim>
<ID>APM-989125</ID>
<IDPayer/>
<MemberID>097110040029113402</MemberID>
<PayerID>@Orient</PayerID>
<ProviderID>MF464</ProviderID>
<EmiratesIDNumber>000-0000-0000000-0</EmiratesIDNumber>
<Gross>227.8</Gross>
<PatientShare>44.9</PatientShare>
<Net>182.9</Net>
<Encounter>
<FacilityID>MF464</FacilityID>
<Type>1</Type>
<PatientID>86037/01</PatientID>
<Start>22/09/2013 00:00</Start>
<End>22/09/2013 00:00</End>
<StartType>1</StartType>
<EndType>1</EndType>
<TransferSource/>
<TransferDestination/>
</Encounter>
<Diagnosis>
<Type>Principal</Type>
<Code>595.0</Code>
</Diagnosis>
<Diagnosis>
<Type>Secondary</Type>
<Code>626.4</Code>
</Diagnosis>
<Diagnosis>
<Type>Secondary</Type>
<Code>620.0</Code>
</Diagnosis>
<Activity>
<ID>5345250</ID>
<Start>22/09/2013 00:00</Start>
<Type>3</Type>
<Code>99212</Code>
<Quantity>1.0</Quantity>
<Net>93.8</Net>
<Clinician>GD6605</Clinician>
<PriorAuthorizationID/>
</Activity>
<Activity>
<ID>5345251</ID>
<Start>22/09/2013 00:00</Start>
<Type>5</Type>
<Code>1250-4098-004</Code>
<Quantity>1.0</Quantity>
<Net>89.1</Net>
<Clinician>GD6605</Clinician>
<PriorAuthorizationID/>
</Activity>
<Contract>
<PackageName>Orient - Mednet</PackageName>
</Contract>
</Claim>
<Claim>
<ID>APM-989126</ID>
<IDPayer/>
<MemberID>097110040040390002</MemberID>
<PayerID>A012</PayerID>
<ProviderID>MF464</ProviderID>
<EmiratesIDNumber>000-0000-0000000-0</EmiratesIDNumber>
<Gross>128.8</Gross>
<PatientShare>35</PatientShare>
<Net>93.8</Net>
<Encounter>
<FacilityID>MF464</FacilityID>
<Type>1</Type>
<PatientID>92450/01</PatientID>
<Start>22/09/2013 00:00</Start>
<End>22/09/2013 00:00</End>
<StartType>1</StartType>
<EndType>1</EndType>
<TransferSource/>
<TransferDestination/>
</Encounter>
<Diagnosis>
<Type>Principal</Type>
<Code>V67.09</Code>
</Diagnosis>
<Diagnosis>
<Type>Secondary</Type>
<Code>V58.32</Code>
</Diagnosis>
<Diagnosis>
<Type>Secondary</Type>
<Code>654.23</Code>
</Diagnosis>
<Activity>
<ID>5345252</ID>
<Start>22/09/2013 00:00</Start>
<Type>3</Type>
<Code>99212</Code>
<Quantity>1.0</Quantity>
<Net>93.8</Net>
<Clinician>GD6605</Clinician>
<PriorAuthorizationID/>
</Activity>
<Contract>
<PackageName>Arab Orient - MedNet</PackageName>
</Contract>
</Claim>
<Claim>
<ID>APM-989127</ID>
<IDPayer/>
<MemberID>097110330041682302</MemberID>
<PayerID>A020</PayerID>
<ProviderID>MF464</ProviderID>
<EmiratesIDNumber>000-0000-0000000-0</EmiratesIDNumber>
<Gross>265</Gross>
<PatientShare>50</PatientShare>
<Net>215</Net>
<Encounter>
<FacilityID>MF464</FacilityID>
<Type>1</Type>
<PatientID>40817/04</PatientID>
<Start>22/09/2013 00:00</Start>
<End>22/09/2013 00:00</End>
<StartType>1</StartType>
<EndType>1</EndType>
<TransferSource/>
<TransferDestination/>
</Encounter>
<Diagnosis>
<Type>Principal</Type>
<Code>463</Code>
</Diagnosis>
<Diagnosis>
<Type>Secondary</Type>
<Code>382.00</Code>
</Diagnosis>
<Activity>
<ID>5345265</ID>
<Start>22/09/2013 00:00</Start>
<Type>5</Type>
<Code>1650-1078-001</Code>
<Quantity>1.0</Quantity>
<Net>36.0</Net>
<Clinician>GD15704</Clinician>
<PriorAuthorizationID/>
</Activity>
<Activity>
<ID>5345266</ID>
<Start>22/09/2013 00:00</Start>
<Type>3</Type>
<Code>99201</Code>
<Quantity>1.0</Quantity>
<Net>81.1</Net>
<Clinician>GD15704</Clinician>
<PriorAuthorizationID/>
</Activity>
<Activity>
<ID>5345267</ID>
<Start>22/09/2013 00:00</Start>
<Type>5</Type>
<Code>1472-1058-011</Code>
<Quantity>1.0</Quantity>
<Net>6.5</Net>
<Clinician>GD15704</Clinician>
<PriorAuthorizationID/>
</Activity>
<Activity>
<ID>5345268</ID>
<Start>22/09/2013 00:00</Start>
<Type>3</Type>
<Code>85025</Code>
<Quantity>1.0</Quantity>
<Net>64.4</Net>
<Clinician>GD15704</Clinician>
<PriorAuthorizationID/>
</Activity>
<Activity>
<ID>5345269</ID>
<Start>22/09/2013 00:00</Start>
<Type>5</Type>
<Code>1680-2733-005</Code>
<Quantity>1.0</Quantity>
<Net>27.0</Net>
<Clinician>GD15704</Clinician>
<PriorAuthorizationID/>
</Activity>
<Contract>
<PackageName>Salama-Mednet </PackageName>
</Contract>
</Claim>
<Claim>
<ID>APM-989128</ID>
<IDPayer/>
<MemberID>097110040029912101</MemberID>
<PayerID>A012</PayerID>
<ProviderID>MF464</ProviderID>
<EmiratesIDNumber>000-0000-0000000-0</EmiratesIDNumber>
<Gross>1214.4</Gross>
<PatientShare>35</PatientShare>
<Net>1179.4</Net>
<Encounter>
<FacilityID>MF464</FacilityID>
<Type>2</Type>
<PatientID>87180/01</PatientID>
<Start>23/09/2013 00:00</Start>
<End>23/09/2013 00:00</End>
<StartType>2</StartType>
<EndType>1</EndType>
<TransferSource/>
<TransferDestination/>
</Encounter>
<Diagnosis>
<Type>Principal</Type>
<Code>590.80</Code>
</Diagnosis>
<Diagnosis>
<Type>Secondary</Type>
<Code>716.59</Code>
</Diagnosis>
<Diagnosis>
<Type>Secondary</Type>
<Code>789.00</Code>
</Diagnosis>
<Diagnosis>
<Type>Secondary</Type>
<Code>285.9</Code>
</Diagnosis>
<Activity>
<ID>5345275</ID>
<Start>23/09/2013 00:00</Start>
<Type>3</Type>
<Code>76700</Code>
<Quantity>1.0</Quantity>
<Net>667.0</Net>
<Clinician>GD15705</Clinician>
<PriorAuthorizationID/>
</Activity>
<Activity>
<ID>5345276</ID>
<Start>23/09/2013 00:00</Start>
<Type>3</Type>
<Code>85652</Code>
<Quantity>1.0</Quantity>
<Net>23.0</Net>
<Clinician>GD15705</Clinician>
<PriorAuthorizationID/>
</Activity>
<Activity>
<ID>5345277</ID>
<Start>23/09/2013 00:00</Start>
<Type>3</Type>
<Code>82306</Code>
<Quantity>1.0</Quantity>
<Net>243.8</Net>
<Clinician>GD15705</Clinician>
<PriorAuthorizationID/>
</Activity>
<Activity>
<ID>5345278</ID>
<Start>23/09/2013 00:00</Start>
<Type>3</Type>
<Code>85025</Code>
<Quantity>1.0</Quantity>
<Net>64.4</Net>
<Clinician>GD15705</Clinician>
<PriorAuthorizationID/>
</Activity>
<Activity>
<ID>5345279</ID>
<Start>23/09/2013 00:00</Start>
<Type>3</Type>
<Code>81000</Code>
<Quantity>1.0</Quantity>
<Net>25.3</Net>
<Clinician>GD15705</Clinician>
<PriorAuthorizationID/>
</Activity>
<Activity>
<ID>5345280</ID>
<Start>23/09/2013 00:00</Start>
<Type>3</Type>
<Code>99283</Code>
<Quantity>1.0</Quantity>
<Net>155.9</Net>
<Clinician>GD15705</Clinician>
<PriorAuthorizationID/>
</Activity>
<Contract>
<PackageName>Arab Orient - MedNet</PackageName>
</Contract>
</Claim>
<Claim>
<ID>APM-989131</ID>
<IDPayer/>
<MemberID>097110040040390101</MemberID>
<PayerID>@Orient</PayerID>
<ProviderID>MF464</ProviderID>
<EmiratesIDNumber>000-0000-0000000-0</EmiratesIDNumber>
<Gross>145.3</Gross>
<PatientShare>36.65</PatientShare>
<Net>108.65</Net>
<Encounter>
<FacilityID>MF464</FacilityID>
<Type>1</Type>
<PatientID>92335/01</PatientID>
<Start>24/09/2013 00:00</Start>
<End>24/09/2013 00:00</End>
<StartType>1</StartType>
<EndType>1</EndType>
<TransferSource/>
<TransferDestination/>
</Encounter>
<Diagnosis>
<Type>Principal</Type>
<Code>789.07</Code>
</Diagnosis>
<Diagnosis>
<Type>Secondary</Type>
<Code>466.19</Code>
</Diagnosis>
<Diagnosis>
<Type>Secondary</Type>
<Code>465.9</Code>
</Diagnosis>
<Activity>
<ID>5345315</ID>
<Start>24/09/2013 00:00</Start>
<Type>3</Type>
<Code>99212</Code>
<Quantity>1.0</Quantity>
<Net>93.8</Net>
<Clinician>GD8995</Clinician>
<PriorAuthorizationID/>
</Activity>
<Activity>
<ID>5345316</ID>
<Start>24/09/2013 00:00</Start>
<Type>5</Type>
<Code>1552-2198-005</Code>
<Quantity>1.0</Quantity>
<Net>14.85</Net>
<Clinician>GD8995</Clinician>
<PriorAuthorizationID/>
</Activity>
<Contract>
<PackageName>Orient - Mednet</PackageName>
</Contract>
</Claim>
<Claim>
<ID>APM-989132</ID>
<IDPayer/>
<MemberID>097110040043135301</MemberID>
<PayerID>@Orient</PayerID>
<ProviderID>MF464</ProviderID>
<EmiratesIDNumber>000-0000-0000000-0</EmiratesIDNumber>
<Gross>172.5</Gross>
<PatientShare>10</PatientShare>
<Net>162.5</Net>
<Encounter>
<FacilityID>MF464</FacilityID>
<Type>2</Type>
<PatientID>97459/01</PatientID>
<Start>24/09/2013 00:00</Start>
<End>24/09/2013 00:00</End>
<StartType>2</StartType>
<EndType>1</EndType>
<TransferSource/>
<TransferDestination/>
</Encounter>
<Diagnosis>
<Type>Principal</Type>
<Code>784.0</Code>
</Diagnosis>
<Diagnosis>
<Type>Secondary</Type>
<Code>780.60</Code>
</Diagnosis>
<Diagnosis>
<Type>Secondary</Type>
<Code>787.01</Code>
</Diagnosis>
<Activity>
<ID>5345317</ID>
<Start>24/09/2013 00:00</Start>
<Type>3</Type>
<Code>86140</Code>
<Quantity>1.0</Quantity>
<Net>43.7</Net>
<Clinician>GD15705</Clinician>
<PriorAuthorizationID/>
</Activity>
<Activity>
<ID>5345318</ID>
<Start>24/09/2013 00:00</Start>
<Type>3</Type>
<Code>99281</Code>
<Quantity>1.0</Quantity>
<Net>54.4</Net>
<Clinician>GD15705</Clinician>
<PriorAuthorizationID/>
</Activity>
<Activity>
<ID>5345319</ID>
<Start>24/09/2013 00:00</Start>
<Type>3</Type>
<Code>85025</Code>
<Quantity>1.0</Quantity>
<Net>64.4</Net>
<Clinician>GD15705</Clinician>
<PriorAuthorizationID/>
</Activity>
<Contract>
<PackageName>Orient - Mednet</PackageName>
</Contract>
</Claim>
<Claim>
<ID>APM-989133</ID>
<IDPayer/>
<MemberID>097110040018152501</MemberID>
<PayerID>@Orient</PayerID>
<ProviderID>MF464</ProviderID>
<EmiratesIDNumber>000-0000-0000000-0</EmiratesIDNumber>
<Gross>300.8</Gross>
<PatientShare>67.2</PatientShare>
<Net>233.6</Net>
<Encounter>
<FacilityID>MF464</FacilityID>
<Type>1</Type>
<PatientID>51058/01</PatientID>
<Start>25/09/2013 00:00</Start>
<End>25/09/2013 00:00</End>
<StartType>1</StartType>
<EndType>1</EndType>
<TransferSource/>
<TransferDestination/>
</Encounter>
<Diagnosis>
<Type>Principal</Type>
<Code>461.9</Code>
</Diagnosis>
<Diagnosis>
<Type>Secondary</Type>
<Code>784.1</Code>
</Diagnosis>
<Diagnosis>
<Type>Secondary</Type>
<Code>784.0</Code>
</Diagnosis>
<Activity>
<ID>5345320</ID>
<Start>25/09/2013 00:00</Start>
<Type>5</Type>
<Code>2209-6110-002</Code>
<Quantity>1.0</Quantity>
<Net>9.45</Net>
<Clinician>D5154</Clinician>
<PriorAuthorizationID/>
</Activity>
<Activity>
<ID>5345321</ID>
<Start>25/09/2013 00:00</Start>
<Type>3</Type>
<Code>99212</Code>
<Quantity>1.0</Quantity>
<Net>78.8</Net>
<Clinician>D5154</Clinician>
<PriorAuthorizationID/>
</Activity>
<Activity>
<ID>5345322</ID>
<Start>25/09/2013 00:00</Start>
<Type>5</Type>
<Code>1650-1643-001</Code>
<Quantity>1.0</Quantity>
<Net>26.55</Net>
<Clinician>D5154</Clinician>
<PriorAuthorizationID/>
</Activity>
<Activity>
<ID>5345323</ID>
<Start>25/09/2013 00:00</Start>
<Type>5</Type>
<Code>1552-3448-004</Code>
<Quantity>1.0</Quantity>
<Net>24.3</Net>
<Clinician>D5154</Clinician>
<PriorAuthorizationID/>
</Activity>
<Activity>
<ID>5345324</ID>
<Start>25/09/2013 00:00</Start>
<Type>5</Type>
<Code>1592-1543-003</Code>
<Quantity>15.0</Quantity>
<Net>94.5</Net>
<Clinician>D5154</Clinician>
<PriorAuthorizationID/>
</Activity>
<Contract>
<PackageName>Orient - Mednet</PackageName>
</Contract>
</Claim>
<Claim>
<ID>APM-989134</ID>
<IDPayer/>
<MemberID>09711033043615902</MemberID>
<PayerID>A020</PayerID>
<ProviderID>MF464</ProviderID>
<EmiratesIDNumber>000-0000-0000000-0</EmiratesIDNumber>
<Gross>262.3</Gross>
<PatientShare>50</PatientShare>
<Net>212.3</Net>
<Encounter>
<FacilityID>MF464</FacilityID>
<Type>1</Type>
<PatientID>6579/06</PatientID>
<Start>26/09/2013 00:00</Start>
<End>26/09/2013 00:00</End>
<StartType>1</StartType>
<EndType>1</EndType>
<TransferSource/>
<TransferDestination/>
</Encounter>
<Diagnosis>
<Type>Principal</Type>
<Code>461.9</Code>
</Diagnosis>
<Diagnosis>
<Type>Secondary</Type>
<Code>382.00</Code>
</Diagnosis>
<Activity>
<ID>5345327</ID>
<Start>26/09/2013 00:00</Start>
<Type>3</Type>
<Code>99212</Code>
<Quantity>1.0</Quantity>
<Net>78.8</Net>
<Clinician>D5154</Clinician>
<PriorAuthorizationID/>
</Activity>
<Activity>
<ID>5345328</ID>
<Start>26/09/2013 00:00</Start>
<Type>5</Type>
<Code>1475-2259-001</Code>
<Quantity>1.0</Quantity>
<Net>9.5</Net>
<Clinician>D5154</Clinician>
<PriorAuthorizationID/>
</Activity>
<Activity>
<ID>5345329</ID>
<Start>26/09/2013 00:00</Start>
<Type>5</Type>
<Code>1472-1058-011</Code>
<Quantity>1.0</Quantity>
<Net>6.5</Net>
<Clinician>D5154</Clinician>
<PriorAuthorizationID/>
</Activity>
<Activity>
<ID>5345330</ID>
<Start>26/09/2013 00:00</Start>
<Type>5</Type>
<Code>1552-3448-002</Code>
<Quantity>1.0</Quantity>
<Net>15.5</Net>
<Clinician>D5154</Clinician>
<PriorAuthorizationID/>
</Activity>
<Activity>
<ID>5345331</ID>
<Start>26/09/2013 00:00</Start>
<Type>5</Type>
<Code>2414-1531-006</Code>
<Quantity>2.0</Quantity>
<Net>102.0</Net>
<Clinician>D5154</Clinician>
<PriorAuthorizationID/>
</Activity>
<Contract>
<PackageName>Salama-Mednet </PackageName>
</Contract>
</Claim>
<Claim>
<ID>APM-989135</ID>
<IDPayer/>
<MemberID>097110040028657102</MemberID>
<PayerID>@Orient</PayerID>
<ProviderID>MF464</ProviderID>
<EmiratesIDNumber>000-0000-0000000-0</EmiratesIDNumber>
<Gross>179.4</Gross>
<PatientShare>35</PatientShare>
<Net>144.4</Net>
<Encounter>
<FacilityID>MF464</FacilityID>
<Type>2</Type>
<PatientID>81068/03</PatientID>
<Start>26/09/2013 00:00</Start>
<End>26/09/2013 00:00</End>
<StartType>2</StartType>
<EndType>1</EndType>
<TransferSource/>
<TransferDestination/>
</Encounter>
<Diagnosis>
<Type>Principal</Type>
<Code>936</Code>
</Diagnosis>
<Activity>
<ID>5345338</ID>
<Start>26/09/2013 00:00</Start>
<Type>3</Type>
<Code>99281</Code>
<Quantity>1.0</Quantity>
<Net>29.4</Net>
<Clinician>GD15943</Clinician>
<PriorAuthorizationID/>
</Activity>
<Activity>
<ID>5345339</ID>
<Start>26/09/2013 00:00</Start>
<Type>3</Type>
<Code>74000</Code>
<Quantity>1.0</Quantity>
<Net>115.0</Net>
<Clinician>GD15943</Clinician>
<PriorAuthorizationID/>
</Activity>
<Contract>
<PackageName>Orient - Mednet</PackageName>
</Contract>
</Claim>
<Claim>
<ID>APM-989136</ID>
<IDPayer/>
<MemberID>097110040032350001</MemberID>
<PayerID>@Orient</PayerID>
<ProviderID>MF464</ProviderID>
<EmiratesIDNumber>000-0000-0000000-0</EmiratesIDNumber>
<Gross>515.2</Gross>
<PatientShare>35</PatientShare>
<Net>480.2</Net>
<Encounter>
<FacilityID>MF464</FacilityID>
<Type>1</Type>
<PatientID>97485/01</PatientID>
<Start>26/09/2013 00:00</Start>
<End>26/09/2013 00:00</End>
<StartType>1</StartType>
<EndType>1</EndType>
<TransferSource/>
<TransferDestination/>
</Encounter>
<Diagnosis>
<Type>Principal</Type>
<Code>250.00</Code>
</Diagnosis>
<Diagnosis>
<Type>Secondary</Type>
<Code>272.4</Code>
</Diagnosis>
<Activity>
<ID>5345355</ID>
<Start>26/09/2013 00:00</Start>
<Type>3</Type>
<Code>83036</Code>
<Quantity>1.0</Quantity>
<Net>80.5</Net>
<Clinician>D3344</Clinician>
<PriorAuthorizationID/>
<Observation>
<Type>LOINC</Type>
<Code>4548-4</Code>
<Value>12.9</Value>
<ValueType>%</ValueType>
</Observation>
</Activity>
<Activity>
<ID>5345356</ID>
<Start>26/09/2013 00:00</Start>
<Type>3</Type>
<Code>82947</Code>
<Quantity>1.0</Quantity>
<Net>32.2</Net>
<Clinician>D3344</Clinician>
<PriorAuthorizationID/>
<Observation>
<Type>LOINC</Type>
<Code>14996-3</Code>
<Value>15.8</Value>
<ValueType>mmol/l</ValueType>
</Observation>
</Activity>
<Activity>
<ID>5345357</ID>
<Start>26/09/2013 00:00</Start>
<Type>3</Type>
<Code>99201</Code>
<Quantity>1.0</Quantity>
<Net>96.1</Net>
<Clinician>D3344</Clinician>
<PriorAuthorizationID/>
</Activity>
<Activity>
<ID>5345358</ID>
<Start>26/09/2013 00:00</Start>
<Type>3</Type>
<Code>84520</Code>
<Quantity>1.0</Quantity>
<Net>32.2</Net>
<Clinician>D3344</Clinician>
<PriorAuthorizationID/>
</Activity>
<Activity>
<ID>5345359</ID>
<Start>26/09/2013 00:00</Start>
<Type>3</Type>
<Code>82565</Code>
<Quantity>1.0</Quantity>
<Net>41.4</Net>
<Clinician>D3344</Clinician>
<PriorAuthorizationID/>
</Activity>
<Activity>
<ID>5345360</ID>
<Start>26/09/2013 00:00</Start>
<Type>3</Type>
<Code>82962</Code>
<Quantity>1.0</Quantity>
<Net>18.4</Net>
<Clinician>D3344</Clinician>
<PriorAuthorizationID/>
</Activity>
<Activity>
<ID>5345361</ID>
<Start>26/09/2013 00:00</Start>
<Type>3</Type>
<Code>80061</Code>
<Quantity>1.0</Quantity>
<Net>154.1</Net>
<Clinician>D3344</Clinician>
<PriorAuthorizationID/>
</Activity>
<Activity>
<ID>5345362</ID>
<Start>26/09/2013 00:00</Start>
<Type>3</Type>
<Code>81000</Code>
<Quantity>1.0</Quantity>
<Net>25.3</Net>
<Clinician>D3344</Clinician>
<PriorAuthorizationID/>
</Activity>
<Contract>
<PackageName>Orient - Mednet</PackageName>
</Contract>
</Claim>
<Claim>
<ID>APM-989137</ID>
<IDPayer/>
<MemberID>097110040043943502</MemberID>
<PayerID>@Orient</PayerID>
<ProviderID>MF464</ProviderID>
<EmiratesIDNumber>000-0000-0000000-0</EmiratesIDNumber>
<Gross>64.4</Gross>
<PatientShare>35</PatientShare>
<Net>29.4</Net>
<Encounter>
<FacilityID>MF464</FacilityID>
<Type>2</Type>
<PatientID>97064/01</PatientID>
<Start>27/09/2013 00:00</Start>
<End>27/09/2013 00:00</End>
<StartType>2</StartType>
<EndType>1</EndType>
<TransferSource/>
<TransferDestination/>
</Encounter>
<Diagnosis>
<Type>Principal</Type>
<Code>626.8</Code>
</Diagnosis>
<Activity>
<ID>5345486</ID>
<Start>27/09/2013 00:00</Start>
<Type>3</Type>
<Code>99281</Code>
<Quantity>1.0</Quantity>
<Net>29.4</Net>
<Clinician>GD15945</Clinician>
<PriorAuthorizationID/>
</Activity>
<Contract>
<PackageName>Orient - Mednet</PackageName>
</Contract>
</Claim>
<Claim>
<ID>APM-989138</ID>
<IDPayer/>
<MemberID>097110040018164101</MemberID>
<PayerID>@Orient</PayerID>
<ProviderID>MF464</ProviderID>
<EmiratesIDNumber>000-0000-0000000-0</EmiratesIDNumber>
<Gross>1469.4</Gross>
<PatientShare>167.25</PatientShare>
<Net>1302.15</Net>
<Encounter>
<FacilityID>MF464</FacilityID>
<Type>1</Type>
<PatientID>50895/03</PatientID>
<Start>28/09/2013 00:00</Start>
<End>28/09/2013 00:00</End>
<StartType>1</StartType>
<EndType>1</EndType>
<TransferSource/>
<TransferDestination/>
</Encounter>
<Diagnosis>
<Type>Principal</Type>
<Code>250.00</Code>
</Diagnosis>
<Diagnosis>
<Type>Secondary</Type>
<Code>536.8</Code>
</Diagnosis>
<Diagnosis>
<Type>Secondary</Type>
<Code>272.4</Code>
</Diagnosis>
<Diagnosis>
<Type>Secondary</Type>
<Code>401.1</Code>
</Diagnosis>
<Activity>
<ID>5345491</ID>
<Start>28/09/2013 00:00</Start>
<Type>5</Type>
<Code>1969-5203-001</Code>
<Quantity>1.0</Quantity>
<Net>352.35</Net>
<Clinician>D3344</Clinician>
<PriorAuthorizationID/>
</Activity>
<Activity>
<ID>5345492</ID>
<Start>28/09/2013 00:00</Start>
<Type>3</Type>
<Code>99212</Code>
<Quantity>1.0</Quantity>
<Net>93.8</Net>
<Clinician>D3344</Clinician>
<PriorAuthorizationID/>
</Activity>
<Activity>
<ID>5345493</ID>
<Start>28/09/2013 00:00</Start>
<Type>5</Type>
<Code>1499-1891-002</Code>
<Quantity>1.0</Quantity>
<Net>68.4</Net>
<Clinician>D3344</Clinician>
<PriorAuthorizationID/>
</Activity>
<Activity>
<ID>5345494</ID>
<Start>28/09/2013 00:00</Start>
<Type>5</Type>
<Code>1752-2821-002</Code>
<Quantity>1.0</Quantity>
<Net>36.45</Net>
<Clinician>D3344</Clinician>
<PriorAuthorizationID/>
</Activity>
<Activity>
<ID>5345495</ID>
<Start>28/09/2013 00:00</Start>
<Type>5</Type>
<Code>1635-1673-002</Code>
<Quantity>1.0</Quantity>
<Net>162.9</Net>
<Clinician>D3344</Clinician>
<PriorAuthorizationID/>
</Activity>
<Activity>
<ID>5345496</ID>
<Start>28/09/2013 00:00</Start>
<Type>5</Type>
<Code>1531-4675-001</Code>
<Quantity>1.0</Quantity>
<Net>265.5</Net>
<Clinician>D3344</Clinician>
<PriorAuthorizationID/>
</Activity>
<Activity>
<ID>5345497</ID>
<Start>28/09/2013 00:00</Start>
<Type>5</Type>
<Code>2250-1271-003</Code>
<Quantity>30.0</Quantity>
<Net>15.9</Net>
<Clinician>D3344</Clinician>
<PriorAuthorizationID/>
</Activity>
<Activity>
<ID>5345498</ID>
<Start>28/09/2013 00:00</Start>
<Type>3</Type>
<Code>82962</Code>
<Quantity>1.0</Quantity>
<Net>18.4</Net>
<Clinician>D3344</Clinician>
<PriorAuthorizationID/>
</Activity>
<Activity>
<ID>5345499</ID>
<Start>28/09/2013 00:00</Start>
<Type>5</Type>
<Code>1280-1752-001</Code>
<Quantity>1.0</Quantity>
<Net>119.25</Net>
<Clinician>D3344</Clinician>
<PriorAuthorizationID/>
</Activity>
<Activity>
<ID>5345500</ID>
<Start>28/09/2013 00:00</Start>
<Type>5</Type>
<Code>1475-3037-002</Code>
<Quantity>1.0</Quantity>
<Net>139.95</Net>
<Clinician>D3344</Clinician>
<PriorAuthorizationID/>
</Activity>
<Activity>
<ID>5345501</ID>
<Start>28/09/2013 00:00</Start>
<Type>5</Type>
<Code>1280-4166-005</Code>
<Quantity>1.0</Quantity>
<Net>29.25</Net>
<Clinician>D3344</Clinician>
<PriorAuthorizationID/>
</Activity>
<Contract>
<PackageName>Orient - Mednet</PackageName>
</Contract>
</Claim>
<Claim>
<ID>APM-989139</ID>
<IDPayer/>
<MemberID>097110040045841602</MemberID>
<PayerID>@Orient</PayerID>
<ProviderID>MF464</ProviderID>
<EmiratesIDNumber>000-0000-0000000-0</EmiratesIDNumber>
<Gross>5</Gross>
<PatientShare>0</PatientShare>
<Net>5</Net>
<Encounter>
<FacilityID>MF464</FacilityID>
<Type>1</Type>
<PatientID>72736/02</PatientID>
<Start>28/09/2013 00:00</Start>
<End>28/09/2013 00:00</End>
<StartType>1</StartType>
<EndType>1</EndType>
<TransferSource/>
<TransferDestination/>
</Encounter>
<Diagnosis>
<Type>Principal</Type>
<Code>466.0</Code>
</Diagnosis>
<Diagnosis>
<Type>Secondary</Type>
<Code>780.60</Code>
</Diagnosis>
<Activity>
<ID>5345506</ID>
<Start>28/09/2013 00:00</Start>
<Type>5</Type>
<Code>1472-1058-002</Code>
<Quantity>1.0</Quantity>
<Net>5.0</Net>
<Clinician>GD8995</Clinician>
<PriorAuthorizationID/>
</Activity>
<Contract>
<PackageName>Orient - Mednet</PackageName>
</Contract>
</Claim>
<Claim>
<ID>APM-989141</ID>
<IDPayer/>
<MemberID>097110040028657102</MemberID>
<PayerID>@Orient</PayerID>
<ProviderID>MF464</ProviderID>
<EmiratesIDNumber>000-0000-0000000-0</EmiratesIDNumber>
<Gross>188.6</Gross>
<PatientShare>0</PatientShare>
<Net>188.6</Net>
<Encounter>
<FacilityID>MF464</FacilityID>
<Type>2</Type>
<PatientID>81068/03</PatientID>
<Start>28/09/2013 00:00</Start>
<End>28/09/2013 00:00</End>
<StartType>2</StartType>
<EndType>1</EndType>
<TransferSource/>
<TransferDestination/>
</Encounter>
<Diagnosis>
<Type>Principal</Type>
<Code>936</Code>
</Diagnosis>
<Activity>
<ID>5345509</ID>
<Start>28/09/2013 00:00</Start>
<Type>3</Type>
<Code>74020</Code>
<Quantity>1.0</Quantity>
<Net>188.6</Net>
<Clinician>GD7672</Clinician>
<PriorAuthorizationID/>
</Activity>
<Contract>
<PackageName>Orient - Mednet</PackageName>
</Contract>
</Claim>
<Claim>
<ID>APM-989143</ID>
<IDPayer/>
<MemberID>097110040042601801</MemberID>
<PayerID>@Orient</PayerID>
<ProviderID>MF464</ProviderID>
<EmiratesIDNumber>000-0000-0000000-0</EmiratesIDNumber>
<Gross>1583.4</Gross>
<PatientShare>42</PatientShare>
<Net>1541.4</Net>
<Encounter>
<FacilityID>MF464</FacilityID>
<Type>1</Type>
<PatientID>96453/01</PatientID>
<Start>28/09/2013 00:00</Start>
<End>28/09/2013 00:00</End>
<StartType>1</StartType>
<EndType>1</EndType>
<TransferSource/>
<TransferDestination/>
</Encounter>
<Diagnosis>
<Type>Principal</Type>
<Code>535.50</Code>
</Diagnosis>
<Diagnosis>
<Type>Secondary</Type>
<Code>789.00</Code>
</Diagnosis>
<Diagnosis>
<Type>Secondary</Type>
<Code>575.0</Code>
</Diagnosis>
<Activity>
<ID>5345513</ID>
<Start>28/09/2013 00:00</Start>
<Type>5</Type>
<Code>1552-4037-001</Code>
<Quantity>2.0</Quantity>
<Net>46.8</Net>
<Clinician>D3154</Clinician>
<PriorAuthorizationID/>
</Activity>
<Activity>
<ID>5345514</ID>
<Start>28/09/2013 00:00</Start>
<Type>3</Type>
<Code>80076</Code>
<Quantity>1.0</Quantity>
<Net>395.6</Net>
<Clinician>D3154</Clinician>
<PriorAuthorizationID/>
</Activity>
<Activity>
<ID>5345515</ID>
<Start>28/09/2013 00:00</Start>
<Type>3</Type>
<Code>76700</Code>
<Quantity>1.0</Quantity>
<Net>667.0</Net>
<Clinician>D3154</Clinician>
<PriorAuthorizationID/>
</Activity>
<Activity>
<ID>5345516</ID>
<Start>28/09/2013 00:00</Start>
<Type>3</Type>
<Code>82977</Code>
<Quantity>1.0</Quantity>
<Net>59.8</Net>
<Clinician>D3154</Clinician>
<PriorAuthorizationID/>
</Activity>
<Activity>
<ID>5345517</ID>
<Start>28/09/2013 00:00</Start>
<Type>5</Type>
<Code>1618-2347-005</Code>
<Quantity>1.0</Quantity>
<Net>16.2</Net>
<Clinician>D3154</Clinician>
<PriorAuthorizationID/>
</Activity>
<Activity>
<ID>5345518</ID>
<Start>28/09/2013 00:00</Start>
<Type>3</Type>
<Code>86140</Code>
<Quantity>1.0</Quantity>
<Net>43.7</Net>
<Clinician>D3154</Clinician>
<PriorAuthorizationID/>
</Activity>
<Activity>
<ID>5345519</ID>
<Start>28/09/2013 00:00</Start>
<Type>3</Type>
<Code>99202</Code>
<Quantity>1.0</Quantity>
<Net>190.4</Net>
<Clinician>D3154</Clinician>
<PriorAuthorizationID/>
</Activity>
<Activity>
<ID>5345520</ID>
<Start>28/09/2013 00:00</Start>
<Type>3</Type>
<Code>85025</Code>
<Quantity>1.0</Quantity>
<Net>64.4</Net>
<Clinician>D3154</Clinician>
<PriorAuthorizationID/>
</Activity>
<Activity>
<ID>5345521</ID>
<Start>28/09/2013 00:00</Start>
<Type>3</Type>
<Code>83690</Code>
<Quantity>1.0</Quantity>
<Net>57.5</Net>
<Clinician>D3154</Clinician>
<PriorAuthorizationID/>
</Activity>
<Contract>
<PackageName>Orient - Mednet</PackageName>
</Contract>
</Claim>
<Claim>
<ID>APM-989144</ID>
<IDPayer/>
<MemberID>097110040043943502</MemberID>
<PayerID>@Orient</PayerID>
<ProviderID>MF464</ProviderID>
<EmiratesIDNumber>000-0000-0000000-0</EmiratesIDNumber>
<Gross>633.6</Gross>
<PatientShare>20.6</PatientShare>
<Net>613</Net>
<Encounter>
<FacilityID>MF464</FacilityID>
<Type>1</Type>
<PatientID>97064/01</PatientID>
<Start>28/09/2013 00:00</Start>
<End>28/09/2013 00:00</End>
<StartType>1</StartType>
<EndType>1</EndType>
<TransferSource/>
<TransferDestination/>
</Encounter>
<Diagnosis>
<Type>Principal</Type>
<Code>280.0</Code>
</Diagnosis>
<Diagnosis>
<Type>Secondary</Type>
<Code>626.4</Code>
</Diagnosis>
<Diagnosis>
<Type>Secondary</Type>
<Code>789.00</Code>
</Diagnosis>
<Diagnosis>
<Type>Secondary</Type>
<Code>621.8</Code>
</Diagnosis>
<Activity>
<ID>5345522</ID>
<Start>28/09/2013 00:00</Start>
<Type>5</Type>
<Code>1574-3581-001</Code>
<Quantity>10.0</Quantity>
<Net>7.0</Net>
<Clinician>D2618</Clinician>
<PriorAuthorizationID/>
</Activity>
<Activity>
<ID>5345523</ID>
<Start>28/09/2013 00:00</Start>
<Type>3</Type>
<Code>96365</Code>
<Quantity>1.0</Quantity>
<Net>197.8</Net>
<Clinician>D2618</Clinician>
<PriorAuthorizationID/>
</Activity>
<Activity>
<ID>5345524</ID>
<Start>28/09/2013 00:00</Start>
<Type>5</Type>
<Code>1680-2206-001</Code>
<Quantity>9.0</Quantity>
<Net>168.48</Net>
<Clinician>D2618</Clinician>
<PriorAuthorizationID/>
</Activity>
<Activity>
<ID>5345525</ID>
<Start>28/09/2013 00:00</Start>
<Type>5</Type>
<Code>1556-4476-009</Code>
<Quantity>1.0</Quantity>
<Net>9.72</Net>
<Clinician>D2618</Clinician>
<PriorAuthorizationID/>
</Activity>
<Activity>
<ID>5345526</ID>
<Start>28/09/2013 00:00</Start>
<Type>3</Type>
<Code>96372</Code>
<Quantity>5.0</Quantity>
<Net>230.0</Net>
<Clinician>D2618</Clinician>
<PriorAuthorizationID/>
</Activity>
<Contract>
<PackageName>Orient - Mednet</PackageName>
</Contract>
</Claim>
<Claim>
<ID>APM-989146</ID>
<IDPayer/>
<MemberID>097110040032358701</MemberID>
<PayerID>@Orient</PayerID>
<ProviderID>MF464</ProviderID>
<EmiratesIDNumber>000-0000-0000000-0</EmiratesIDNumber>
<Gross>459.2</Gross>
<PatientShare>54.7</PatientShare>
<Net>404.5</Net>
<Encounter>
<FacilityID>MF464</FacilityID>
<Type>2</Type>
<PatientID>48850/01</PatientID>
<Start>29/09/2013 00:00</Start>
<End>29/09/2013 00:00</End>
<StartType>2</StartType>
<EndType>1</EndType>
<TransferSource/>
<TransferDestination/>
</Encounter>
<Diagnosis>
<Type>Principal</Type>
<Code>599.0</Code>
</Diagnosis>
<Diagnosis>
<Type>Secondary</Type>
<Code>460</Code>
</Diagnosis>
<Diagnosis>
<Type>Secondary</Type>
<Code>780.60</Code>
</Diagnosis>
<Activity>
<ID>5345533</ID>
<Start>29/09/2013 00:00</Start>
<Type>5</Type>
<Code>2209-6110-002</Code>
<Quantity>1.0</Quantity>
<Net>9.45</Net>
<Clinician>GD15705</Clinician>
<PriorAuthorizationID/>
</Activity>
<Activity>
<ID>5345534</ID>
<Start>29/09/2013 00:00</Start>
<Type>5</Type>
<Code>1472-3928-002</Code>
<Quantity>1.0</Quantity>
<Net>10.8</Net>
<Clinician>GD15705</Clinician>
<PriorAuthorizationID/>
</Activity>
<Activity>
<ID>5345535</ID>
<Start>29/09/2013 00:00</Start>
<Type>3</Type>
<Code>86140</Code>
<Quantity>1.0</Quantity>
<Net>43.7</Net>
<Clinician>GD15705</Clinician>
<PriorAuthorizationID/>
</Activity>
<Activity>
<ID>5345536</ID>
<Start>29/09/2013 00:00</Start>
<Type>5</Type>
<Code>1552-3448-004</Code>
<Quantity>1.0</Quantity>
<Net>24.3</Net>
<Clinician>GD15705</Clinician>
<PriorAuthorizationID/>
</Activity>
<Activity>
<ID>5345537</ID>
<Start>29/09/2013 00:00</Start>
<Type>3</Type>
<Code>85025</Code>
<Quantity>1.0</Quantity>
<Net>64.4</Net>
<Clinician>GD15705</Clinician>
<PriorAuthorizationID/>
</Activity>
<Activity>
<ID>5345538</ID>
<Start>29/09/2013 00:00</Start>
<Type>5</Type>
<Code>1671-1293-003</Code>
<Quantity>1.0</Quantity>
<Net>110.25</Net>
<Clinician>GD15705</Clinician>
<PriorAuthorizationID/>
</Activity>
<Activity>
<ID>5345539</ID>
<Start>29/09/2013 00:00</Start>
<Type>5</Type>
<Code>1552-3971-001</Code>
<Quantity>1.0</Quantity>
<Net>22.5</Net>
<Clinician>GD15705</Clinician>
<PriorAuthorizationID/>
</Activity>
<Activity>
<ID>5345540</ID>
<Start>29/09/2013 00:00</Start>
<Type>3</Type>
<Code>81000</Code>
<Quantity>1.0</Quantity>
<Net>25.3</Net>
<Clinician>GD15705</Clinician>
<PriorAuthorizationID/>
</Activity>
<Activity>
<ID>5345541</ID>
<Start>29/09/2013 00:00</Start>
<Type>3</Type>
<Code>99282</Code>
<Quantity>1.0</Quantity>
<Net>93.8</Net>
<Clinician>GD15705</Clinician>
<PriorAuthorizationID/>
</Activity>
<Contract>
<PackageName>Orient - Mednet</PackageName>
</Contract>
</Claim>
<Claim>
<ID>APM-989149</ID>
<IDPayer/>
<MemberID>097110040030915902</MemberID>
<PayerID>@Orient</PayerID>
<ProviderID>MF464</ProviderID>
<EmiratesIDNumber>000-0000-0000000-0</EmiratesIDNumber>
<Gross>64.4</Gross>
<PatientShare>50</PatientShare>
<Net>14.4</Net>
<Encounter>
<FacilityID>MF464</FacilityID>
<Type>2</Type>
<PatientID>65110/01</PatientID>
<Start>29/09/2013 00:00</Start>
<End>29/09/2013 00:00</End>
<StartType>2</StartType>
<EndType>1</EndType>
<TransferSource/>
<TransferDestination/>
</Encounter>
<Diagnosis>
<Type>Principal</Type>
<Code>282.60</Code>
</Diagnosis>
<Activity>
<ID>5345546</ID>
<Start>29/09/2013 00:00</Start>
<Type>3</Type>
<Code>99281</Code>
<Quantity>1.0</Quantity>
<Net>14.4</Net>
<Clinician>GD15705</Clinician>
<PriorAuthorizationID/>
</Activity>
<Contract>
<PackageName>Orient - Mednet</PackageName>
</Contract>
</Claim>
<Claim>
<ID>APM-989152</ID>
<IDPayer/>
<MemberID>097110330037774502</MemberID>
<PayerID>A020</PayerID>
<ProviderID>MF464</ProviderID>
<EmiratesIDNumber>000-0000-0000000-0</EmiratesIDNumber>
<Gross>924.6</Gross>
<PatientShare>50</PatientShare>
<Net>874.6</Net>
<Encounter>
<FacilityID>MF464</FacilityID>
<Type>1</Type>
<PatientID>69026/01</PatientID>
<Start>29/09/2013 00:00</Start>
<End>29/09/2013 00:00</End>
<StartType>1</StartType>
<EndType>1</EndType>
<TransferSource/>
<TransferDestination/>
</Encounter>
<Diagnosis>
<Type>Principal</Type>
<Code>V22.1</Code>
</Diagnosis>
<Activity>
<ID>5345547</ID>
<Start>29/09/2013 00:00</Start>
<Type>3</Type>
<Code>76805</Code>
<Quantity>1.0</Quantity>
<Net>706.1</Net>
<Clinician>GD6605</Clinician>
<PriorAuthorizationID/>
</Activity>
<Activity>
<ID>5345548</ID>
<Start>29/09/2013 00:00</Start>
<Type>3</Type>
<Code>99213</Code>
<Quantity>1.0</Quantity>
<Net>168.5</Net>
<Clinician>GD6605</Clinician>
<PriorAuthorizationID/>
</Activity>
<Contract>
<PackageName>Salama-Mednet </PackageName>
</Contract>
</Claim>
<Claim>
<ID>APM-989169</ID>
<IDPayer/>
<MemberID>097110040019518001</MemberID>
<PayerID>A012</PayerID>
<ProviderID>MF464</ProviderID>
<EmiratesIDNumber>000-0000-0000000-0</EmiratesIDNumber>
<Gross>361</Gross>
<PatientShare>5.05</PatientShare>
<Net>355.95</Net>
<Encounter>
<FacilityID>MF464</FacilityID>
<Type>1</Type>
<PatientID>70868/01</PatientID>
<Start>29/09/2013 00:00</Start>
<End>29/09/2013 00:00</End>
<StartType>1</StartType>
<EndType>1</EndType>
<TransferSource/>
<TransferDestination/>
</Encounter>
<Diagnosis>
<Type>Principal</Type>
<Code>455.0</Code>
</Diagnosis>
<Diagnosis>
<Type>Secondary</Type>
<Code>565.0</Code>
</Diagnosis>
<Diagnosis>
<Type>Secondary</Type>
<Code>455.4</Code>
</Diagnosis>
<Activity>
<ID>5345552</ID>
<Start>29/09/2013 00:00</Start>
<Type>5</Type>
<Code>1489-2990-006</Code>
<Quantity>1.0</Quantity>
<Net>33.3</Net>
<Clinician>D3154</Clinician>
<PriorAuthorizationID/>
</Activity>
<Activity>
<ID>5345553</ID>
<Start>29/09/2013 00:00</Start>
<Type>5</Type>
<Code>1279-4500-008</Code>
<Quantity>1.0</Quantity>
<Net>12.15</Net>
<Clinician>D3154</Clinician>
<PriorAuthorizationID/>
</Activity>
<Activity>
<ID>5345554</ID>
<Start>29/09/2013 00:00</Start>
<Type>3</Type>
<Code>97597</Code>
<Quantity>1.0</Quantity>
<Net>310.5</Net>
<Clinician>D3154</Clinician>
<PriorAuthorizationID/>
</Activity>
<Contract>
<PackageName>Arab Orient - MedNet</PackageName>
</Contract>
</Claim>
<Claim>
<ID>APM-989177</ID>
<IDPayer/>
<MemberID>097110030038138402</MemberID>
<PayerID>A009</PayerID>
<ProviderID>MF464</ProviderID>
<EmiratesIDNumber>000-0000-0000000-0</EmiratesIDNumber>
<Gross>885.5</Gross>
<PatientShare>50</PatientShare>
<Net>835.5</Net>
<Encounter>
<FacilityID>MF464</FacilityID>
<Type>1</Type>
<PatientID>89014/01</PatientID>
<Start>29/09/2013 00:00</Start>
<End>29/09/2013 00:00</End>
<StartType>1</StartType>
<EndType>1</EndType>
<TransferSource/>
<TransferDestination/>
</Encounter>
<Diagnosis>
<Type>Principal</Type>
<Code>575.9</Code>
</Diagnosis>
<Diagnosis>
<Type>Secondary</Type>
<Code>564.1</Code>
</Diagnosis>
<Activity>
<ID>5345555</ID>
<Start>29/09/2013 00:00</Start>
<Type>3</Type>
<Code>76700</Code>
<Quantity>1.0</Quantity>
<Net>667.0</Net>
<Clinician>D3344</Clinician>
<PriorAuthorizationID/>
</Activity>
<Activity>
<ID>5345556</ID>
<Start>29/09/2013 00:00</Start>
<Type>3</Type>
<Code>99213</Code>
<Quantity>1.0</Quantity>
<Net>168.5</Net>
<Clinician>D3344</Clinician>
<PriorAuthorizationID/>
</Activity>
<Contract>
<PackageName>RAK - MedNet</PackageName>
</Contract>
</Claim>
<Claim>
<ID>APM-989182</ID>
<IDPayer/>
<MemberID>097110040041961002</MemberID>
<PayerID>@Orient</PayerID>
<ProviderID>MF464</ProviderID>
<EmiratesIDNumber>000-0000-0000000-0</EmiratesIDNumber>
<Gross>1738.4</Gross>
<PatientShare>48.3</PatientShare>
<Net>1690.1</Net>
<Encounter>
<FacilityID>MF464</FacilityID>
<Type>1</Type>
<PatientID>93555/01</PatientID>
<Start>29/09/2013 00:00</Start>
<End>29/09/2013 00:00</End>
<StartType>1</StartType>
<EndType>1</EndType>
<TransferSource/>
<TransferDestination/>
</Encounter>
<Diagnosis>
<Type>Principal</Type>
<Code>646.63</Code>
</Diagnosis>
<Diagnosis>
<Type>Secondary</Type>
<Code>595.0</Code>
</Diagnosis>
<Diagnosis>
<Type>Secondary</Type>
<Code>616.10</Code>
</Diagnosis>
<Activity>
<ID>5345560</ID>
<Start>29/09/2013 00:00</Start>
<Type>3</Type>
<Code>59020</Code>
<Quantity>1.0</Quantity>
<Net>575.0</Net>
<Clinician>GD6605</Clinician>
<PriorAuthorizationID/>
</Activity>
<Activity>
<ID>5345561</ID>
<Start>29/09/2013 00:00</Start>
<Type>3</Type>
<Code>76805</Code>
<Quantity>1.0</Quantity>
<Net>706.1</Net>
<Clinician>GD6605</Clinician>
<PriorAuthorizationID/>
</Activity>
<Activity>
<ID>5345562</ID>
<Start>29/09/2013 00:00</Start>
<Type>5</Type>
<Code>1256-2856-001</Code>
<Quantity>1.0</Quantity>
<Net>30.6</Net>
<Clinician>GD6605</Clinician>
<PriorAuthorizationID/>
</Activity>
<Activity>
<ID>5345563</ID>
<Start>29/09/2013 00:00</Start>
<Type>3</Type>
<Code>99213</Code>
<Quantity>1.0</Quantity>
<Net>183.5</Net>
<Clinician>GD6605</Clinician>
<PriorAuthorizationID/>
</Activity>
<Activity>
<ID>5345564</ID>
<Start>29/09/2013 00:00</Start>
<Type>3</Type>
<Code>87070</Code>
<Quantity>1.0</Quantity>
<Net>71.3</Net>
<Clinician>GD6605</Clinician>
<PriorAuthorizationID/>
</Activity>
<Activity>
<ID>5345565</ID>
<Start>29/09/2013 00:00</Start>
<Type>5</Type>
<Code>1250-4098-004</Code>
<Quantity>1.0</Quantity>
<Net>89.1</Net>
<Clinician>GD6605</Clinician>
<PriorAuthorizationID/>
</Activity>
<Activity>
<ID>5345566</ID>
<Start>29/09/2013 00:00</Start>
<Type>3</Type>
<Code>87210</Code>
<Quantity>1.0</Quantity>
<Net>34.5</Net>
<Clinician>GD6605</Clinician>
<PriorAuthorizationID/>
</Activity>
<Contract>
<PackageName>Orient - Mednet</PackageName>
</Contract>
</Claim>
<Claim>
<ID>APM-989188</ID>
<IDPayer/>
<MemberID>097110030038715102</MemberID>
<PayerID>A009</PayerID>
<ProviderID>MF464</ProviderID>
<EmiratesIDNumber>000-0000-0000000-0</EmiratesIDNumber>
<Gross>1381.4</Gross>
<PatientShare>120.2</PatientShare>
<Net>1261.2</Net>
<Encounter>
<FacilityID>MF464</FacilityID>
<Type>1</Type>
<PatientID>93558/01</PatientID>
<Start>29/09/2013 00:00</Start>
<End>29/09/2013 00:00</End>
<StartType>1</StartType>
<EndType>1</EndType>
<TransferSource/>
<TransferDestination/>
</Encounter>
<Diagnosis>
<Type>Principal</Type>
<Code>646.63</Code>
</Diagnosis>
<Diagnosis>
<Type>Secondary</Type>
<Code>616.10</Code>
</Diagnosis>
<Activity>
<ID>5345569</ID>
<Start>29/09/2013 00:00</Start>
<Type>5</Type>
<Code>1732-2204-002</Code>
<Quantity>1.0</Quantity>
<Net>27.2</Net>
<Clinician>D2618</Clinician>
<PriorAuthorizationID/>
</Activity>
<Activity>
<ID>5345570</ID>
<Start>29/09/2013 00:00</Start>
<Type>3</Type>
<Code>76805</Code>
<Quantity>1.0</Quantity>
<Net>706.1</Net>
<Clinician>D2618</Clinician>
<PriorAuthorizationID/>
</Activity>
<Activity>
<ID>5345571</ID>
<Start>29/09/2013 00:00</Start>
<Type>5</Type>
<Code>1256-2856-001</Code>
<Quantity>2.0</Quantity>
<Net>54.4</Net>
<Clinician>D2618</Clinician>
<PriorAuthorizationID/>
</Activity>
<Activity>
<ID>5345572</ID>
<Start>29/09/2013 00:00</Start>
<Type>3</Type>
<Code>99213</Code>
<Quantity>1.0</Quantity>
<Net>168.5</Net>
<Clinician>D2618</Clinician>
<PriorAuthorizationID/>
</Activity>
<Activity>
<ID>5345573</ID>
<Start>29/09/2013 00:00</Start>
<Type>5</Type>
<Code>1802-5316-001</Code>
<Quantity>1.0</Quantity>
<Net>32.0</Net>
<Clinician>D2618</Clinician>
<PriorAuthorizationID/>
</Activity>
<Activity>
<ID>5345574</ID>
<Start>29/09/2013 00:00</Start>
<Type>3</Type>
<Code>87070</Code>
<Quantity>1.0</Quantity>
<Net>71.3</Net>
<Clinician>D2618</Clinician>
<PriorAuthorizationID/>
</Activity>
<Activity>
<ID>5345575</ID>
<Start>29/09/2013 00:00</Start>
<Type>3</Type>
<Code>87210</Code>
<Quantity>1.0</Quantity>
<Net>34.5</Net>
<Clinician>D2618</Clinician>
<PriorAuthorizationID/>
</Activity>
<Activity>
<ID>5345576</ID>
<Start>29/09/2013 00:00</Start>
<Type>5</Type>
<Code>2034-5391-001</Code>
<Quantity>1.0</Quantity>
<Net>105.6</Net>
<Clinician>D2618</Clinician>
<PriorAuthorizationID/>
</Activity>
<Activity>
<ID>5345577</ID>
<Start>29/09/2013 00:00</Start>
<Type>5</Type>
<Code>1597-1804-001</Code>
<Quantity>1.0</Quantity>
<Net>61.6</Net>
<Clinician>D2618</Clinician>
<PriorAuthorizationID/>
</Activity>
<Contract>
<PackageName>RAK - MedNet</PackageName>
</Contract>
</Claim>
<Claim>
<ID>APM-989190</ID>
<IDPayer/>
<MemberID>097110330041677902</MemberID>
<PayerID>A020</PayerID>
<ProviderID>MF464</ProviderID>
<EmiratesIDNumber>000-0000-0000000-0</EmiratesIDNumber>
<Gross>986.7</Gross>
<PatientShare>50</PatientShare>
<Net>936.7</Net>
<Encounter>
<FacilityID>MF464</FacilityID>
<Type>1</Type>
<PatientID>49002/01</PatientID>
<Start>30/09/2013 00:00</Start>
<End>30/09/2013 00:00</End>
<StartType>1</StartType>
<EndType>1</EndType>
<TransferSource/>
<TransferDestination/>
</Encounter>
<Diagnosis>
<Type>Principal</Type>
<Code>719.46</Code>
</Diagnosis>
<Diagnosis>
<Type>Secondary</Type>
<Code>573.9</Code>
</Diagnosis>
<Diagnosis>
<Type>Secondary</Type>
<Code>780.4</Code>
</Diagnosis>
<Diagnosis>
<Type>Secondary</Type>
<Code>789.1</Code>
</Diagnosis>
<Diagnosis>
<Type>Secondary</Type>
<Code>V85.41</Code>
</Diagnosis>
<Diagnosis>
<Type>Secondary</Type>
<Code>268.9</Code>
</Diagnosis>
<Diagnosis>
<Type>Secondary</Type>
<Code>401.1</Code>
</Diagnosis>
<Diagnosis>
<Type>Secondary</Type>
<Code>V18.0</Code>
</Diagnosis>
<Diagnosis>
<Type>Secondary</Type>
<Code>278.00</Code>
</Diagnosis>
<Diagnosis>
<Type>Secondary</Type>
<Code>785.1</Code>
</Diagnosis>
<Activity>
<ID>5345584</ID>
<Start>30/09/2013 00:00</Start>
<Type>3</Type>
<Code>83036</Code>
<Quantity>1.0</Quantity>
<Net>80.5</Net>
<Clinician>GD11341</Clinician>
<PriorAuthorizationID/>
<Observation>
<Type>LOINC</Type>
<Code>4548-4</Code>
<Value>6.2</Value>
<ValueType>%</ValueType>
</Observation>
</Activity>
<Activity>
<ID>5345585</ID>
<Start>30/09/2013 00:00</Start>
<Type>3</Type>
<Code>82947</Code>
<Quantity>1.0</Quantity>
<Net>32.2</Net>
<Clinician>GD11341</Clinician>
<PriorAuthorizationID/>
<Observation>
<Type>LOINC</Type>
<Code>14996-3</Code>
<Value>7.3</Value>
<ValueType>mmol/l</ValueType>
</Observation>
</Activity>
<Activity>
<ID>5345586</ID>
<Start>30/09/2013 00:00</Start>
<Type>3</Type>
<Code>99202</Code>
<Quantity>1.0</Quantity>
<Net>175.4</Net>
<Clinician>GD11341</Clinician>
<PriorAuthorizationID/>
</Activity>
<Activity>
<ID>5345587</ID>
<Start>30/09/2013 00:00</Start>
<Type>3</Type>
<Code>84520</Code>
<Quantity>1.0</Quantity>
<Net>32.2</Net>
<Clinician>GD11341</Clinician>
<PriorAuthorizationID/>
</Activity>
<Activity>
<ID>5345588</ID>
<Start>30/09/2013 00:00</Start>
<Type>3</Type>
<Code>82306</Code>
<Quantity>1.0</Quantity>
<Net>243.8</Net>
<Clinician>GD11341</Clinician>
<PriorAuthorizationID/>
</Activity>
<Activity>
<ID>5345589</ID>
<Start>30/09/2013 00:00</Start>
<Type>3</Type>
<Code>82565</Code>
<Quantity>1.0</Quantity>
<Net>41.4</Net>
<Clinician>GD11341</Clinician>
<PriorAuthorizationID/>
</Activity>
<Activity>
<ID>5345590</ID>
<Start>30/09/2013 00:00</Start>
<Type>3</Type>
<Code>82310</Code>
<Quantity>1.0</Quantity>
<Net>41.4</Net>
<Clinician>GD11341</Clinician>
<PriorAuthorizationID/>
</Activity>
<Activity>
<ID>5345591</ID>
<Start>30/09/2013 00:00</Start>
<Type>3</Type>
<Code>85025</Code>
<Quantity>1.0</Quantity>
<Net>64.4</Net>
<Clinician>GD11341</Clinician>
<PriorAuthorizationID/>
</Activity>
<Activity>
<ID>5345592</ID>
<Start>30/09/2013 00:00</Start>
<Type>3</Type>
<Code>84100</Code>
<Quantity>1.0</Quantity>
<Net>39.1</Net>
<Clinician>GD11341</Clinician>
<PriorAuthorizationID/>
</Activity>
<Activity>
<ID>5345593</ID>
<Start>30/09/2013 00:00</Start>
<Type>3</Type>
<Code>93000</Code>
<Quantity>1.0</Quantity>
<Net>149.5</Net>
<Clinician>GD11341</Clinician>
<PriorAuthorizationID/>
</Activity>
<Activity>
<ID>5345594</ID>
<Start>30/09/2013 00:00</Start>
<Type>3</Type>
<Code>84550</Code>
<Quantity>1.0</Quantity>
<Net>36.8</Net>
<Clinician>GD11341</Clinician>
<PriorAuthorizationID/>
</Activity>
<Contract>
<PackageName>Salama-Mednet </PackageName>
</Contract>
</Claim>
<Claim>
<ID>APM-989194</ID>
<IDPayer/>
<MemberID>097110040039145701</MemberID>
<PayerID>@Orient</PayerID>
<ProviderID>MF464</ProviderID>
<EmiratesIDNumber>000-0000-0000000-0</EmiratesIDNumber>
<Gross>1041.9</Gross>
<PatientShare>35</PatientShare>
<Net>1006.9</Net>
<Encounter>
<FacilityID>MF464</FacilityID>
<Type>1</Type>
<PatientID>83214/01</PatientID>
<Start>30/09/2013 00:00</Start>
<End>30/09/2013 00:00</End>
<StartType>1</StartType>
<EndType>1</EndType>
<TransferSource/>
<TransferDestination/>
</Encounter>
<Diagnosis>
<Type>Principal</Type>
<Code>601.1</Code>
</Diagnosis>
<Diagnosis>
<Type>Secondary</Type>
<Code>599.70</Code>
</Diagnosis>
<Activity>
<ID>5345599</ID>
<Start>30/09/2013 00:00</Start>
<Type>3</Type>
<Code>51798</Code>
<Quantity>1.0</Quantity>
<Net>142.6</Net>
<Clinician>D3713</Clinician>
<PriorAuthorizationID/>
</Activity>
<Activity>
<ID>5345600</ID>
<Start>30/09/2013 00:00</Start>
<Type>3</Type>
<Code>99202</Code>
<Quantity>1.0</Quantity>
<Net>190.4</Net>
<Clinician>D3713</Clinician>
<PriorAuthorizationID/>
</Activity>
<Activity>
<ID>5345601</ID>
<Start>30/09/2013 00:00</Start>
<Type>3</Type>
<Code>84520</Code>
<Quantity>1.0</Quantity>
<Net>32.2</Net>
<Clinician>D3713</Clinician>
<PriorAuthorizationID/>
</Activity>
<Activity>
<ID>5345602</ID>
<Start>30/09/2013 00:00</Start>
<Type>3</Type>
<Code>82565</Code>
<Quantity>1.0</Quantity>
<Net>41.4</Net>
<Clinician>D3713</Clinician>
<PriorAuthorizationID/>
</Activity>
<Activity>
<ID>5345603</ID>
<Start>30/09/2013 00:00</Start>
<Type>3</Type>
<Code>51741</Code>
<Quantity>1.0</Quantity>
<Net>404.8</Net>
<Clinician>D3713</Clinician>
<PriorAuthorizationID/>
</Activity>
<Activity>
<ID>5345604</ID>
<Start>30/09/2013 00:00</Start>
<Type>3</Type>
<Code>85025</Code>
<Quantity>1.0</Quantity>
<Net>64.4</Net>
<Clinician>D3713</Clinician>
<PriorAuthorizationID/>
</Activity>
<Activity>
<ID>5345605</ID>
<Start>30/09/2013 00:00</Start>
<Type>3</Type>
<Code>82950</Code>
<Quantity>1.0</Quantity>
<Net>39.1</Net>
<Clinician>D3713</Clinician>
<PriorAuthorizationID/>
</Activity>
<Activity>
<ID>5345606</ID>
<Start>30/09/2013 00:00</Start>
<Type>3</Type>
<Code>87086</Code>
<Quantity>1.0</Quantity>
<Net>66.7</Net>
<Clinician>D3713</Clinician>
<PriorAuthorizationID/>
</Activity>
<Activity>
<ID>5345607</ID>
<Start>30/09/2013 00:00</Start>
<Type>3</Type>
<Code>81000</Code>
<Quantity>1.0</Quantity>
<Net>25.3</Net>
<Clinician>D3713</Clinician>
<PriorAuthorizationID/>
</Activity>
<Contract>
<PackageName>Orient - Mednet</PackageName>
</Contract>
</Claim>
<Claim>
<ID>APM-989197</ID>
<IDPayer/>
<MemberID>097110040046711702</MemberID>
<PayerID>@Orient</PayerID>
<ProviderID>MF464</ProviderID>
<EmiratesIDNumber>000-0000-0000000-0</EmiratesIDNumber>
<Gross>823.4</Gross>
<PatientShare>35</PatientShare>
<Net>788.4</Net>
<Encounter>
<FacilityID>MF464</FacilityID>
<Type>1</Type>
<PatientID>84462/02</PatientID>
<Start>30/09/2013 00:00</Start>
<End>30/09/2013 00:00</End>
<StartType>1</StartType>
<EndType>1</EndType>
<TransferSource/>
<TransferDestination/>
</Encounter>
<Diagnosis>
<Type>Principal</Type>
<Code>626.0</Code>
</Diagnosis>
<Diagnosis>
<Type>Secondary</Type>
<Code>616.0</Code>
</Diagnosis>
<Diagnosis>
<Type>Secondary</Type>
<Code>654.20</Code>
</Diagnosis>
<Diagnosis>
<Type>Secondary</Type>
<Code>616.10</Code>
</Diagnosis>
<Diagnosis>
<Type>Secondary</Type>
<Code>784.0</Code>
</Diagnosis>
<Activity>
<ID>5345608</ID>
<Start>30/09/2013 00:00</Start>
<Type>3</Type>
<Code>76830</Code>
<Quantity>1.0</Quantity>
<Net>598.0</Net>
<Clinician>D2618</Clinician>
<PriorAuthorizationID/>
</Activity>
<Activity>
<ID>5345609</ID>
<Start>30/09/2013 00:00</Start>
<Type>3</Type>
<Code>99202</Code>
<Quantity>1.0</Quantity>
<Net>190.4</Net>
<Clinician>D2618</Clinician>
<PriorAuthorizationID/>
</Activity>
<Contract>
<PackageName>Orient - Mednet</PackageName>
</Contract>
</Claim>
<Claim>
<ID>APM-989198</ID>
<IDPayer/>
<MemberID>097110040046711702</MemberID>
<PayerID>@Orient</PayerID>
<ProviderID>MF464</ProviderID>
<EmiratesIDNumber>000-0000-0000000-0</EmiratesIDNumber>
<Gross>217.4</Gross>
<PatientShare>43.65</PatientShare>
<Net>173.75</Net>
<Encounter>
<FacilityID>MF464</FacilityID>
<Type>1</Type>
<PatientID>84462/02</PatientID>
<Start>30/09/2013 00:00</Start>
<End>30/09/2013 00:00</End>
<StartType>1</StartType>
<EndType>1</EndType>
<TransferSource/>
<TransferDestination/>
</Encounter>
<Diagnosis>
<Type>Principal</Type>
<Code>401.1</Code>
</Diagnosis>
<Diagnosis>
<Type>Secondary</Type>
<Code>780.79</Code>
</Diagnosis>
<Diagnosis>
<Type>Secondary</Type>
<Code>784.0</Code>
</Diagnosis>
<Diagnosis>
<Type>Secondary</Type>
<Code>616.10</Code>
</Diagnosis>
<Diagnosis>
<Type>Secondary</Type>
<Code>626.0</Code>
</Diagnosis>
<Diagnosis>
<Type>Secondary</Type>
<Code>616.0</Code>
</Diagnosis>
<Activity>
<ID>5345610</ID>
<Start>30/09/2013 00:00</Start>
<Type>3</Type>
<Code>99201</Code>
<Quantity>1.0</Quantity>
<Net>96.1</Net>
<Clinician>D3344</Clinician>
<PriorAuthorizationID/>
</Activity>
<Activity>
<ID>5345611</ID>
<Start>30/09/2013 00:00</Start>
<Type>5</Type>
<Code>1472-1058-015</Code>
<Quantity>1.0</Quantity>
<Net>6.75</Net>
<Clinician>D3344</Clinician>
<PriorAuthorizationID/>
</Activity>
<Activity>
<ID>5345612</ID>
<Start>30/09/2013 00:00</Start>
<Type>5</Type>
<Code>2416-2003-002</Code>
<Quantity>10.0</Quantity>
<Net>32.2</Net>
<Clinician>D3344</Clinician>
<PriorAuthorizationID/>
</Activity>
<Activity>
<ID>5345613</ID>
<Start>30/09/2013 00:00</Start>
<Type>5</Type>
<Code>1747-1499-006</Code>
<Quantity>2.0</Quantity>
<Net>38.7</Net>
<Clinician>D3344</Clinician>
<PriorAuthorizationID/>
</Activity>
<Contract>
<PackageName>Orient - Mednet</PackageName>
</Contract>
</Claim>
<Claim>
<ID>APM-989203</ID>
<IDPayer/>
<MemberID>097110040038897701</MemberID>
<PayerID>@Orient</PayerID>
<ProviderID>MF464</ProviderID>
<EmiratesIDNumber>000-0000-0000000-0</EmiratesIDNumber>
<Gross>1863</Gross>
<PatientShare>35</PatientShare>
<Net>1828</Net>
<Encounter>
<FacilityID>MF464</FacilityID>
<Type>1</Type>
<PatientID>97544/01</PatientID>
<Start>30/09/2013 00:00</Start>
<End>30/09/2013 00:00</End>
<StartType>1</StartType>
<EndType>1</EndType>
<TransferSource/>
<TransferDestination/>
</Encounter>
<Diagnosis>
<Type>Principal</Type>
<Code>601.1</Code>
</Diagnosis>
<Diagnosis>
<Type>Secondary</Type>
<Code>788.21</Code>
</Diagnosis>
<Diagnosis>
<Type>Secondary</Type>
<Code>788.43</Code>
</Diagnosis>
<Diagnosis>
<Type>Secondary</Type>
<Code>787.3</Code>
</Diagnosis>
<Diagnosis>
<Type>Secondary</Type>
<Code>788.1</Code>
</Diagnosis>
<Diagnosis>
<Type>Secondary</Type>
<Code>564.00</Code>
</Diagnosis>
<Activity>
<ID>5345630</ID>
<Start>30/09/2013 00:00</Start>
<Type>3</Type>
<Code>76857</Code>
<Quantity>1.0</Quantity>
<Net>455.4</Net>
<Clinician>D3713</Clinician>
<PriorAuthorizationID/>
</Activity>
<Activity>
<ID>5345631</ID>
<Start>30/09/2013 00:00</Start>
<Type>3</Type>
<Code>99202</Code>
<Quantity>1.0</Quantity>
<Net>190.4</Net>
<Clinician>D3713</Clinician>
<PriorAuthorizationID/>
</Activity>
<Activity>
<ID>5345632</ID>
<Start>30/09/2013 00:00</Start>
<Type>3</Type>
<Code>84520</Code>
<Quantity>1.0</Quantity>
<Net>32.2</Net>
<Clinician>D3713</Clinician>
<PriorAuthorizationID/>
</Activity>
<Activity>
<ID>5345633</ID>
<Start>30/09/2013 00:00</Start>
<Type>3</Type>
<Code>82565</Code>
<Quantity>1.0</Quantity>
<Net>41.4</Net>
<Clinician>D3713</Clinician>
<PriorAuthorizationID/>
</Activity>
<Activity>
<ID>5345634</ID>
<Start>30/09/2013 00:00</Start>
<Type>3</Type>
<Code>76775</Code>
<Quantity>1.0</Quantity>
<Net>508.3</Net>
<Clinician>D3713</Clinician>
<PriorAuthorizationID/>
</Activity>
<Activity>
<ID>5345635</ID>
<Start>30/09/2013 00:00</Start>
<Type>3</Type>
<Code>51741</Code>
<Quantity>1.0</Quantity>
<Net>404.8</Net>
<Clinician>D3713</Clinician>
<PriorAuthorizationID/>
</Activity>
<Activity>
<ID>5345636</ID>
<Start>30/09/2013 00:00</Start>
<Type>3</Type>
<Code>85025</Code>
<Quantity>1.0</Quantity>
<Net>64.4</Net>
<Clinician>D3713</Clinician>
<PriorAuthorizationID/>
</Activity>
<Activity>
<ID>5345637</ID>
<Start>30/09/2013 00:00</Start>
<Type>3</Type>
<Code>82950</Code>
<Quantity>1.0</Quantity>
<Net>39.1</Net>
<Clinician>D3713</Clinician>
<PriorAuthorizationID/>
</Activity>
<Activity>
<ID>5345638</ID>
<Start>30/09/2013 00:00</Start>
<Type>3</Type>
<Code>87086</Code>
<Quantity>1.0</Quantity>
<Net>66.7</Net>
<Clinician>D3713</Clinician>
<PriorAuthorizationID/>
</Activity>
<Activity>
<ID>5345639</ID>
<Start>30/09/2013 00:00</Start>
<Type>3</Type>
<Code>81000</Code>
<Quantity>1.0</Quantity>
<Net>25.3</Net>
<Clinician>D3713</Clinician>
<PriorAuthorizationID/>
</Activity>
<Contract>
<PackageName>Orient - Mednet</PackageName>
</Contract>
</Claim>
<Claim>
<ID>APM-990163</ID>
<IDPayer/>
<MemberID>097110040029912101</MemberID>
<PayerID>A012</PayerID>
<ProviderID>MF464</ProviderID>
<EmiratesIDNumber>000-0000-0000000-0</EmiratesIDNumber>
<Gross>891.7</Gross>
<PatientShare>46.89</PatientShare>
<Net>844.81</Net>
<Encounter>
<FacilityID>MF464</FacilityID>
<Type>1</Type>
<PatientID>87180/01</PatientID>
<Start>23/09/2013 00:00</Start>
<End>23/09/2013 00:00</End>
<StartType>1</StartType>
<EndType>1</EndType>
<TransferSource/>
<TransferDestination/>
</Encounter>
<Diagnosis>
<Type>Principal</Type>
<Code>788.1</Code>
</Diagnosis>
<Diagnosis>
<Type>Secondary</Type>
<Code>788.43</Code>
</Diagnosis>
<Diagnosis>
<Type>Secondary</Type>
<Code>724.2</Code>
</Diagnosis>
<Activity>
<ID>5350847</ID>
<Start>23/09/2013 00:00</Start>
<Type>3</Type>
<Code>51798</Code>
<Quantity>1.0</Quantity>
<Net>142.6</Net>
<Clinician>D3713</Clinician>
<PriorAuthorizationID/>
</Activity>
<Activity>
<ID>5350848</ID>
<Start>23/09/2013 00:00</Start>
<Type>5</Type>
<Code>1380-5477-002</Code>
<Quantity>20.0</Quantity>
<Net>16.56</Net>
<Clinician>D3713</Clinician>
<PriorAuthorizationID/>
</Activity>
<Activity>
<ID>5350849</ID>
<Start>23/09/2013 00:00</Start>
<Type>5</Type>
<Code>1129-2012-002</Code>
<Quantity>1.0</Quantity>
<Net>47.25</Net>
<Clinician>D3713</Clinician>
<PriorAuthorizationID/>
</Activity>
<Activity>
<ID>5350850</ID>
<Start>23/09/2013 00:00</Start>
<Type>3</Type>
<Code>99202</Code>
<Quantity>1.0</Quantity>
<Net>190.4</Net>
<Clinician>D3713</Clinician>
<PriorAuthorizationID/>
</Activity>
<Activity>
<ID>5350851</ID>
<Start>23/09/2013 00:00</Start>
<Type>5</Type>
<Code>1562-4494-002</Code>
<Quantity>2.0</Quantity>
<Net>43.2</Net>
<Clinician>D3713</Clinician>
<PriorAuthorizationID/>
</Activity>
<Activity>
<ID>5350852</ID>
<Start>23/09/2013 00:00</Start>
<Type>3</Type>
<Code>51741</Code>
<Quantity>1.0</Quantity>
<Net>404.8</Net>
<Clinician>D3713</Clinician>
<PriorAuthorizationID/>
</Activity>
<Contract>
<PackageName>Arab Orient - MedNet</PackageName>
</Contract>
</Claim>
<Claim>
<ID>APM-990165</ID>
<IDPayer/>
<MemberID>097110030038110101</MemberID>
<PayerID>A009</PayerID>
<ProviderID>MF464</ProviderID>
<EmiratesIDNumber>000-0000-0000000-0</EmiratesIDNumber>
<Gross>1207.5</Gross>
<PatientShare>50</PatientShare>
<Net>1157.5</Net>
<Encounter>
<FacilityID>MF464</FacilityID>
<Type>1</Type>
<PatientID>87099/01</PatientID>
<Start>30/09/2013 00:00</Start>
<End>30/09/2013 00:00</End>
<StartType>1</StartType>
<EndType>1</EndType>
<TransferSource/>
<TransferDestination/>
</Encounter>
<Diagnosis>
<Type>Principal</Type>
<Code>592.0</Code>
</Diagnosis>
<Diagnosis>
<Type>Secondary</Type>
<Code>601.1</Code>
</Diagnosis>
<Diagnosis>
<Type>Secondary</Type>
<Code>788.0</Code>
</Diagnosis>
<Diagnosis>
<Type>Secondary</Type>
<Code>788.1</Code>
</Diagnosis>
<Diagnosis>
<Type>Secondary</Type>
<Code>788.43</Code>
</Diagnosis>
<Activity>
<ID>5350836</ID>
<Start>30/09/2013 00:00</Start>
<Type>3</Type>
<Code>76857</Code>
<Quantity>1.0</Quantity>
<Net>455.4</Net>
<Clinician>D3713</Clinician>
<PriorAuthorizationID/>
</Activity>
<Activity>
<ID>5350837</ID>
<Start>30/09/2013 00:00</Start>
<Type>3</Type>
<Code>99213</Code>
<Quantity>1.0</Quantity>
<Net>168.5</Net>
<Clinician>D3713</Clinician>
<PriorAuthorizationID/>
</Activity>
<Activity>
<ID>5350838</ID>
<Start>30/09/2013 00:00</Start>
<Type>3</Type>
<Code>76775</Code>
<Quantity>1.0</Quantity>
<Net>508.3</Net>
<Clinician>D3713</Clinician>
<PriorAuthorizationID/>
</Activity>
<Activity>
<ID>5350839</ID>
<Start>30/09/2013 00:00</Start>
<Type>3</Type>
<Code>81000</Code>
<Quantity>1.0</Quantity>
<Net>25.3</Net>
<Clinician>D3713</Clinician>
<PriorAuthorizationID/>
</Activity>
<Contract>
<PackageName>RAK - MedNet</PackageName>
</Contract>
</Claim>
</Claim.Submission>
