<?xml version="1.0" encoding="UTF-8"?>
<Claim.Submission xsi:noNamespaceSchemaLocation="http://www.haad.ae/DataDictionary/CommonTypes/DataDictionary.xsd" xmlns:tns="http://www.haad.ae/DataDictionary/CommonTypes" xmlns:xsi="http://www.w3.org/2001/XMLSchema-instance">
  <Header>
    <SenderID>DHA-F-0046805</SenderID>
    <ReceiverID>C004</ReceiverID>
    <DispositionFlag>PRODUCTION</DispositionFlag>
    <TransactionDate>29/10/2013 19:14</TransactionDate>
    <RecordCount>3</RecordCount>
  </Header>
  <Claim>
    <ID>II385876</ID>
    <MemberID>180615</MemberID>
    <PayerID>A012</PayerID>
    <ProviderID>DHA-F-0046805</ProviderID>
    <EmiratesIDNumber>111-1111-1111111-1</EmiratesIDNumber>
    <Gross>446.00</Gross>
    <PatientShare>0.00</PatientShare>
    <Net>446.00</Net>
    <Encounter>
      <FacilityID>DHA-F-0046805</FacilityID>
      <Type>1</Type>
      <PatientID>RG125823</PatientID>
      <Start>02/09/2013 00:00</Start>
      <End>02/09/2013 00:00</End>
      <StartType>1</StartType>
    </Encounter>
    <Diagnosis>
      <Type>Principal</Type>
      <Code>B19.9</Code>
    </Diagnosis>
    <Diagnosis>
      <Type>Secondary</Type>
      <Code>K76.0</Code>
    </Diagnosis>
    <Diagnosis>
      <Type>Secondary</Type>
      <Code>E78.2</Code>
    </Diagnosis>
    <Diagnosis>
      <Type>Secondary</Type>
      <Code>E11.9</Code>
    </Diagnosis>
    <Activity>
      <ID>1</ID>
      <Start>02/09/2013 00:00</Start>
      <End>02/09/2013 00:00</End>
      <Code>9.01</Code>
      <Type>8</Type>
      <Quantity>1</Quantity>
      <Net>0</Net>
      <Clinician>DHA-P-0250853</Clinician>
      <PriorAuthorizationID/>
      <Observation>
        <Type>Text</Type>
        <Code>Non-Standard-Code</Code>
        <Value>GPCNC02</Value>
        <ValueType>Non-Standard-Code</ValueType>
      </Observation>
    </Activity>
  </Claim>
  <Claim>
    <ID>II387325</ID>
    <MemberID>456199</MemberID>
    <PayerID>A020</PayerID>
    <ProviderID>DHA-F-0046805</ProviderID>
    <EmiratesIDNumber>222-2222-2222222-2</EmiratesIDNumber>
    <Gross>175.00</Gross>
    <PatientShare>0.00</PatientShare>
    <Net>175.00</Net>
    <Encounter>
      <FacilityID>DHA-F-0046805</FacilityID>
      <Type>1</Type>
      <PatientID>RG683399</PatientID>
      <Start>11/09/2013 00:00</Start>
      <End>11/09/2013 00:00</End>
      <StartType>1</StartType>
    </Encounter>
    <Diagnosis>
      <Type>Principal</Type>
      <Code>E08.10</Code>
    </Diagnosis>
    <Diagnosis>
      <Type>Secondary</Type>
      <Code>E78.2</Code>
    </Diagnosis>
    <Diagnosis>
      <Type>Secondary</Type>
      <Code>I15.9</Code>
    </Diagnosis>
    <Diagnosis>
      <Type>Secondary</Type>
      <Code>M79.1</Code>
    </Diagnosis>
    <Diagnosis>
      <Type>Secondary</Type>
      <Code>M10.00</Code>
    </Diagnosis>
    <Activity>
      <ID>5</ID>
      <Start>11/09/2013 00:00</Start>
      <End>11/09/2013 00:00</End>
      <Code>9.01</Code>
      <Type>8</Type>
      <Quantity>1</Quantity>
      <Net>0</Net>
      <Clinician>DHA-P-0003461</Clinician>
      <PriorAuthorizationID/>
      <Observation>
        <Type>Text</Type>
        <Code>Non-Standard-Code</Code>
        <Value>GPCNC02</Value>
        <ValueType>Non-Standard-Code</ValueType>
      </Observation>
    </Activity>
  </Claim>
  <Claim>
    <ID>II390789</ID>
    <MemberID>339545</MemberID>
    <PayerID>A012</PayerID>
    <ProviderID>DHA-F-0046805</ProviderID>
    <EmiratesIDNumber>784-1974-7535465-6</EmiratesIDNumber>
    <Gross>61.00</Gross>
    <PatientShare>0.00</PatientShare>
    <Net>61.00</Net>
    <Encounter>
      <FacilityID>DHA-F-0046805</FacilityID>
      <Type>1</Type>
      <PatientID>RG458892</PatientID>
      <Start>30/09/2013 00:00</Start>
      <End>30/09/2013 00:00</End>
      <StartType>1</StartType>
    </Encounter>
    <Diagnosis>
      <Type>Principal</Type>
      <Code>E11.9</Code>
    </Diagnosis>
    <Diagnosis>
      <Type>Secondary</Type>
      <Code>I95.9</Code>
    </Diagnosis>
    <Activity>
      <ID>13</ID>
      <Start>30/09/2013 00:00</Start>
      <End>30/09/2013 00:00</End>
      <Code>9.01</Code>
      <Type>8</Type>
      <Quantity>1</Quantity>
      <Net>0</Net>
      <Clinician>DHA-P-0250853</Clinician>
      <PriorAuthorizationID/>
      <Observation>
        <Type>Text</Type>
        <Code>Non-Standard-Code</Code>
        <Value>GPCNC02</Value>
        <ValueType>Non-Standard-Code</ValueType>
      </Observation>
    </Activity>
  </Claim>
</Claim.Submission>
