﻿<?xml version="1.0" encoding="utf-8"?>
<Claim.Submission xmlns:xsi="http://www.w3.org/2001/XMLSchema-instance" xmlns:xsd="http://www.w3.org/2001/XMLSchema">
  <Header>
    <SenderID>DHA-F-0046805</SenderID>
    <ReceiverID>TPA009</ReceiverID>
    <TransactionDate>29/10/2013 19:14</TransactionDate>
    <RecordCount>13</RecordCount>
    <DispositionFlag>PRODUCTION</DispositionFlag>
  </Header>
  <Claim>
    <ID>II385876</ID>
    <MemberID>097110040018061501</MemberID>
    <PayerID>INS008</PayerID>
    <ProviderID>DHA-F-0046805</ProviderID>
    <EmiratesIDNumber>111-1111-1111111-1</EmiratesIDNumber>
    <Gross>446.00</Gross>
    <PatientShare>0.00</PatientShare>
    <Net>446.00</Net>
    <Encounter>
      <FacilityID>DHA-F-0046805</FacilityID>
      <Type>1</Type>
      <PatientID>RG125823</PatientID>
      <Start>02/09/2013 00:00</Start>
      <End>02/09/2013 00:00</End>
      <StartType>1</StartType>
      <TransferSource>
      </TransferSource>
      <TransferDestination>
      </TransferDestination>
    </Encounter>
    <Diagnosis>
      <Type>Principal</Type>
      <Code>B19.9</Code>
    </Diagnosis>
    <Diagnosis>
      <Type>Secondary</Type>
      <Code>K76.0</Code>
    </Diagnosis>
    <Diagnosis>
      <Type>Secondary</Type>
      <Code>E78.2</Code>
    </Diagnosis>
    <Diagnosis>
      <Type>Secondary</Type>
      <Code>E11.9</Code>
    </Diagnosis>
    <Activity>
      <ID>1</ID>
      <Start>02/09/2013 00:00</Start>
      <Type>8</Type>
      <Code>9.01</Code>
      <Quantity>1</Quantity>
      <Net>0.00</Net>
      <Clinician>DHA-P-0250853</Clinician>
      <PriorAuthorizationID>
      </PriorAuthorizationID>
      <Observation>
        <Type>Text</Type>
        <Code>Non-Standard-Code</Code>
        <Value>GPCNC02</Value>
        <ValueType>Non-Standard-Code</ValueType>
      </Observation>
    </Activity>
    <Activity>
      <ID>2</ID>
      <Start>02/09/2013 00:00</Start>
      <Type>3</Type>
      <Code>82948</Code>
      <Quantity>1</Quantity>
      <Net>61.00</Net>
      <Clinician>DHA-P-0250853</Clinician>
      <PriorAuthorizationID>
      </PriorAuthorizationID>
      <Observation>
        <Type>Text</Type>
        <Code>Non-Standard-Code</Code>
        <Value>GNLIGLUC4</Value>
        <ValueType>Non-Standard-Code</ValueType>
      </Observation>
    </Activity>
    <Activity>
      <ID>3</ID>
      <Start>02/09/2013 00:00</Start>
      <Type>3</Type>
      <Code>76700</Code>
      <Quantity>1</Quantity>
      <Net>385.00</Net>
      <Clinician>DHA-P-0250853</Clinician>
      <PriorAuthorizationID>
      </PriorAuthorizationID>
      <Observation>
        <Type>Text</Type>
        <Code>Non-Standard-Code</Code>
        <Value>GNSNTOTA</Value>
        <ValueType>Non-Standard-Code</ValueType>
      </Observation>
    </Activity>
  </Claim>
  <Claim>
    <ID>II386172</ID>
    <MemberID>097110040021661901</MemberID>
    <PayerID>INS008</PayerID>
    <ProviderID>DHA-F-0046805</ProviderID>
    <EmiratesIDNumber>000-0000-0000000-0</EmiratesIDNumber>
    <Gross>61.00</Gross>
    <PatientShare>0.00</PatientShare>
    <Net>61.00</Net>
    <Encounter>
      <FacilityID>DHA-F-0046805</FacilityID>
      <Type>1</Type>
      <PatientID>RG234959</PatientID>
      <Start>02/09/2013 00:00</Start>
      <End>02/09/2013 00:00</End>
      <StartType>1</StartType>
      <TransferSource>
      </TransferSource>
      <TransferDestination>
      </TransferDestination>
    </Encounter>
    <Diagnosis>
      <Type>Principal</Type>
      <Code>E10.8</Code>
    </Diagnosis>
    <Diagnosis>
      <Type>Secondary</Type>
      <Code>I10</Code>
    </Diagnosis>
    <Diagnosis>
      <Type>Secondary</Type>
      <Code>M25.569</Code>
    </Diagnosis>
    <Activity>
      <ID>4</ID>
      <Start>02/09/2013 00:00</Start>
      <Type>3</Type>
      <Code>82948</Code>
      <Quantity>1</Quantity>
      <Net>61.00</Net>
      <Clinician>DHA-P-0025119</Clinician>
      <PriorAuthorizationID>
      </PriorAuthorizationID>
      <Observation>
        <Type>Text</Type>
        <Code>Non-Standard-Code</Code>
        <Value>GNLIGLUC4</Value>
        <ValueType>Non-Standard-Code</ValueType>
      </Observation>
    </Activity>
  </Claim>
  <Claim>
    <ID>II387325</ID>
    <MemberID>097110330045619901</MemberID>
    <PayerID>INS035</PayerID>
    <ProviderID>DHA-F-0046805</ProviderID>
    <EmiratesIDNumber>222-2222-2222222-2</EmiratesIDNumber>
    <Gross>175.00</Gross>
    <PatientShare>0.00</PatientShare>
    <Net>175.00</Net>
    <Encounter>
      <FacilityID>DHA-F-0046805</FacilityID>
      <Type>1</Type>
      <PatientID>RG683399</PatientID>
      <Start>11/09/2013 00:00</Start>
      <End>11/09/2013 00:00</End>
      <StartType>1</StartType>
      <TransferSource>
      </TransferSource>
      <TransferDestination>
      </TransferDestination>
    </Encounter>
    <Diagnosis>
      <Type>Principal</Type>
      <Code>E08.10</Code>
    </Diagnosis>
    <Diagnosis>
      <Type>Secondary</Type>
      <Code>E78.2</Code>
    </Diagnosis>
    <Diagnosis>
      <Type>Secondary</Type>
      <Code>I15.9</Code>
    </Diagnosis>
    <Diagnosis>
      <Type>Secondary</Type>
      <Code>M79.1</Code>
    </Diagnosis>
    <Diagnosis>
      <Type>Secondary</Type>
      <Code>M10.00</Code>
    </Diagnosis>
    <Activity>
      <ID>5</ID>
      <Start>11/09/2013 00:00</Start>
      <Type>8</Type>
      <Code>9.01</Code>
      <Quantity>1</Quantity>
      <Net>0.00</Net>
      <Clinician>DHA-P-0003461</Clinician>
      <PriorAuthorizationID>
      </PriorAuthorizationID>
      <Observation>
        <Type>Text</Type>
        <Code>Non-Standard-Code</Code>
        <Value>GPCNC02</Value>
        <ValueType>Non-Standard-Code</ValueType>
      </Observation>
    </Activity>
    <Activity>
      <ID>6</ID>
      <Start>11/09/2013 00:00</Start>
      <Type>3</Type>
      <Code>85025</Code>
      <Quantity>1</Quantity>
      <Net>30.00</Net>
      <Clinician>DHA-P-0003461</Clinician>
      <PriorAuthorizationID>
      </PriorAuthorizationID>
      <Observation>
        <Type>Text</Type>
        <Code>Non-Standard-Code</Code>
        <Value>GNLICOMP</Value>
        <ValueType>Non-Standard-Code</ValueType>
      </Observation>
    </Activity>
    <Activity>
      <ID>7</ID>
      <Start>11/09/2013 00:00</Start>
      <Type>3</Type>
      <Code>84550</Code>
      <Quantity>1</Quantity>
      <Net>18.00</Net>
      <Clinician>DHA-P-0003461</Clinician>
      <PriorAuthorizationID>
      </PriorAuthorizationID>
      <Observation>
        <Type>Text</Type>
        <Code>Non-Standard-Code</Code>
        <Value>GNLIURIC1</Value>
        <ValueType>Non-Standard-Code</ValueType>
      </Observation>
    </Activity>
    <Activity>
      <ID>8</ID>
      <Start>11/09/2013 00:00</Start>
      <Type>3</Type>
      <Code>80061</Code>
      <Quantity>1</Quantity>
      <Net>109.00</Net>
      <Clinician>DHA-P-0003461</Clinician>
      <PriorAuthorizationID>
      </PriorAuthorizationID>
      <Observation>
        <Type>Text</Type>
        <Code>Non-Standard-Code</Code>
        <Value>GNLILIPI</Value>
        <ValueType>Non-Standard-Code</ValueType>
      </Observation>
    </Activity>
    <Activity>
      <ID>9</ID>
      <Start>11/09/2013 00:00</Start>
      <Type>3</Type>
      <Code>82947</Code>
      <Quantity>1</Quantity>
      <Net>18.00</Net>
      <Clinician>DHA-P-0003461</Clinician>
      <PriorAuthorizationID>
      </PriorAuthorizationID>
      <Observation>
        <Type>Text</Type>
        <Code>Non-Standard-Code</Code>
        <Value>GNLIGLUC3</Value>
        <ValueType>Non-Standard-Code</ValueType>
      </Observation>
    </Activity>
  </Claim>
  <Claim>
    <ID>II387484</ID>
    <MemberID>097110040018061201</MemberID>
    <PayerID>INS008</PayerID>
    <ProviderID>DHA-F-0046805</ProviderID>
    <EmiratesIDNumber>222-2222-2222222-2</EmiratesIDNumber>
    <Gross>61.00</Gross>
    <PatientShare>0.00</PatientShare>
    <Net>61.00</Net>
    <Encounter>
      <FacilityID>DHA-F-0046805</FacilityID>
      <Type>1</Type>
      <PatientID>RG399960</PatientID>
      <Start>11/09/2013 00:00</Start>
      <End>11/09/2013 00:00</End>
      <StartType>1</StartType>
      <TransferSource>
      </TransferSource>
      <TransferDestination>
      </TransferDestination>
    </Encounter>
    <Diagnosis>
      <Type>Principal</Type>
      <Code>T78.40XD</Code>
    </Diagnosis>
    <Activity>
      <ID>10</ID>
      <Start>11/09/2013 00:00</Start>
      <Type>3</Type>
      <Code>82948</Code>
      <Quantity>1</Quantity>
      <Net>61.00</Net>
      <Clinician>DHA-P-0241581</Clinician>
      <PriorAuthorizationID>
      </PriorAuthorizationID>
      <Observation>
        <Type>Text</Type>
        <Code>Non-Standard-Code</Code>
        <Value>GNLIGLUC4</Value>
        <ValueType>Non-Standard-Code</ValueType>
      </Observation>
    </Activity>
  </Claim>
  <Claim>
    <ID>II388032</ID>
    <MemberID>097110040045847802</MemberID>
    <PayerID>INS008</PayerID>
    <ProviderID>DHA-F-0046805</ProviderID>
    <EmiratesIDNumber>000-0000-0000000-0</EmiratesIDNumber>
    <Gross>277.20</Gross>
    <PatientShare>0.00</PatientShare>
    <Net>277.20</Net>
    <Encounter>
      <FacilityID>DHA-F-0046805</FacilityID>
      <Type>1</Type>
      <PatientID>RG674495</PatientID>
      <Start>15/09/2013 00:00</Start>
      <End>15/09/2013 00:00</End>
      <StartType>1</StartType>
      <TransferSource>
      </TransferSource>
      <TransferDestination>
      </TransferDestination>
    </Encounter>
    <Diagnosis>
      <Type>Principal</Type>
      <Code>N23</Code>
    </Diagnosis>
    <Activity>
      <ID>11</ID>
      <Start>15/09/2013 00:00</Start>
      <Type>3</Type>
      <Code>76770</Code>
      <Quantity>1</Quantity>
      <Net>277.20</Net>
      <Clinician>DHA-P-0249694</Clinician>
      <PriorAuthorizationID>
      </PriorAuthorizationID>
      <Observation>
        <Type>Text</Type>
        <Code>Non-Standard-Code</Code>
        <Value>GNSNKUB</Value>
        <ValueType>Non-Standard-Code</ValueType>
      </Observation>
    </Activity>
  </Claim>
  <Claim>
    <ID>II388995</ID>
    <MemberID>097110040035822501</MemberID>
    <PayerID>INS008</PayerID>
    <ProviderID>DHA-F-0046805</ProviderID>
    <EmiratesIDNumber>111-1111-1111111-1</EmiratesIDNumber>
    <Gross>61.00</Gross>
    <PatientShare>0.00</PatientShare>
    <Net>61.00</Net>
    <Encounter>
      <FacilityID>DHA-F-0046805</FacilityID>
      <Type>1</Type>
      <PatientID>RG455266</PatientID>
      <Start>21/09/2013 00:00</Start>
      <End>21/09/2013 00:00</End>
      <StartType>1</StartType>
      <TransferSource>
      </TransferSource>
      <TransferDestination>
      </TransferDestination>
    </Encounter>
    <Diagnosis>
      <Type>Principal</Type>
      <Code>E10.8</Code>
    </Diagnosis>
    <Diagnosis>
      <Type>Secondary</Type>
      <Code>I10</Code>
    </Diagnosis>
    <Diagnosis>
      <Type>Secondary</Type>
      <Code>E78.5</Code>
    </Diagnosis>
    <Activity>
      <ID>12</ID>
      <Start>21/09/2013 00:00</Start>
      <Type>3</Type>
      <Code>82948</Code>
      <Quantity>1</Quantity>
      <Net>61.00</Net>
      <Clinician>DHA-P-0021788</Clinician>
      <PriorAuthorizationID>
      </PriorAuthorizationID>
      <Observation>
        <Type>Text</Type>
        <Code>Non-Standard-Code</Code>
        <Value>GNLIGLUC4</Value>
        <ValueType>Non-Standard-Code</ValueType>
      </Observation>
    </Activity>
  </Claim>
  <Claim>
    <ID>II390789</ID>
    <MemberID>097110040033954501</MemberID>
    <PayerID>INS008</PayerID>
    <ProviderID>DHA-F-0046805</ProviderID>
    <EmiratesIDNumber>784-1974-7535465-6</EmiratesIDNumber>
    <Gross>61.00</Gross>
    <PatientShare>0.00</PatientShare>
    <Net>61.00</Net>
    <Encounter>
      <FacilityID>DHA-F-0046805</FacilityID>
      <Type>1</Type>
      <PatientID>RG458892</PatientID>
      <Start>30/09/2013 00:00</Start>
      <End>30/09/2013 00:00</End>
      <StartType>1</StartType>
      <TransferSource>
      </TransferSource>
      <TransferDestination>
      </TransferDestination>
    </Encounter>
    <Diagnosis>
      <Type>Principal</Type>
      <Code>E11.9</Code>
    </Diagnosis>
    <Diagnosis>
      <Type>Secondary</Type>
      <Code>I95.9</Code>
    </Diagnosis>
    <Activity>
      <ID>13</ID>
      <Start>30/09/2013 00:00</Start>
      <Type>8</Type>
      <Code>9.01</Code>
      <Quantity>1</Quantity>
      <Net>0.00</Net>
      <Clinician>DHA-P-0250853</Clinician>
      <PriorAuthorizationID>
      </PriorAuthorizationID>
      <Observation>
        <Type>Text</Type>
        <Code>Non-Standard-Code</Code>
        <Value>GPCNC02</Value>
        <ValueType>Non-Standard-Code</ValueType>
      </Observation>
    </Activity>
    <Activity>
      <ID>14</ID>
      <Start>30/09/2013 00:00</Start>
      <Type>3</Type>
      <Code>82948</Code>
      <Quantity>1</Quantity>
      <Net>61.00</Net>
      <Clinician>DHA-P-0250853</Clinician>
      <PriorAuthorizationID>
      </PriorAuthorizationID>
      <Observation>
        <Type>Text</Type>
        <Code>Non-Standard-Code</Code>
        <Value>GNLIGLUC4</Value>
        <ValueType>Non-Standard-Code</ValueType>
      </Observation>
    </Activity>
  </Claim>
  <Claim>
    <ID>II390886</ID>
    <MemberID>09711004004495801</MemberID>
    <PayerID>INS008</PayerID>
    <ProviderID>DHA-F-0046805</ProviderID>
    <EmiratesIDNumber>000-0000-0000000-0</EmiratesIDNumber>
    <Gross>133.70</Gross>
    <PatientShare>0.00</PatientShare>
    <Net>133.70</Net>
    <Encounter>
      <FacilityID>DHA-F-0046805</FacilityID>
      <Type>1</Type>
      <PatientID>RG689864</PatientID>
      <Start>30/09/2013 00:00</Start>
      <End>30/09/2013 00:00</End>
      <StartType>1</StartType>
      <TransferSource>
      </TransferSource>
      <TransferDestination>
      </TransferDestination>
    </Encounter>
    <Diagnosis>
      <Type>Principal</Type>
      <Code>T78.40XD</Code>
    </Diagnosis>
    <Activity>
      <ID>15</ID>
      <Start>30/09/2013 00:00</Start>
      <Type>3</Type>
      <Code>96373</Code>
      <Quantity>1</Quantity>
      <Net>42.70</Net>
      <Clinician>DHA-P-0241581</Clinician>
      <PriorAuthorizationID>
      </PriorAuthorizationID>
      <Observation>
        <Type>Text</Type>
        <Code>Non-Standard-Code</Code>
        <Value>GNTRINTM</Value>
        <ValueType>Non-Standard-Code</ValueType>
      </Observation>
    </Activity>
    <Activity>
      <ID>16</ID>
      <Start>30/09/2013 00:00</Start>
      <Type>3</Type>
      <Code>85007</Code>
      <Quantity>1</Quantity>
      <Net>67.00</Net>
      <Clinician>DHA-P-0241581</Clinician>
      <PriorAuthorizationID>
      </PriorAuthorizationID>
      <Observation>
        <Type>Text</Type>
        <Code>Non-Standard-Code</Code>
        <Value>GNLICOMP1</Value>
        <ValueType>Non-Standard-Code</ValueType>
      </Observation>
    </Activity>
    <Activity>
      <ID>17</ID>
      <Start>30/09/2013 00:00</Start>
      <Type>3</Type>
      <Code>85048</Code>
      <Quantity>1</Quantity>
      <Net>24.00</Net>
      <Clinician>DHA-P-0241581</Clinician>
      <PriorAuthorizationID>
      </PriorAuthorizationID>
      <Observation>
        <Type>Text</Type>
        <Code>Non-Standard-Code</Code>
        <Value>GNLIABSO</Value>
        <ValueType>Non-Standard-Code</ValueType>
      </Observation>
    </Activity>
  </Claim>
  <Claim>
    <ID>II395254</ID>
    <MemberID>097110040039572502</MemberID>
    <PayerID>INS008</PayerID>
    <ProviderID>DHA-F-0046805</ProviderID>
    <EmiratesIDNumber>784-1981-3531463-5</EmiratesIDNumber>
    <Gross>575.00</Gross>
    <PatientShare>0.00</PatientShare>
    <Net>575.00</Net>
    <Encounter>
      <FacilityID>DHA-F-0046805</FacilityID>
      <Type>1</Type>
      <PatientID>RG603907</PatientID>
      <Start>08/09/2013 00:00</Start>
      <End>08/09/2013 00:00</End>
      <StartType>1</StartType>
      <TransferSource>
      </TransferSource>
      <TransferDestination>
      </TransferDestination>
    </Encounter>
    <Diagnosis>
      <Type>Principal</Type>
      <Code>J03.90</Code>
    </Diagnosis>
    <Diagnosis>
      <Type>Secondary</Type>
      <Code>J30.9</Code>
    </Diagnosis>
    <Diagnosis>
      <Type>Secondary</Type>
      <Code>J45.20</Code>
    </Diagnosis>
    <Diagnosis>
      <Type>Secondary</Type>
      <Code>E03.9</Code>
    </Diagnosis>
    <Activity>
      <ID>18</ID>
      <Start>08/09/2013 00:00</Start>
      <Type>3</Type>
      <Code>85007</Code>
      <Quantity>1</Quantity>
      <Net>67.00</Net>
      <Clinician>DHA-P-0021788</Clinician>
      <PriorAuthorizationID>
      </PriorAuthorizationID>
      <Observation>
        <Type>Text</Type>
        <Code>Non-Standard-Code</Code>
        <Value>GNLICOMP1</Value>
        <ValueType>Non-Standard-Code</ValueType>
      </Observation>
    </Activity>
    <Activity>
      <ID>19</ID>
      <Start>08/09/2013 00:00</Start>
      <Type>3</Type>
      <Code>86140</Code>
      <Quantity>1</Quantity>
      <Net>42.00</Net>
      <Clinician>DHA-P-0021788</Clinician>
      <PriorAuthorizationID>
      </PriorAuthorizationID>
      <Observation>
        <Type>Text</Type>
        <Code>Non-Standard-Code</Code>
        <Value>GNLICRP</Value>
        <ValueType>Non-Standard-Code</ValueType>
      </Observation>
    </Activity>
    <Activity>
      <ID>20</ID>
      <Start>08/09/2013 00:00</Start>
      <Type>3</Type>
      <Code>83540</Code>
      <Quantity>1</Quantity>
      <Net>30.00</Net>
      <Clinician>DHA-P-0021788</Clinician>
      <PriorAuthorizationID>
      </PriorAuthorizationID>
      <Observation>
        <Type>Text</Type>
        <Code>Non-Standard-Code</Code>
        <Value>GNLIIRON1</Value>
        <ValueType>Non-Standard-Code</ValueType>
      </Observation>
    </Activity>
    <Activity>
      <ID>21</ID>
      <Start>08/09/2013 00:00</Start>
      <Type>3</Type>
      <Code>82728</Code>
      <Quantity>1</Quantity>
      <Net>85.00</Net>
      <Clinician>DHA-P-0021788</Clinician>
      <PriorAuthorizationID>
      </PriorAuthorizationID>
      <Observation>
        <Type>Text</Type>
        <Code>Non-Standard-Code</Code>
        <Value>GNLIFERR</Value>
        <ValueType>Non-Standard-Code</ValueType>
      </Observation>
    </Activity>
    <Activity>
      <ID>22</ID>
      <Start>08/09/2013 00:00</Start>
      <Type>3</Type>
      <Code>83550</Code>
      <Quantity>1</Quantity>
      <Net>42.00</Net>
      <Clinician>DHA-P-0021788</Clinician>
      <PriorAuthorizationID>
      </PriorAuthorizationID>
      <Observation>
        <Type>Text</Type>
        <Code>Non-Standard-Code</Code>
        <Value>GNLIIRON2</Value>
        <ValueType>Non-Standard-Code</ValueType>
      </Observation>
    </Activity>
    <Activity>
      <ID>23</ID>
      <Start>08/09/2013 00:00</Start>
      <Type>3</Type>
      <Code>82947</Code>
      <Quantity>1</Quantity>
      <Net>18.00</Net>
      <Clinician>DHA-P-0021788</Clinician>
      <PriorAuthorizationID>
      </PriorAuthorizationID>
      <Observation>
        <Type>Text</Type>
        <Code>Non-Standard-Code</Code>
        <Value>GNLIGLUC3</Value>
        <ValueType>Non-Standard-Code</ValueType>
      </Observation>
    </Activity>
    <Activity>
      <ID>24</ID>
      <Start>08/09/2013 00:00</Start>
      <Type>3</Type>
      <Code>83036</Code>
      <Quantity>1</Quantity>
      <Net>54.00</Net>
      <Clinician>DHA-P-0021788</Clinician>
      <PriorAuthorizationID>
      </PriorAuthorizationID>
      <Observation>
        <Type>Text</Type>
        <Code>Non-Standard-Code</Code>
        <Value>GNLIGLYC5</Value>
        <ValueType>Non-Standard-Code</ValueType>
      </Observation>
    </Activity>
    <Activity>
      <ID>25</ID>
      <Start>08/09/2013 00:00</Start>
      <Type>3</Type>
      <Code>80061</Code>
      <Quantity>1</Quantity>
      <Net>109.00</Net>
      <Clinician>DHA-P-0021788</Clinician>
      <PriorAuthorizationID>
      </PriorAuthorizationID>
      <Observation>
        <Type>Text</Type>
        <Code>Non-Standard-Code</Code>
        <Value>GNLILIPI</Value>
        <ValueType>Non-Standard-Code</ValueType>
      </Observation>
    </Activity>
    <Activity>
      <ID>26</ID>
      <Start>08/09/2013 00:00</Start>
      <Type>3</Type>
      <Code>84481</Code>
      <Quantity>1</Quantity>
      <Net>67.00</Net>
      <Clinician>DHA-P-0021788</Clinician>
      <PriorAuthorizationID>
      </PriorAuthorizationID>
      <Observation>
        <Type>Text</Type>
        <Code>Non-Standard-Code</Code>
        <Value>GNLIT3FC</Value>
        <ValueType>Non-Standard-Code</ValueType>
      </Observation>
    </Activity>
    <Activity>
      <ID>27</ID>
      <Start>08/09/2013 00:00</Start>
      <Type>3</Type>
      <Code>84439</Code>
      <Quantity>1</Quantity>
      <Net>61.00</Net>
      <Clinician>DHA-P-0021788</Clinician>
      <PriorAuthorizationID>
      </PriorAuthorizationID>
      <Observation>
        <Type>Text</Type>
        <Code>Non-Standard-Code</Code>
        <Value>GNLIT4FC</Value>
        <ValueType>Non-Standard-Code</ValueType>
      </Observation>
    </Activity>
  </Claim>
  <Claim>
    <ID>II395257</ID>
    <MemberID>097110040018060101</MemberID>
    <PayerID>INS008</PayerID>
    <ProviderID>DHA-F-0046805</ProviderID>
    <EmiratesIDNumber>111-1111-1111111-1</EmiratesIDNumber>
    <Gross>422.70</Gross>
    <PatientShare>0.00</PatientShare>
    <Net>422.70</Net>
    <Encounter>
      <FacilityID>DHA-F-0046805</FacilityID>
      <Type>1</Type>
      <PatientID>RG393057</PatientID>
      <Start>05/09/2013 00:00</Start>
      <End>05/09/2013 00:00</End>
      <StartType>1</StartType>
      <TransferSource>
      </TransferSource>
      <TransferDestination>
      </TransferDestination>
    </Encounter>
    <Diagnosis>
      <Type>Principal</Type>
      <Code>J03.90</Code>
    </Diagnosis>
    <Diagnosis>
      <Type>Secondary</Type>
      <Code>R07.9</Code>
    </Diagnosis>
    <Diagnosis>
      <Type>Secondary</Type>
      <Code>N39.0</Code>
    </Diagnosis>
    <Diagnosis>
      <Type>Secondary</Type>
      <Code>H81.10</Code>
    </Diagnosis>
    <Diagnosis>
      <Type>Secondary</Type>
      <Code>K29.00</Code>
    </Diagnosis>
    <Diagnosis>
      <Type>Secondary</Type>
      <Code>J30.9</Code>
    </Diagnosis>
    <Activity>
      <ID>28</ID>
      <Start>05/09/2013 00:00</Start>
      <Type>3</Type>
      <Code>82947</Code>
      <Quantity>1</Quantity>
      <Net>18.00</Net>
      <Clinician>DHA-P-0021788</Clinician>
      <PriorAuthorizationID>
      </PriorAuthorizationID>
      <Observation>
        <Type>Text</Type>
        <Code>Non-Standard-Code</Code>
        <Value>GNLIGLUC3</Value>
        <ValueType>Non-Standard-Code</ValueType>
      </Observation>
    </Activity>
    <Activity>
      <ID>29</ID>
      <Start>05/09/2013 00:00</Start>
      <Type>3</Type>
      <Code>83036</Code>
      <Quantity>1</Quantity>
      <Net>54.00</Net>
      <Clinician>DHA-P-0021788</Clinician>
      <PriorAuthorizationID>
      </PriorAuthorizationID>
      <Observation>
        <Type>Text</Type>
        <Code>Non-Standard-Code</Code>
        <Value>GNLIGLYC5</Value>
        <ValueType>Non-Standard-Code</ValueType>
      </Observation>
    </Activity>
    <Activity>
      <ID>30</ID>
      <Start>05/09/2013 00:00</Start>
      <Type>3</Type>
      <Code>80061</Code>
      <Quantity>1</Quantity>
      <Net>109.00</Net>
      <Clinician>DHA-P-0021788</Clinician>
      <PriorAuthorizationID>
      </PriorAuthorizationID>
      <Observation>
        <Type>Text</Type>
        <Code>Non-Standard-Code</Code>
        <Value>GNLILIPI</Value>
        <ValueType>Non-Standard-Code</ValueType>
      </Observation>
    </Activity>
    <Activity>
      <ID>31</ID>
      <Start>05/09/2013 00:00</Start>
      <Type>3</Type>
      <Code>85007</Code>
      <Quantity>1</Quantity>
      <Net>67.00</Net>
      <Clinician>DHA-P-0021788</Clinician>
      <PriorAuthorizationID>
      </PriorAuthorizationID>
      <Observation>
        <Type>Text</Type>
        <Code>Non-Standard-Code</Code>
        <Value>GNLICOMP1</Value>
        <ValueType>Non-Standard-Code</ValueType>
      </Observation>
    </Activity>
    <Activity>
      <ID>32</ID>
      <Start>05/09/2013 00:00</Start>
      <Type>3</Type>
      <Code>87101</Code>
      <Quantity>1</Quantity>
      <Net>54.00</Net>
      <Clinician>DHA-P-0021788</Clinician>
      <PriorAuthorizationID>
      </PriorAuthorizationID>
      <Observation>
        <Type>Text</Type>
        <Code>Non-Standard-Code</Code>
        <Value>GNLICULT18</Value>
        <ValueType>Non-Standard-Code</ValueType>
      </Observation>
    </Activity>
    <Activity>
      <ID>33</ID>
      <Start>05/09/2013 00:00</Start>
      <Type>3</Type>
      <Code>93000</Code>
      <Quantity>1</Quantity>
      <Net>84.70</Net>
      <Clinician>DHA-P-0021788</Clinician>
      <PriorAuthorizationID>
      </PriorAuthorizationID>
      <Observation>
        <Type>Text</Type>
        <Code>Non-Standard-Code</Code>
        <Value>GNTRECG</Value>
        <ValueType>Non-Standard-Code</ValueType>
      </Observation>
    </Activity>
    <Activity>
      <ID>34</ID>
      <Start>05/09/2013 00:00</Start>
      <Type>3</Type>
      <Code>82565</Code>
      <Quantity>1</Quantity>
      <Net>18.00</Net>
      <Clinician>DHA-P-0021788</Clinician>
      <PriorAuthorizationID>
      </PriorAuthorizationID>
      <Observation>
        <Type>Text</Type>
        <Code>Non-Standard-Code</Code>
        <Value>GNLICREA3</Value>
        <ValueType>Non-Standard-Code</ValueType>
      </Observation>
    </Activity>
    <Activity>
      <ID>35</ID>
      <Start>05/09/2013 00:00</Start>
      <Type>3</Type>
      <Code>84520</Code>
      <Quantity>1</Quantity>
      <Net>18.00</Net>
      <Clinician>DHA-P-0021788</Clinician>
      <PriorAuthorizationID>
      </PriorAuthorizationID>
      <Observation>
        <Type>Text</Type>
        <Code>Non-Standard-Code</Code>
        <Value>GNLIUREA1</Value>
        <ValueType>Non-Standard-Code</ValueType>
      </Observation>
    </Activity>
  </Claim>
  <Claim>
    <ID>II395442</ID>
    <MemberID>097110040028103802</MemberID>
    <PayerID>INS035</PayerID>
    <ProviderID>DHA-F-0046805</ProviderID>
    <EmiratesIDNumber>784-1900-0000000-0</EmiratesIDNumber>
    <Gross>216.80</Gross>
    <PatientShare>0.00</PatientShare>
    <Net>216.80</Net>
    <Encounter>
      <FacilityID>DHA-F-0046805</FacilityID>
      <Type>1</Type>
      <PatientID>RG372870</PatientID>
      <Start>17/09/2013 00:00</Start>
      <End>17/09/2013 00:00</End>
      <StartType>1</StartType>
      <TransferSource>
      </TransferSource>
      <TransferDestination>
      </TransferDestination>
    </Encounter>
    <Diagnosis>
      <Type>Principal</Type>
      <Code>N76.0</Code>
    </Diagnosis>
    <Diagnosis>
      <Type>Secondary</Type>
      <Code>N39.0</Code>
    </Diagnosis>
    <Diagnosis>
      <Type>Secondary</Type>
      <Code>D50.9</Code>
    </Diagnosis>
    <Activity>
      <ID>36</ID>
      <Start>17/09/2013 00:00</Start>
      <Type>3</Type>
      <Code>96374</Code>
      <Quantity>1</Quantity>
      <Net>65.80</Net>
      <Clinician>DHA-P-0252627</Clinician>
      <PriorAuthorizationID>
      </PriorAuthorizationID>
      <Observation>
        <Type>Text</Type>
        <Code>Non-Standard-Code</Code>
        <Value>GNTRINTV</Value>
        <ValueType>Non-Standard-Code</ValueType>
      </Observation>
    </Activity>
    <Activity>
      <ID>37</ID>
      <Start>17/09/2013 00:00</Start>
      <Type>3</Type>
      <Code>85007</Code>
      <Quantity>1</Quantity>
      <Net>67.00</Net>
      <Clinician>DHA-P-0252627</Clinician>
      <PriorAuthorizationID>
      </PriorAuthorizationID>
      <Observation>
        <Type>Text</Type>
        <Code>Non-Standard-Code</Code>
        <Value>GNLICOMP1</Value>
        <ValueType>Non-Standard-Code</ValueType>
      </Observation>
    </Activity>
    <Activity>
      <ID>38</ID>
      <Start>17/09/2013 00:00</Start>
      <Type>3</Type>
      <Code>83540</Code>
      <Quantity>1</Quantity>
      <Net>30.00</Net>
      <Clinician>DHA-P-0252627</Clinician>
      <PriorAuthorizationID>
      </PriorAuthorizationID>
      <Observation>
        <Type>Text</Type>
        <Code>Non-Standard-Code</Code>
        <Value>GNLIIRON1</Value>
        <ValueType>Non-Standard-Code</ValueType>
      </Observation>
    </Activity>
    <Activity>
      <ID>39</ID>
      <Start>17/09/2013 00:00</Start>
      <Type>3</Type>
      <Code>87088</Code>
      <Quantity>1</Quantity>
      <Net>54.00</Net>
      <Clinician>DHA-P-0252627</Clinician>
      <PriorAuthorizationID>
      </PriorAuthorizationID>
      <Observation>
        <Type>Text</Type>
        <Code>Non-Standard-Code</Code>
        <Value>GNLICULT20</Value>
        <ValueType>Non-Standard-Code</ValueType>
      </Observation>
    </Activity>
  </Claim>
  <Claim>
    <ID>II395445</ID>
    <MemberID>097110040035635102</MemberID>
    <PayerID>INS008</PayerID>
    <ProviderID>DHA-F-0046805</ProviderID>
    <EmiratesIDNumber>000-0000-0000000-0</EmiratesIDNumber>
    <Gross>259.50</Gross>
    <PatientShare>0.00</PatientShare>
    <Net>259.50</Net>
    <Encounter>
      <FacilityID>DHA-F-0046805</FacilityID>
      <Type>1</Type>
      <PatientID>RG591785</PatientID>
      <Start>05/09/2013 00:00</Start>
      <End>05/09/2013 00:00</End>
      <StartType>1</StartType>
      <TransferSource>
      </TransferSource>
      <TransferDestination>
      </TransferDestination>
    </Encounter>
    <Diagnosis>
      <Type>Principal</Type>
      <Code>J03.90</Code>
    </Diagnosis>
    <Diagnosis>
      <Type>Secondary</Type>
      <Code>H66.93</Code>
    </Diagnosis>
    <Activity>
      <ID>40</ID>
      <Start>05/09/2013 00:00</Start>
      <Type>3</Type>
      <Code>96365</Code>
      <Quantity>1</Quantity>
      <Net>84.70</Net>
      <Clinician>DHA-P-0021788</Clinician>
      <PriorAuthorizationID>
      </PriorAuthorizationID>
      <Observation>
        <Type>Text</Type>
        <Code>Non-Standard-Code</Code>
        <Value>GNTRIVFL</Value>
        <ValueType>Non-Standard-Code</ValueType>
      </Observation>
    </Activity>
    <Activity>
      <ID>41</ID>
      <Start>05/09/2013 00:00</Start>
      <Type>3</Type>
      <Code>96374</Code>
      <Quantity>1</Quantity>
      <Net>65.80</Net>
      <Clinician>DHA-P-0021788</Clinician>
      <PriorAuthorizationID>
      </PriorAuthorizationID>
      <Observation>
        <Type>Text</Type>
        <Code>Non-Standard-Code</Code>
        <Value>GNTRINTV</Value>
        <ValueType>Non-Standard-Code</ValueType>
      </Observation>
    </Activity>
    <Activity>
      <ID>42</ID>
      <Start>05/09/2013 00:00</Start>
      <Type>3</Type>
      <Code>85007</Code>
      <Quantity>1</Quantity>
      <Net>67.00</Net>
      <Clinician>DHA-P-0021788</Clinician>
      <PriorAuthorizationID>
      </PriorAuthorizationID>
      <Observation>
        <Type>Text</Type>
        <Code>Non-Standard-Code</Code>
        <Value>GNLICOMP1</Value>
        <ValueType>Non-Standard-Code</ValueType>
      </Observation>
    </Activity>
    <Activity>
      <ID>43</ID>
      <Start>05/09/2013 00:00</Start>
      <Type>3</Type>
      <Code>86140</Code>
      <Quantity>1</Quantity>
      <Net>42.00</Net>
      <Clinician>DHA-P-0021788</Clinician>
      <PriorAuthorizationID>
      </PriorAuthorizationID>
      <Observation>
        <Type>Text</Type>
        <Code>Non-Standard-Code</Code>
        <Value>GNLICRP</Value>
        <ValueType>Non-Standard-Code</ValueType>
      </Observation>
    </Activity>
  </Claim>
  <Claim>
    <ID>II395447</ID>
    <MemberID>097110330034432402</MemberID>
    <PayerID>INS035</PayerID>
    <ProviderID>DHA-F-0046805</ProviderID>
    <EmiratesIDNumber>222-2222-2222222-2</EmiratesIDNumber>
    <Gross>289.00</Gross>
    <PatientShare>50.00</PatientShare>
    <Net>239.00</Net>
    <Encounter>
      <FacilityID>DHA-F-0046805</FacilityID>
      <Type>1</Type>
      <PatientID>RG496341</PatientID>
      <Start>02/09/2013 00:00</Start>
      <End>02/09/2013 00:00</End>
      <StartType>1</StartType>
      <TransferSource>
      </TransferSource>
      <TransferDestination>
      </TransferDestination>
    </Encounter>
    <Diagnosis>
      <Type>Principal</Type>
      <Code>I15.9</Code>
    </Diagnosis>
    <Diagnosis>
      <Type>Secondary</Type>
      <Code>E08.10</Code>
    </Diagnosis>
    <Diagnosis>
      <Type>Secondary</Type>
      <Code>E78.2</Code>
    </Diagnosis>
    <Diagnosis>
      <Type>Secondary</Type>
      <Code>J06.9</Code>
    </Diagnosis>
    <Activity>
      <ID>44</ID>
      <Start>02/09/2013 00:00</Start>
      <Type>8</Type>
      <Code>9</Code>
      <Quantity>1</Quantity>
      <Net>40.00</Net>
      <Clinician>DHA-P-0003461</Clinician>
      <PriorAuthorizationID>
      </PriorAuthorizationID>
      <Observation>
        <Type>Text</Type>
        <Code>Non-Standard-Code</Code>
        <Value>GPCNC01</Value>
        <ValueType>Non-Standard-Code</ValueType>
      </Observation>
    </Activity>
    <Activity>
      <ID>45</ID>
      <Start>02/09/2013 00:00</Start>
      <Type>3</Type>
      <Code>82947</Code>
      <Quantity>1</Quantity>
      <Net>18.00</Net>
      <Clinician>DHA-P-0003461</Clinician>
      <PriorAuthorizationID>
      </PriorAuthorizationID>
      <Observation>
        <Type>Text</Type>
        <Code>Non-Standard-Code</Code>
        <Value>GNLIGLUC3</Value>
        <ValueType>Non-Standard-Code</ValueType>
      </Observation>
    </Activity>
    <Activity>
      <ID>46</ID>
      <Start>02/09/2013 00:00</Start>
      <Type>3</Type>
      <Code>83036</Code>
      <Quantity>1</Quantity>
      <Net>54.00</Net>
      <Clinician>DHA-P-0003461</Clinician>
      <PriorAuthorizationID>
      </PriorAuthorizationID>
      <Observation>
        <Type>Text</Type>
        <Code>Non-Standard-Code</Code>
        <Value>GNLIGLYC5</Value>
        <ValueType>Non-Standard-Code</ValueType>
      </Observation>
    </Activity>
    <Activity>
      <ID>47</ID>
      <Start>02/09/2013 00:00</Start>
      <Type>3</Type>
      <Code>80061</Code>
      <Quantity>1</Quantity>
      <Net>109.00</Net>
      <Clinician>DHA-P-0003461</Clinician>
      <PriorAuthorizationID>
      </PriorAuthorizationID>
      <Observation>
        <Type>Text</Type>
        <Code>Non-Standard-Code</Code>
        <Value>GNLILIPI</Value>
        <ValueType>Non-Standard-Code</ValueType>
      </Observation>
    </Activity>
    <Activity>
      <ID>48</ID>
      <Start>02/09/2013 00:00</Start>
      <Type>3</Type>
      <Code>81015</Code>
      <Quantity>1</Quantity>
      <Net>18.00</Net>
      <Clinician>DHA-P-0003461</Clinician>
      <PriorAuthorizationID>
      </PriorAuthorizationID>
      <Observation>
        <Type>Text</Type>
        <Code>Non-Standard-Code</Code>
        <Value>GNLIURIN2</Value>
        <ValueType>Non-Standard-Code</ValueType>
      </Observation>
    </Activity>
  </Claim>
</Claim.Submission>