<?xml version="1.0" encoding="UTF-8"?>
<Claim.Submission xsi:noNamespaceSchemaLocation="http://www.haad.ae/DataDictionary/CommonTypes/DataDictionary.xsd" xmlns:tns="http://www.haad.ae/DataDictionary/CommonTypes" xmlns:xsi="http://www.w3.org/2001/XMLSchema-instance">
  <Header>
    <SenderID>DHA-F-0000197</SenderID>
    <ReceiverID>C004</ReceiverID>
    <DispositionFlag>PRODUCTION</DispositionFlag>
    <TransactionDate>26/10/2013 20:23</TransactionDate>
    <RecordCount>17</RecordCount>
  </Header>
  <Claim>
    <ID>OPC-R-2013-045754</ID>
    <MemberID>435321</MemberID>
    <PayerID>A012</PayerID>
    <ProviderID>DHA-F-0000197</ProviderID>
    <EmiratesIDNumber>999-9999-9999999-9</EmiratesIDNumber>
    <Gross>560</Gross>
    <PatientShare>25</PatientShare>
    <Net>535</Net>
    <Encounter>
      <FacilityID>DHA-F-0000197</FacilityID>
      <Type>1</Type>
      <PatientID>0001008884</PatientID>
      <Start>11/09/2013 11:13</Start>
      <End>11/09/2013 11:50</End>
      <StartType>1</StartType>
      <EndType>1</EndType>
    </Encounter>
    <Diagnosis>
      <Type>Principal</Type>
      <Code>M54.9</Code>
    </Diagnosis>
    <Activity>
      <ID>OPRXX0309111029</ID>
      <Start>11/09/2013 11:13</Start>
      <End>11/09/2013 11:13</End>
      <Code>11</Code>
      <Type>8</Type>
      <Quantity>1</Quantity>
      <Net>470</Net>
      <Clinician>DHA-P-0011589</Clinician>
      <Observation>
        <Type>Text</Type>
        <Code>Non-Standard-Code</Code>
        <Value>DCF001</Value>
        <ValueType>Other</ValueType>
      </Observation>
      <Observation>
        <Type>Text</Type>
        <Code>Description</Code>
        <Value>CONSULTANT VISIT -NEW VISIT</Value>
        <ValueType>Other</ValueType>
      </Observation>
    </Activity>
  </Claim>
  <Claim>
    <ID>OPC-R-2013-045245</ID>
    <MemberID>438078</MemberID>
    <PayerID>A012</PayerID>
    <ProviderID>DHA-F-0000197</ProviderID>
    <EmiratesIDNumber>999-9999-9999999-9</EmiratesIDNumber>
    <Gross>521.5</Gross>
    <PatientShare>50</PatientShare>
    <Net>471.5</Net>
    <Encounter>
      <FacilityID>DHA-F-0000197</FacilityID>
      <Type>1</Type>
      <PatientID>0001008454</PatientID>
      <Start>08/09/2013 11:31</Start>
      <End>08/09/2013 12:58</End>
      <StartType>1</StartType>
      <EndType>1</EndType>
    </Encounter>
    <Diagnosis>
      <Type>Principal</Type>
      <Code>M51.26</Code>
    </Diagnosis>
    <Diagnosis>
      <Type>Secondary</Type>
      <Code>M79.673</Code>
    </Diagnosis>
    <Diagnosis>
      <Type>Secondary</Type>
      <Code>M72.2</Code>
    </Diagnosis>
    <Diagnosis>
      <Type>Secondary</Type>
      <Code>K29.70</Code>
    </Diagnosis>
    <Diagnosis>
      <Type>Secondary</Type>
      <Code>M54.5</Code>
    </Diagnosis>
    <Activity>
      <ID>OPRXX0305281038</ID>
      <Start>08/09/2013 11:31</Start>
      <End>08/09/2013 11:31</End>
      <Code>10</Code>
      <Type>8</Type>
      <Quantity>1</Quantity>
      <Net>413</Net>
      <Clinician>DHA-P-0007891</Clinician>
      <Observation>
        <Type>Text</Type>
        <Code>Non-Standard-Code</Code>
        <Value>DCF010</Value>
        <ValueType>Other</ValueType>
      </Observation>
      <Observation>
        <Type>Text</Type>
        <Code>Description</Code>
        <Value>SPECIALIST -NEW VISIT</Value>
        <ValueType>Other</ValueType>
      </Observation>
    </Activity>
  </Claim>
  <Claim>
    <ID>OPC-R-2013-045149</ID>
    <MemberID>432830</MemberID>
    <PayerID>A012</PayerID>
    <ProviderID>DHA-F-0000197</ProviderID>
    <EmiratesIDNumber>999-9999-9999999-9</EmiratesIDNumber>
    <Gross>637</Gross>
    <PatientShare>50</PatientShare>
    <Net>587</Net>
    <Encounter>
      <FacilityID>DHA-F-0000197</FacilityID>
      <Type>1</Type>
      <PatientID>0000170833</PatientID>
      <Start>07/09/2013 17:17</Start>
      <End>07/09/2013 18:18</End>
      <StartType>1</StartType>
      <EndType>1</EndType>
    </Encounter>
    <Diagnosis>
      <Type>Principal</Type>
      <Code>M54.5</Code>
    </Diagnosis>
    <Diagnosis>
      <Type>Secondary</Type>
      <Code>M62.830</Code>
    </Diagnosis>
    <Activity>
      <ID>OPRXX0304711038</ID>
      <Start>07/09/2013 17:17</Start>
      <End>07/09/2013 17:17</End>
      <Code>10</Code>
      <Type>8</Type>
      <Quantity>1</Quantity>
      <Net>413</Net>
      <Clinician>DHA-P-0035899</Clinician>
      <Observation>
        <Type>Text</Type>
        <Code>Non-Standard-Code</Code>
        <Value>DCF010</Value>
        <ValueType>Other</ValueType>
      </Observation>
      <Observation>
        <Type>Text</Type>
        <Code>Description</Code>
        <Value>SPECIALIST -NEW VISIT</Value>
        <ValueType>Other</ValueType>
      </Observation>
    </Activity>
  </Claim>
  <Claim>
    <ID>OPC-R-2013-045500</ID>
    <MemberID>460587</MemberID>
    <PayerID>A012</PayerID>
    <ProviderID>DHA-F-0000197</ProviderID>
    <EmiratesIDNumber>999-9999-9999999-9</EmiratesIDNumber>
    <Gross>290.5</Gross>
    <PatientShare>0</PatientShare>
    <Net>290.5</Net>
    <Encounter>
      <FacilityID>DHA-F-0000197</FacilityID>
      <Type>1</Type>
      <PatientID>0001008842</PatientID>
      <Start>09/09/2013 16:21</Start>
      <End>09/09/2013 19:02</End>
      <StartType>1</StartType>
      <EndType>1</EndType>
    </Encounter>
    <Diagnosis>
      <Type>Principal</Type>
      <Code>R25.1</Code>
    </Diagnosis>
    <Activity>
      <ID>OPRXX0307111038</ID>
      <Start>09/09/2013 16:21</Start>
      <End>09/09/2013 16:21</End>
      <Code>10</Code>
      <Type>8</Type>
      <Quantity>1</Quantity>
      <Net>413</Net>
      <Clinician>DHA-P-0034872</Clinician>
      <Observation>
        <Type>Text</Type>
        <Code>Non-Standard-Code</Code>
        <Value>DCF010</Value>
        <ValueType>Other</ValueType>
      </Observation>
      <Observation>
        <Type>Text</Type>
        <Code>Description</Code>
        <Value>SPECIALIST -NEW VISIT</Value>
        <ValueType>Other</ValueType>
      </Observation>
    </Activity>
  </Claim>
  <Claim>
    <ID>OPC-R-2013-044342</ID>
    <MemberID>247766</MemberID>
    <PayerID>A012</PayerID>
    <ProviderID>DHA-F-0000197</ProviderID>
    <EmiratesIDNumber>999-9999-9999999-9</EmiratesIDNumber>
    <Gross>213.5</Gross>
    <PatientShare>60</PatientShare>
    <Net>153.5</Net>
    <Encounter>
      <FacilityID>DHA-F-0000197</FacilityID>
      <Type>1</Type>
      <PatientID>0001005563</PatientID>
      <Start>02/09/2013 12:59</Start>
      <End>02/09/2013 13:35</End>
      <StartType>1</StartType>
      <EndType>1</EndType>
    </Encounter>
    <Diagnosis>
      <Type>Principal</Type>
      <Code>M25.569</Code>
    </Diagnosis>
    <Activity>
      <ID>OPRXX0298761039</ID>
      <Start>02/09/2013 12:59</Start>
      <End>02/09/2013 12:59</End>
      <Code>10</Code>
      <Type>8</Type>
      <Quantity>1</Quantity>
      <Net>303</Net>
      <Clinician>DHA-P-0246913</Clinician>
      <Observation>
        <Type>Text</Type>
        <Code>Non-Standard-Code</Code>
        <Value>DCF011</Value>
        <ValueType>Other</ValueType>
      </Observation>
      <Observation>
        <Type>Text</Type>
        <Code>Description</Code>
        <Value>SPECIALIST - REPEAT VISIT</Value>
        <ValueType>Other</ValueType>
      </Observation>
    </Activity>
  </Claim>
  <Claim>
    <ID>OPC-R-2013-044361</ID>
    <MemberID>410496</MemberID>
    <PayerID>A012</PayerID>
    <ProviderID>DHA-F-0000197</ProviderID>
    <EmiratesIDNumber>999-9999-9999999-9</EmiratesIDNumber>
    <Gross>637</Gross>
    <PatientShare>50</PatientShare>
    <Net>587</Net>
    <Encounter>
      <FacilityID>DHA-F-0000197</FacilityID>
      <Type>1</Type>
      <PatientID>0001008645</PatientID>
      <Start>02/09/2013 12:49</Start>
      <End>02/09/2013 14:28</End>
      <StartType>1</StartType>
      <EndType>1</EndType>
    </Encounter>
    <Diagnosis>
      <Type>Principal</Type>
      <Code>M25.662</Code>
    </Diagnosis>
    <Diagnosis>
      <Type>Secondary</Type>
      <Code>M25.562</Code>
    </Diagnosis>
    <Activity>
      <ID>OPRXX0298721038</ID>
      <Start>02/09/2013 12:49</Start>
      <End>02/09/2013 12:49</End>
      <Code>10</Code>
      <Type>8</Type>
      <Quantity>1</Quantity>
      <Net>413</Net>
      <Clinician>DHA-P-0021689</Clinician>
      <Observation>
        <Type>Text</Type>
        <Code>Non-Standard-Code</Code>
        <Value>DCF010</Value>
        <ValueType>Other</ValueType>
      </Observation>
      <Observation>
        <Type>Text</Type>
        <Code>Description</Code>
        <Value>SPECIALIST -NEW VISIT</Value>
        <ValueType>Other</ValueType>
      </Observation>
    </Activity>
  </Claim>
  <Claim>
    <ID>OPC-R-2013-045154</ID>
    <MemberID>438402</MemberID>
    <PayerID>A012</PayerID>
    <ProviderID>DHA-F-0000197</ProviderID>
    <EmiratesIDNumber>999-9999-9999999-9</EmiratesIDNumber>
    <Gross>290.5</Gross>
    <PatientShare>50</PatientShare>
    <Net>240.5</Net>
    <Encounter>
      <FacilityID>DHA-F-0000197</FacilityID>
      <Type>1</Type>
      <PatientID>0001008782</PatientID>
      <Start>07/09/2013 18:17</Start>
      <End>07/09/2013 18:36</End>
      <StartType>1</StartType>
      <EndType>1</EndType>
    </Encounter>
    <Diagnosis>
      <Type>Principal</Type>
      <Code>M75.41</Code>
    </Diagnosis>
    <Diagnosis>
      <Type>Secondary</Type>
      <Code>S43.431A</Code>
    </Diagnosis>
    <Diagnosis>
      <Type>Secondary</Type>
      <Code>M25.511</Code>
    </Diagnosis>
    <Activity>
      <ID>OPRXX0304811038</ID>
      <Start>07/09/2013 18:17</Start>
      <End>07/09/2013 18:17</End>
      <Code>10</Code>
      <Type>8</Type>
      <Quantity>1</Quantity>
      <Net>413</Net>
      <Clinician>DHA-P-0034872</Clinician>
      <Observation>
        <Type>Text</Type>
        <Code>Non-Standard-Code</Code>
        <Value>DCF010</Value>
        <ValueType>Other</ValueType>
      </Observation>
      <Observation>
        <Type>Text</Type>
        <Code>Description</Code>
        <Value>SPECIALIST -NEW VISIT</Value>
        <ValueType>Other</ValueType>
      </Observation>
    </Activity>
  </Claim>
  <Claim>
    <ID>OPC-R-2013-046182</ID>
    <MemberID>439591</MemberID>
    <PayerID>A012</PayerID>
    <ProviderID>DHA-F-0000197</ProviderID>
    <EmiratesIDNumber>999-9999-9999999-9</EmiratesIDNumber>
    <Gross>213.5</Gross>
    <PatientShare>50</PatientShare>
    <Net>163.5</Net>
    <Encounter>
      <FacilityID>DHA-F-0000197</FacilityID>
      <Type>1</Type>
      <PatientID>0001003856</PatientID>
      <Start>14/09/2013 20:26</Start>
      <End>14/09/2013 20:37</End>
      <StartType>1</StartType>
      <EndType>1</EndType>
    </Encounter>
    <Diagnosis>
      <Type>Principal</Type>
      <Code>M47.812</Code>
    </Diagnosis>
    <Diagnosis>
      <Type>Secondary</Type>
      <Code>F45.8</Code>
    </Diagnosis>
    <Diagnosis>
      <Type>Secondary</Type>
      <Code>M54.2</Code>
    </Diagnosis>
    <Activity>
      <ID>OPRXX0312331039</ID>
      <Start>14/09/2013 20:26</Start>
      <End>14/09/2013 20:26</End>
      <Code>10</Code>
      <Type>8</Type>
      <Quantity>1</Quantity>
      <Net>303</Net>
      <Clinician>DHA-P-0034872</Clinician>
      <Observation>
        <Type>Text</Type>
        <Code>Non-Standard-Code</Code>
        <Value>DCF011</Value>
        <ValueType>Other</ValueType>
      </Observation>
      <Observation>
        <Type>Text</Type>
        <Code>Description</Code>
        <Value>SPECIALIST - REPEAT VISIT</Value>
        <ValueType>Other</ValueType>
      </Observation>
    </Activity>
  </Claim>
  <Claim>
    <ID>OPC-R-2013-044228</ID>
    <MemberID>459304</MemberID>
    <PayerID>A012</PayerID>
    <ProviderID>DHA-F-0000197</ProviderID>
    <EmiratesIDNumber>999-9999-9999999-9</EmiratesIDNumber>
    <Gross>560</Gross>
    <PatientShare>50</PatientShare>
    <Net>510</Net>
    <Encounter>
      <FacilityID>DHA-F-0000197</FacilityID>
      <Type>1</Type>
      <PatientID>0000103647</PatientID>
      <Start>01/09/2013 17:15</Start>
      <End>01/09/2013 17:59</End>
      <StartType>1</StartType>
      <EndType>1</EndType>
    </Encounter>
    <Diagnosis>
      <Type>Principal</Type>
      <Code>S92.355A</Code>
    </Diagnosis>
    <Activity>
      <ID>OPRXX0297851039</ID>
      <Start>01/09/2013 17:15</Start>
      <End>01/09/2013 17:15</End>
      <Code>10</Code>
      <Type>8</Type>
      <Quantity>1</Quantity>
      <Net>303</Net>
      <Clinician>DHA-P-0021689</Clinician>
      <Observation>
        <Type>Text</Type>
        <Code>Non-Standard-Code</Code>
        <Value>DCF011</Value>
        <ValueType>Other</ValueType>
      </Observation>
      <Observation>
        <Type>Text</Type>
        <Code>Description</Code>
        <Value>SPECIALIST - REPEAT VISIT</Value>
        <ValueType>Other</ValueType>
      </Observation>
    </Activity>
  </Claim>
  <Claim>
    <ID>OPC-R-2013-045974</ID>
    <MemberID>457958</MemberID>
    <PayerID>A012</PayerID>
    <ProviderID>DHA-F-0000197</ProviderID>
    <EmiratesIDNumber>999-9999-9999999-9</EmiratesIDNumber>
    <Gross>521.5</Gross>
    <PatientShare>50</PatientShare>
    <Net>471.5</Net>
    <Encounter>
      <FacilityID>DHA-F-0000197</FacilityID>
      <Type>1</Type>
      <PatientID>0001008919</PatientID>
      <Start>12/09/2013 17:30</Start>
      <End>12/09/2013 17:52</End>
      <StartType>1</StartType>
      <EndType>1</EndType>
    </Encounter>
    <Diagnosis>
      <Type>Principal</Type>
      <Code>M25.571</Code>
    </Diagnosis>
    <Diagnosis>
      <Type>Secondary</Type>
      <Code>S93.491A</Code>
    </Diagnosis>
    <Activity>
      <ID>OPRXX0310771038</ID>
      <Start>12/09/2013 17:30</Start>
      <End>12/09/2013 17:30</End>
      <Code>10</Code>
      <Type>8</Type>
      <Quantity>1</Quantity>
      <Net>413</Net>
      <Clinician>DHA-P-0002479</Clinician>
      <Observation>
        <Type>Text</Type>
        <Code>Non-Standard-Code</Code>
        <Value>DCF010</Value>
        <ValueType>Other</ValueType>
      </Observation>
      <Observation>
        <Type>Text</Type>
        <Code>Description</Code>
        <Value>SPECIALIST -NEW VISIT</Value>
        <ValueType>Other</ValueType>
      </Observation>
    </Activity>
  </Claim>
  <Claim>
    <ID>OPC-R-2013-046367</ID>
    <MemberID>438565</MemberID>
    <PayerID>A012</PayerID>
    <ProviderID>DHA-F-0000197</ProviderID>
    <EmiratesIDNumber>999-9999-9999999-9</EmiratesIDNumber>
    <Gross>821.8</Gross>
    <PatientShare>50</PatientShare>
    <Net>771.8</Net>
    <Encounter>
      <FacilityID>DHA-F-0000197</FacilityID>
      <Type>1</Type>
      <PatientID>0001003165</PatientID>
      <Start>15/09/2013 18:56</Start>
      <End>15/09/2013 19:19</End>
      <StartType>1</StartType>
      <EndType>1</EndType>
    </Encounter>
    <Diagnosis>
      <Type>Principal</Type>
      <Code>M54.5</Code>
    </Diagnosis>
    <Activity>
      <ID>OPRXX0313521038</ID>
      <Start>15/09/2013 18:56</Start>
      <End>15/09/2013 18:56</End>
      <Code>10</Code>
      <Type>8</Type>
      <Quantity>1</Quantity>
      <Net>413</Net>
      <Clinician>DHA-P-0034872</Clinician>
      <Observation>
        <Type>Text</Type>
        <Code>Non-Standard-Code</Code>
        <Value>DCF010</Value>
        <ValueType>Other</ValueType>
      </Observation>
      <Observation>
        <Type>Text</Type>
        <Code>Description</Code>
        <Value>SPECIALIST -NEW VISIT</Value>
        <ValueType>Other</ValueType>
      </Observation>
    </Activity>
  </Claim>
  <Claim>
    <ID>OPC-R-2013-044182</ID>
    <MemberID>403769</MemberID>
    <PayerID>A012</PayerID>
    <ProviderID>DHA-F-0000197</ProviderID>
    <EmiratesIDNumber>999-9999-9999999-9</EmiratesIDNumber>
    <Gross>406</Gross>
    <PatientShare>71.55</PatientShare>
    <Net>334.45</Net>
    <Encounter>
      <FacilityID>DHA-F-0000197</FacilityID>
      <Type>1</Type>
      <PatientID>0000041064</PatientID>
      <Start>01/09/2013 14:43</Start>
      <End>01/09/2013 14:43</End>
      <StartType>1</StartType>
      <EndType>1</EndType>
    </Encounter>
    <Diagnosis>
      <Type>Principal</Type>
      <Code>M19.011</Code>
    </Diagnosis>
    <Diagnosis>
      <Type>Secondary</Type>
      <Code>M25.511</Code>
    </Diagnosis>
    <Activity>
      <ID>OPRXX0297471038</ID>
      <Start>01/09/2013 14:43</Start>
      <End>01/09/2013 14:43</End>
      <Code>10</Code>
      <Type>8</Type>
      <Quantity>1</Quantity>
      <Net>413</Net>
      <Clinician>DHA-P-0251210</Clinician>
      <Observation>
        <Type>Text</Type>
        <Code>Non-Standard-Code</Code>
        <Value>DCF010</Value>
        <ValueType>Other</ValueType>
      </Observation>
      <Observation>
        <Type>Text</Type>
        <Code>Description</Code>
        <Value>SPECIALIST -NEW VISIT</Value>
        <ValueType>Other</ValueType>
      </Observation>
    </Activity>
  </Claim>
  <Claim>
    <ID>OPC-R-2013-045457</ID>
    <MemberID>362543</MemberID>
    <PayerID>A012</PayerID>
    <ProviderID>DHA-F-0000197</ProviderID>
    <EmiratesIDNumber>784-1961-0752861-2</EmiratesIDNumber>
    <Gross>290.5</Gross>
    <PatientShare>60</PatientShare>
    <Net>230.5</Net>
    <Encounter>
      <FacilityID>DHA-F-0000197</FacilityID>
      <Type>1</Type>
      <PatientID>0001006067</PatientID>
      <Start>09/09/2013 15:28</Start>
      <End>09/09/2013 15:58</End>
      <StartType>1</StartType>
      <EndType>1</EndType>
    </Encounter>
    <Diagnosis>
      <Type>Principal</Type>
      <Code>M79.662</Code>
    </Diagnosis>
    <Activity>
      <ID>OPRXX0307021038</ID>
      <Start>09/09/2013 15:28</Start>
      <End>09/09/2013 15:28</End>
      <Code>10</Code>
      <Type>8</Type>
      <Quantity>1</Quantity>
      <Net>413</Net>
      <Clinician>DHA-P-0034872</Clinician>
      <Observation>
        <Type>Text</Type>
        <Code>Non-Standard-Code</Code>
        <Value>DCF010</Value>
        <ValueType>Other</ValueType>
      </Observation>
      <Observation>
        <Type>Text</Type>
        <Code>Description</Code>
        <Value>SPECIALIST -NEW VISIT</Value>
        <ValueType>Other</ValueType>
      </Observation>
    </Activity>
  </Claim>
  <Claim>
    <ID>OPC-R-2013-044610</ID>
    <MemberID>419024</MemberID>
    <PayerID>A012</PayerID>
    <ProviderID>DHA-F-0000197</ProviderID>
    <EmiratesIDNumber>999-9999-9999999-9</EmiratesIDNumber>
    <Gross>252</Gross>
    <PatientShare>50</PatientShare>
    <Net>202</Net>
    <Encounter>
      <FacilityID>DHA-F-0000197</FacilityID>
      <Type>1</Type>
      <PatientID>0001007839</PatientID>
      <Start>03/09/2013 16:42</Start>
      <End>03/09/2013 17:10</End>
      <StartType>1</StartType>
      <EndType>1</EndType>
    </Encounter>
    <Diagnosis>
      <Type>Principal</Type>
      <Code>S93.409D</Code>
    </Diagnosis>
    <Diagnosis>
      <Type>Secondary</Type>
      <Code>M21.42</Code>
    </Diagnosis>
    <Activity>
      <ID>OPRXX0300651030</ID>
      <Start>03/09/2013 16:42</Start>
      <End>03/09/2013 16:42</End>
      <Code>11</Code>
      <Type>8</Type>
      <Quantity>1</Quantity>
      <Net>360</Net>
      <Clinician>DHA-P-0246954</Clinician>
      <PriorAuthorizationID>S3129920</PriorAuthorizationID>
      <Observation>
        <Type>Text</Type>
        <Code>Non-Standard-Code</Code>
        <Value>DCF002</Value>
        <ValueType>Other</ValueType>
      </Observation>
      <Observation>
        <Type>Text</Type>
        <Code>Description</Code>
        <Value>CONSULTANT VISIT -REPEAT VISIT</Value>
        <ValueType>Other</ValueType>
      </Observation>
    </Activity>
  </Claim>
  <Claim>
    <ID>OPC-R-2013-045897</ID>
    <MemberID>415203</MemberID>
    <PayerID>A012</PayerID>
    <ProviderID>DHA-F-0000197</ProviderID>
    <EmiratesIDNumber>999-9999-9999999-9</EmiratesIDNumber>
    <Gross>290.5</Gross>
    <PatientShare>50</PatientShare>
    <Net>240.5</Net>
    <Encounter>
      <FacilityID>DHA-F-0000197</FacilityID>
      <Type>1</Type>
      <PatientID>0001008906</PatientID>
      <Start>12/09/2013 11:10</Start>
      <End>12/09/2013 12:07</End>
      <StartType>1</StartType>
      <EndType>1</EndType>
    </Encounter>
    <Diagnosis>
      <Type>Principal</Type>
      <Code>M75.41</Code>
    </Diagnosis>
    <Activity>
      <ID>OPRXX0310161038</ID>
      <Start>12/09/2013 11:10</Start>
      <End>12/09/2013 11:10</End>
      <Code>10</Code>
      <Type>8</Type>
      <Quantity>1</Quantity>
      <Net>413</Net>
      <Clinician>DHA-P-0005016</Clinician>
      <PriorAuthorizationID>S3129950</PriorAuthorizationID>
      <Observation>
        <Type>Text</Type>
        <Code>Non-Standard-Code</Code>
        <Value>DCF010</Value>
        <ValueType>Other</ValueType>
      </Observation>
      <Observation>
        <Type>Text</Type>
        <Code>Description</Code>
        <Value>SPECIALIST -NEW VISIT</Value>
        <ValueType>Other</ValueType>
      </Observation>
    </Activity>
  </Claim>
  <Claim>
    <ID>OPC-R-2013-046343</ID>
    <MemberID>459304</MemberID>
    <PayerID>A012</PayerID>
    <ProviderID>DHA-F-0000197</ProviderID>
    <EmiratesIDNumber>999-9999-9999999-9</EmiratesIDNumber>
    <Gross>444.5</Gross>
    <PatientShare>50</PatientShare>
    <Net>394.5</Net>
    <Encounter>
      <FacilityID>DHA-F-0000197</FacilityID>
      <Type>1</Type>
      <PatientID>0000103647</PatientID>
      <Start>15/09/2013 17:31</Start>
      <End>15/09/2013 18:13</End>
      <StartType>1</StartType>
      <EndType>1</EndType>
    </Encounter>
    <Diagnosis>
      <Type>Principal</Type>
      <Code>S92.354A</Code>
    </Diagnosis>
    <Activity>
      <ID>OPRXX0313371039</ID>
      <Start>15/09/2013 17:31</Start>
      <End>15/09/2013 17:31</End>
      <Code>10</Code>
      <Type>8</Type>
      <Quantity>1</Quantity>
      <Net>303</Net>
      <Clinician>DHA-P-0021689</Clinician>
      <Observation>
        <Type>Text</Type>
        <Code>Non-Standard-Code</Code>
        <Value>DCF011</Value>
        <ValueType>Other</ValueType>
      </Observation>
      <Observation>
        <Type>Text</Type>
        <Code>Description</Code>
        <Value>SPECIALIST - REPEAT VISIT</Value>
        <ValueType>Other</ValueType>
      </Observation>
    </Activity>
  </Claim>
  <Claim>
    <ID>OPC-R-2013-045846</ID>
    <MemberID>381390</MemberID>
    <PayerID>A012</PayerID>
    <ProviderID>DHA-F-0000197</ProviderID>
    <EmiratesIDNumber>999-9999-9999999-9</EmiratesIDNumber>
    <Gross>431.57</Gross>
    <PatientShare>83.91</PatientShare>
    <Net>347.66</Net>
    <Encounter>
      <FacilityID>DHA-F-0000197</FacilityID>
      <Type>1</Type>
      <PatientID>0000097436</PatientID>
      <Start>11/09/2013 17:26</Start>
      <End>11/09/2013 18:13</End>
      <StartType>1</StartType>
      <EndType>1</EndType>
    </Encounter>
    <Diagnosis>
      <Type>Principal</Type>
      <Code>M54.9</Code>
    </Diagnosis>
    <Activity>
      <ID>OPRXX0309831036</ID>
      <Start>11/09/2013 18:12</Start>
      <End>11/09/2013 18:12</End>
      <Code>9</Code>
      <Type>8</Type>
      <Quantity>1</Quantity>
      <Net>275</Net>
      <Clinician>DHA-P-0020383</Clinician>
      <Observation>
        <Type>Text</Type>
        <Code>Non-Standard-Code</Code>
        <Value>DCF008</Value>
        <ValueType>Other</ValueType>
      </Observation>
      <Observation>
        <Type>Text</Type>
        <Code>Description</Code>
        <Value>GP CONSULTATION FEE - NEW VISIT</Value>
        <ValueType>Other</ValueType>
      </Observation>
    </Activity>
  </Claim>
</Claim.Submission>
