<?xml version="1.0"?><Claim.Submission xmlns:tns="http://www.eclaimlink.ae/DataDictionary/CommonTypes" xmlns:xsi="http://www.w3.org/2001/XMLSchema-instance" xsi:noNamespaceSchemaLocation="http://www.eclaimlink.ae/DataDictionary/CommonTypes/ClaimSubmission.xsd"><Header><SenderID>DHA-F-0000197</SenderID><ReceiverID>TPA009</ReceiverID><TransactionDate>26/10/2013 20:23</TransactionDate><RecordCount>32</RecordCount><DispositionFlag>PRODUCTION</DispositionFlag></Header><Claim><ID>IPC-R-2013-001748</ID><MemberID>097110040042326801</MemberID><PayerID>INS008</PayerID><ProviderID>DHA-F-0000197</ProviderID><EmiratesIDNumber>999-9999-9999999-9</EmiratesIDNumber><Gross>20999.64</Gross><PatientShare>0</PatientShare><Net>20999.64</Net><Encounter><FacilityID>DHA-F-0000197</FacilityID><Type>3</Type><PatientID>0001008716</PatientID><Start>12/09/2013 12:47</Start><End>13/09/2013 13:21</End><StartType>1</StartType><EndType>1</EndType></Encounter><Diagnosis><Type>Principal</Type><Code>M51.27</Code></Diagnosis><Activity><ID>PBLXX034672Z055</ID><Start>13/09/2013 08:00</Start><Type>5</Type><Code>0006-238801-1021</Code><Quantity>1</Quantity><Net>54.43</Net><Clinician>DHA-P-0022492</Clinician><Observation><Type>Text</Type><Code>Non-Standard-Code</Code><Value>ZOFIJ0</Value><ValueType>Other</ValueType></Observation><Observation><Type>Text</Type><Code>Description</Code><Value>ZOFRAN 2MG/ML 2ML 5 S</Value><ValueType>Other</ValueType></Observation></Activity><Activity><ID>PBLXX034673U060</ID><Start>13/09/2013 08:00</Start><Type>4</Type><Code>A4245</Code><Quantity>10</Quantity><Net>3.4</Net><Clinician>DHA-P-0022492</Clinician><Observation><Type>Text</Type><Code>Non-Standard-Code</Code><Value>MD3024</Value><ValueType>Other</ValueType></Observation><Observation><Type>Text</Type><Code>Description</Code><Value>UNIVERSAL SANITISING WIPES ST TISSUE 200 WIPES/ PACK CLINELL</Value><ValueType>Other</ValueType></Observation></Activity><Activity><ID>PBLXX034673D375</ID><Start>13/09/2013 08:00</Start><Type>4</Type><Code>A9270</Code><Quantity>1</Quantity><Net>3</Net><Clinician>DHA-P-0022492</Clinician><Observation><Type>Text</Type><Code>Non-Standard-Code</Code><Value>MD2940</Value><ValueType>Other</ValueType></Observation><Observation><Type>Text</Type><Code>Description</Code><Value>DISPOSABLE PLASTIC PILLOW CASE</Value><ValueType>Other</ValueType></Observation></Activity><Activity><ID>PBLXX0346738027</ID><Start>13/09/2013 08:00</Start><Type>4</Type><Code>A4931</Code><Quantity>5</Quantity><Net>3.75</Net><Clinician>DHA-P-0022492</Clinician><Observation><Type>Text</Type><Code>Non-Standard-Code</Code><Value>MD0189</Value><ValueType>Other</ValueType></Observation><Observation><Type>Text</Type><Code>Description</Code><Value>PROBE COVERS THERMOSCAN # PC 200 BRAUN WELCHALLYN</Value><ValueType>Other</ValueType></Observation></Activity><Activity><ID>PBLXX034673O090</ID><Start>13/09/2013 08:00</Start><Type>4</Type><Code>A6259</Code><Quantity>2</Quantity><Net>29</Net><Clinician>DHA-P-0022492</Clinician><Observation><Type>Text</Type><Code>Non-Standard-Code</Code><Value>MD1841</Value><ValueType>Other</ValueType></Observation><Observation><Type>Text</Type><Code>Description</Code><Value>OPSITE 20CM X 10CM #66000713 SMITH&amp;NEPHEW</Value><ValueType>Other</ValueType></Observation></Activity><Activity><ID>PBLXX034676N305</ID><Start>13/09/2013 08:00</Start><Type>4</Type><Code>J7040</Code><Quantity>1</Quantity><Net>6.14</Net><Clinician>DHA-P-0022492</Clinician><Observation><Type>Text</Type><Code>Non-Standard-Code</Code><Value>MD0067</Value><ValueType>Other</ValueType></Observation><Observation><Type>Text</Type><Code>Description</Code><Value>NORMAL SALINE 500ML</Value><ValueType>Other</ValueType></Observation></Activity><Activity><ID>PBLXX0346808395</ID><Start>13/09/2013 08:10</Start><Type>5</Type><Code>0063-111903-0491</Code><Quantity>2</Quantity><Net>57.6</Net><Clinician>DHA-P-0022492</Clinician><Observation><Type>Text</Type><Code>Non-Standard-Code</Code><Value>SDCH10</Value><ValueType>Other</ValueType></Observation><Observation><Type>Text</Type><Code>Description</Code><Value>SODIUM CHLORIDE 0.9% 100 ML</Value><ValueType>Other</ValueType></Observation></Activity><Activity><ID>PBLXX034680P764</ID><Start>13/09/2013 08:10</Start><Type>5</Type><Code>0006-106601-0394</Code><Quantity>4</Quantity><Net>1.04</Net><Clinician>DHA-P-0022492</Clinician><Observation><Type>Text</Type><Code>Non-Standard-Code</Code><Value>PNDLAD</Value><ValueType>Other</ValueType></Observation><Observation><Type>Text</Type><Code>Description</Code><Value>PANADOL ADVANCE  24S</Value><ValueType>Other</ValueType></Observation></Activity><Activity><ID>PBLXX034680V219</ID><Start>13/09/2013 08:10</Start><Type>5</Type><Code>0027-149904-0341</Code><Quantity>2</Quantity><Net>4.76</Net><Clinician>DHA-P-0022492</Clinician><Observation><Type>Text</Type><Code>Non-Standard-Code</Code><Value>VOLT 50T</Value><ValueType>Other</ValueType></Observation><Observation><Type>Text</Type><Code>Description</Code><Value>VOLTAREN 50MG TAB 20 S</Value><ValueType>Other</ValueType></Observation></Activity><Activity><ID>PBLXX034681*199</ID><Start>13/09/2013 08:10</Start><Type>4</Type><Code>A4213</Code><Quantity>2</Quantity><Net>1.12</Net><Clinician>DHA-P-0022492</Clinician><Observation><Type>Text</Type><Code>Non-Standard-Code</Code><Value>MD0774</Value><ValueType>Other</ValueType></Observation><Observation><Type>Text</Type><Code>Description</Code><Value>SYRINGE 10 ML HMD UNOLOK (50/BOX)</Value><ValueType>Other</ValueType></Observation></Activity><Activity><ID>PBLXX0346979159</ID><Start>13/09/2013 11:39</Start><Type>4</Type><Code>A6413</Code><Quantity>3</Quantity><Net>0.23</Net><Clinician>DHA-P-0022492</Clinician><Observation><Type>Text</Type><Code>Non-Standard-Code</Code><Value>MD2995</Value><ValueType>Other</ValueType></Observation><Observation><Type>Text</Type><Code>Description</Code><Value>BAND AID SPOT  BROSPOT 22MM - BROSCO</Value><ValueType>Other</ValueType></Observation></Activity><Activity><ID>PBLXX034697O094</ID><Start>13/09/2013 11:39</Start><Type>4</Type><Code>A6259</Code><Quantity>5</Quantity><Net>19.5</Net><Clinician>DHA-P-0022492</Clinician><Observation><Type>Text</Type><Code>Non-Standard-Code</Code><Value>MD1123</Value><ValueType>Other</ValueType></Observation><Observation><Type>Text</Type><Code>Description</Code><Value>OPSITE 6.5CM X 5CM #66000708 SMITH&amp;NEPHEW</Value><ValueType>Other</ValueType></Observation></Activity><Activity><ID>PBLXX034672P231</ID><Start>13/09/2013 08:00</Start><Type>5</Type><Code>0014-245502-0511</Code><Quantity>1</Quantity><Net>48</Net><Clinician>DHA-P-0022492</Clinician><Observation><Type>Text</Type><Code>Non-Standard-Code</Code><Value>PET100</Value><ValueType>Other</ValueType></Observation><Observation><Type>Text</Type><Code>Description</Code><Value>PETHIDINE 100MG/2ML AMP</Value><ValueType>Other</ValueType></Observation></Activity><Activity><ID>PBLXX034673D366</ID><Start>13/09/2013 08:00</Start><Type>4</Type><Code>T4535</Code><Quantity>1</Quantity><Net>2.1</Net><Clinician>DHA-P-0022492</Clinician><Observation><Type>Text</Type><Code>Non-Standard-Code</Code><Value>MD0740</Value><ValueType>Other</ValueType></Observation><Observation><Type>Text</Type><Code>Description</Code><Value>DISPOSABLE BRIEFS/PANTIES - 50PCS/BOX</Value><ValueType>Other</ValueType></Observation></Activity><Activity><ID>PBLXX034673K120</ID><Start>13/09/2013 08:00</Start><Type>4</Type><Code>A4649</Code><Quantity>4</Quantity><Net>8.4</Net><Clinician>DHA-P-0022492</Clinician><Observation><Type>Text</Type><Code>Non-Standard-Code</Code><Value>MD0602</Value><ValueType>Other</ValueType></Observation><Observation><Type>Text</Type><Code>Description</Code><Value>KIDNEY TRAY PLASTIC DISPOSABLE</Value><ValueType>Other</ValueType></Observation></Activity><Activity><ID>PBLXX034673R228</ID><Start>13/09/2013 08:00</Start><Type>4</Type><Code>J7120</Code><Quantity>2</Quantity><Net>12.29</Net><Clinician>DHA-P-0022492</Clinician><Observation><Type>Text</Type><Code>Non-Standard-Code</Code><Value>PH0003</Value><ValueType>Other</ValueType></Observation><Observation><Type>Text</Type><Code>Description</Code><Value>RINGER LACTATE 500ML</Value><ValueType>Other</ValueType></Observation></Activity><Activity><ID>PBLXX034675E396</ID><Start>13/09/2013 08:00</Start><Type>5</Type><Code>0154-176901-1021</Code><Quantity>1</Quantity><Net>28.61</Net><Clinician>DHA-P-0022492</Clinician><Observation><Type>Text</Type><Code>Non-Standard-Code</Code><Value>ESMVA0</Value><ValueType>Other</ValueType></Observation><Observation><Type>Text</Type><Code>Description</Code><Value>ESMERON 50MG/5 ML 10`S</Value><ValueType>Other</ValueType></Observation></Activity><Activity><ID>PBLXX0346751254</ID><Start>13/09/2013 08:00</Start><Type>5</Type><Code>0064-120706-1021</Code><Quantity>2</Quantity><Net>28.8</Net><Clinician>DHA-P-0022492</Clinician><Observation><Type>Text</Type><Code>Non-Standard-Code</Code><Value>ATRS60</Value><ValueType>Other</ValueType></Observation><Observation><Type>Text</Type><Code>Description</Code><Value>ATROPINE SULPHATE 600MCG AMP</Value><ValueType>Other</ValueType></Observation></Activity><Activity><ID>PBLXX034675G213</ID><Start>13/09/2013 08:00</Start><Type>5</Type><Code>0128-192201-0511</Code><Quantity>1</Quantity><Net>19.2</Net><Clinician>DHA-P-0022492</Clinician><Observation><Type>Text</Type><Code>Non-Standard-Code</Code><Value>GLYCOP</Value><ValueType>Other</ValueType></Observation><Observation><Type>Text</Type><Code>Description</Code><Value>GLYCOPYROLATE 0.2 MG 1 ML VIAL</Value><ValueType>Other</ValueType></Observation></Activity><Activity><ID>PBLXX034679I018</ID><Start>13/09/2013 08:08</Start><Type>4</Type><Code>A9900</Code><Quantity>2</Quantity><Net>1</Net><Clinician>DHA-P-0022492</Clinician><Observation><Type>Text</Type><Code>Non-Standard-Code</Code><Value>MD2963</Value><ValueType>Other</ValueType></Observation><Observation><Type>Text</Type><Code>Description</Code><Value>ID BAND PEDIATRIC WRISTLET # IBDA -  01 BROSCO INTERNATIONAL INC</Value><ValueType>Other</ValueType></Observation></Activity><Activity><ID>PBLXX034679U025</ID><Start>13/09/2013 08:08</Start><Type>4</Type><Code>A4554</Code><Quantity>5</Quantity><Net>9</Net><Clinician>DHA-P-0022492</Clinician><Observation><Type>Text</Type><Code>Non-Standard-Code</Code><Value>MD2233</Value><ValueType>Other</ValueType></Observation><Observation><Type>Text</Type><Code>Description</Code><Value>UNDER PAD SIZE: 60 X 90 BROMED PLUS</Value><ValueType>Other</ValueType></Observation></Activity><Activity><ID>PBLXX0346795319</ID><Start>13/09/2013 08:08</Start><Type>4</Type><Code>A4930</Code><Quantity>100</Quantity><Net>32</Net><Clinician>DHA-P-0022492</Clinician><Observation><Type>Text</Type><Code>Non-Standard-Code</Code><Value>MD1711</Value><ValueType>Other</ValueType></Observation><Observation><Type>Text</Type><Code>Description</Code><Value>GLOVES NITRATEX NITRLE MICROTOUCH MEDIUM 700113</Value><ValueType>Other</ValueType></Observation></Activity><Activity><ID>PBLXX0346817366</ID><Start>13/09/2013 08:10</Start><Type>4</Type><Code>C8957</Code><Quantity>1</Quantity><Net>56.48</Net><Clinician>DHA-P-0022492</Clinician><Observation><Type>Text</Type><Code>Non-Standard-Code</Code><Value>MD1178</Value><ValueType>Other</ValueType></Observation><Observation><Type>Text</Type><Code>Description</Code><Value>PRIMARY INFUSION / I.V  SET, 250 CM,ALARIS 72023E PK/50</Value><ValueType>Other</ValueType></Observation></Activity><Activity><ID>PBLXX0346739159</ID><Start>13/09/2013 08:00</Start><Type>4</Type><Code>A6413</Code><Quantity>2</Quantity><Net>0.15</Net><Clinician>DHA-P-0022492</Clinician><Observation><Type>Text</Type><Code>Non-Standard-Code</Code><Value>MD2995</Value><ValueType>Other</ValueType></Observation><Observation><Type>Text</Type><Code>Description</Code><Value>BAND AID SPOT  BROSPOT 22MM - BROSCO</Value><ValueType>Other</ValueType></Observation></Activity><Activity><ID>PBLXX0346733009</ID><Start>13/09/2013 08:00</Start><Type>4</Type><Code>A4346</Code><Quantity>2</Quantity><Net>15.6</Net><Clinician>DHA-P-0022492</Clinician><Observation><Type>Text</Type><Code>Non-Standard-Code</Code><Value>MD1396</Value><ValueType>Other</ValueType></Observation><Observation><Type>Text</Type><Code>Description</Code><Value>3 WAY BD CONNECTA 7 CM REF.# 394945 (50/PACK)</Value><ValueType>Other</ValueType></Observation></Activity><Activity><ID>PBLXX034675Z055</ID><Start>13/09/2013 08:00</Start><Type>5</Type><Code>0006-238801-1021</Code><Quantity>1</Quantity><Net>54.82</Net><Clinician>DHA-P-0022492</Clinician><Observation><Type>Text</Type><Code>Non-Standard-Code</Code><Value>ZOFIJ0</Value><ValueType>Other</ValueType></Observation><Observation><Type>Text</Type><Code>Description</Code><Value>ZOFRAN 2MG/ML 2ML 5 S</Value><ValueType>Other</ValueType></Observation></Activity><Activity><ID>PBLXX034675S334</ID><Start>13/09/2013 08:00</Start><Type>5</Type><Code>0439-264601-1931</Code><Quantity>2</Quantity><Net>384</Net><Clinician>DHA-P-0022492</Clinician><Observation><Type>Text</Type><Code>Non-Standard-Code</Code><Value>SVFL25</Value><ValueType>Other</ValueType></Observation><Observation><Type>Text</Type><Code>Description</Code><Value>SEVOFLURANE INHALATION 250 ML</Value><ValueType>Other</ValueType></Observation></Activity><Activity><ID>PBLXX034673*204</ID><Start>13/09/2013 08:00</Start><Type>4</Type><Code>A4213</Code><Quantity>2</Quantity><Net>0.7</Net><Clinician>DHA-P-0022492</Clinician><Observation><Type>Text</Type><Code>Non-Standard-Code</Code><Value>MD0114</Value><ValueType>Other</ValueType></Observation><Observation><Type>Text</Type><Code>Description</Code><Value>SYRINGE 3 ML HMD UNOLOK [1\100]</Value><ValueType>Other</ValueType></Observation></Activity><Activity><ID>PBLXX0346748117</ID><Start>13/09/2013 08:00</Start><Type>5</Type><Code>0056-166503-0322</Code><Quantity>1</Quantity><Net>25.82</Net><Clinician>DHA-P-0022492</Clinician><Observation><Type>Text</Type><Code>Non-Standard-Code</Code><Value>PROVA0</Value><ValueType>Other</ValueType></Observation><Observation><Type>Text</Type><Code>Description</Code><Value>PROPOFOL 1% FRESENIUS 20ML 5 S</Value><ValueType>Other</ValueType></Observation></Activity><Activity><ID>PBLXX0346752166</ID><Start>13/09/2013 08:00</Start><Type>5</Type><Code>0063-136006-1021</Code><Quantity>1</Quantity><Net>19.2</Net><Clinician>DHA-P-0022492</Clinician><Observation><Type>Text</Type><Code>Non-Standard-Code</Code><Value>BUPIVA0.25</Value><ValueType>Other</ValueType></Observation><Observation><Type>Text</Type><Code>Description</Code><Value>BUPIVACAINE 50MG/20ML 0.25% INJ</Value><ValueType>Other</ValueType></Observation></Activity><Activity><ID>PBLXX034675N168</ID><Start>13/09/2013 08:00</Start><Type>5</Type><Code>0208-231201-0511</Code><Quantity>1</Quantity><Net>24</Net><Clinician>DHA-P-0022492</Clinician><Observation><Type>Text</Type><Code>Non-Standard-Code</Code><Value>NSTGM2</Value><ValueType>Other</ValueType></Observation><Observation><Type>Text</Type><Code>Description</Code><Value>NEOSTIGMINE 2.5MG/ML  AMP</Value><ValueType>Other</ValueType></Observation></Activity><Activity><ID>PBLXX034680Z033</ID><Start>13/09/2013 08:10</Start><Type>5</Type><Code>1162-143603-0801</Code><Quantity>2</Quantity><Net>38.4</Net><Clinician>DHA-P-0022492</Clinician><Observation><Type>Text</Type><Code>Non-Standard-Code</Code><Value>ZINIJ0</Value><ValueType>Other</ValueType></Observation><Observation><Type>Text</Type><Code>Description</Code><Value>ZINACEF 750MG VIAL</Value><ValueType>Other</ValueType></Observation></Activity><Activity><ID>PBLXX034681M182</ID><Start>13/09/2013 08:10</Start><Type>4</Type><Code>A9900</Code><Quantity>5</Quantity><Net>0.5</Net><Clinician>DHA-P-0022492</Clinician><Observation><Type>Text</Type><Code>Non-Standard-Code</Code><Value>MD0576</Value><ValueType>Other</ValueType></Observation><Observation><Type>Text</Type><Code>Description</Code><Value>MEDICINE CUP 1OZ</Value><ValueType>Other</ValueType></Observation></Activity><Activity><ID>PBLXX034681*203</ID><Start>13/09/2013 08:10</Start><Type>4</Type><Code>A4206</Code><Quantity>2</Quantity><Net>2.24</Net><Clinician>DHA-P-0022492</Clinician><Observation><Type>Text</Type><Code>Non-Standard-Code</Code><Value>MD0113</Value><ValueType>Other</ValueType></Observation><Observation><Type>Text</Type><Code>Description</Code><Value>SYRINGE 20 ML WITH NEEDLE HMD UNOLOK [25X1]</Value><ValueType>Other</ValueType></Observation></Activity><Activity><ID>PBLXX034697G032</ID><Start>13/09/2013 11:39</Start><Type>4</Type><Code>A6404</Code><Quantity>5</Quantity><Net>2.2</Net><Clinician>DHA-P-0022492</Clinician><Observation><Type>Text</Type><Code>Non-Standard-Code</Code><Value>MD0436</Value><ValueType>Other</ValueType></Observation><Observation><Type>Text</Type><Code>Description</Code><Value>GAUZE SPONGE 2X2 8 PLY STERILE 50POUCHES/PACK  #ST2208 BROMED</Value><ValueType>Other</ValueType></Observation></Activity><Activity><ID>PBLXX034697O090</ID><Start>13/09/2013 11:39</Start><Type>4</Type><Code>A6259</Code><Quantity>5</Quantity><Net>72.5</Net><Clinician>DHA-P-0022492</Clinician><Observation><Type>Text</Type><Code>Non-Standard-Code</Code><Value>MD1841</Value><ValueType>Other</ValueType></Observation><Observation><Type>Text</Type><Code>Description</Code><Value>OPSITE 20CM X 10CM #66000713 SMITH&amp;NEPHEW</Value><ValueType>Other</ValueType></Observation></Activity><Activity><ID>BILXX0292560838</ID><Start>13/09/2013 07:49</Start><Type>3</Type><Code>77003</Code><Quantity>1</Quantity><Net>231</Net><Clinician>DHA-P-0022492</Clinician><Observation><Type>Text</Type><Code>Non-Standard-Code</Code><Value>RAD104</Value><ValueType>Other</ValueType></Observation><Observation><Type>Text</Type><Code>Description</Code><Value>C-ARM CHARGES (PER HALF HOUR)</Value><ValueType>Other</ValueType></Observation></Activity><Activity><ID>PBLXX034673I019</ID><Start>13/09/2013 08:00</Start><Type>4</Type><Code>A9900</Code><Quantity>2</Quantity><Net>1</Net><Clinician>DHA-P-0022492</Clinician><Observation><Type>Text</Type><Code>Non-Standard-Code</Code><Value>MD2964</Value><ValueType>Other</ValueType></Observation><Observation><Type>Text</Type><Code>Description</Code><Value>ID BAND ADULT WRISTLET  # IBDA - 01 BROSCO INTERNATIONAL INC</Value><ValueType>Other</ValueType></Observation></Activity><Activity><ID>PBLXX034673U025</ID><Start>13/09/2013 08:00</Start><Type>4</Type><Code>A4554</Code><Quantity>3</Quantity><Net>5.4</Net><Clinician>DHA-P-0022492</Clinician><Observation><Type>Text</Type><Code>Non-Standard-Code</Code><Value>MD2233</Value><ValueType>Other</ValueType></Observation><Observation><Type>Text</Type><Code>Description</Code><Value>UNDER PAD SIZE: 60 X 90 BROMED PLUS</Value><ValueType>Other</ValueType></Observation></Activity><Activity><ID>PBLXX034673I251</ID><Start>13/09/2013 08:00</Start><Type>4</Type><Code>A4649</Code><Quantity>1</Quantity><Net>5.88</Net><Clinician>DHA-P-0022492</Clinician><Observation><Type>Text</Type><Code>Non-Standard-Code</Code><Value>MD1594</Value><ValueType>Other</ValueType></Observation><Observation><Type>Text</Type><Code>Description</Code><Value>IV CANNULA 20 GA - 1.0X32MM PINK #391452 BD VENFLON</Value><ValueType>Other</ValueType></Observation></Activity><Activity><ID>PBLXX034676C828</ID><Start>13/09/2013 08:00</Start><Type>4</Type><Code>A4649</Code><Quantity>1</Quantity><Net>438</Net><Clinician>DHA-P-0022492</Clinician><Observation><Type>Text</Type><Code>Non-Standard-Code</Code><Value>MD3682</Value><ValueType>Other</ValueType></Observation><Observation><Type>Text</Type><Code>Description</Code><Value>COMFORT MASK DISPOSABLE PACK/5 A-70310 ALLEN MEDICAL</Value><ValueType>Other</ValueType></Observation></Activity><Activity><ID>PBLXX034676R228</ID><Start>13/09/2013 08:00</Start><Type>4</Type><Code>J7120</Code><Quantity>2</Quantity><Net>12.29</Net><Clinician>DHA-P-0022492</Clinician><Observation><Type>Text</Type><Code>Non-Standard-Code</Code><Value>PH0003</Value><ValueType>Other</ValueType></Observation><Observation><Type>Text</Type><Code>Description</Code><Value>RINGER LACTATE 500ML</Value><ValueType>Other</ValueType></Observation></Activity><Activity><ID>PBLXX034679D366</ID><Start>13/09/2013 08:08</Start><Type>4</Type><Code>T4535</Code><Quantity>5</Quantity><Net>10.5</Net><Clinician>DHA-P-0022492</Clinician><Observation><Type>Text</Type><Code>Non-Standard-Code</Code><Value>MD0740</Value><ValueType>Other</ValueType></Observation><Observation><Type>Text</Type><Code>Description</Code><Value>DISPOSABLE BRIEFS/PANTIES - 50PCS/BOX</Value><ValueType>Other</ValueType></Observation></Activity><Activity><ID>PBLXX0346808397</ID><Start>13/09/2013 08:10</Start><Type>5</Type><Code>0000-000000-0000</Code><Quantity>2</Quantity><Net>48</Net><Clinician>DHA-P-0022492</Clinician><Observation><Type>Text</Type><Code>Non-Standard-Code</Code><Value>SODCH5</Value><ValueType>Other</ValueType></Observation><Observation><Type>Text</Type><Code>Description</Code><Value>SODIUM CHLORIDE 0.9% 50 ML</Value><ValueType>Other</ValueType></Observation></Activity><Activity><ID>PBLXX034695V226</ID><Start>13/09/2013 11:11</Start><Type>5</Type><Code>0027-149907-0113</Code><Quantity>30</Quantity><Net>104.64</Net><Clinician>DHA-P-0022492</Clinician><Observation><Type>Text</Type><Code>Non-Standard-Code</Code><Value>VOLTB0</Value><ValueType>Other</ValueType></Observation><Observation><Type>Text</Type><Code>Description</Code><Value>VOLTAREN SR 75MG TAB 30 S</Value><ValueType>Other</ValueType></Observation></Activity><Activity><ID>PBLXX034695P764</ID><Start>13/09/2013 11:11</Start><Type>5</Type><Code>0006-106601-0394</Code><Quantity>72</Quantity><Net>18.72</Net><Clinician>DHA-P-0022492</Clinician><Observation><Type>Text</Type><Code>Non-Standard-Code</Code><Value>PNDLAD</Value><ValueType>Other</ValueType></Observation><Observation><Type>Text</Type><Code>Description</Code><Value>PANADOL ADVANCE  24S</Value><ValueType>Other</ValueType></Observation></Activity><Activity><ID>PBLXX0346724375</ID><Start>13/09/2013 08:00</Start><Type>5</Type><Code>0035-168604-1171</Code><Quantity>1</Quantity><Net>0.86</Net><Clinician>DHA-P-0022492</Clinician><Observation><Type>Text</Type><Code>Non-Standard-Code</Code><Value>DORTB02</Value><ValueType>Other</ValueType></Observation><Observation><Type>Text</Type><Code>Description</Code><Value>DORMICUM 7.5MG TAB 10 S</Value><ValueType>Other</ValueType></Observation></Activity><Activity><ID>PBLXX034673T115</ID><Start>13/09/2013 08:00</Start><Type>4</Type><Code>A6257</Code><Quantity>1</Quantity><Net>5.8</Net><Clinician>DHA-P-0022492</Clinician><Observation><Type>Text</Type><Code>Non-Standard-Code</Code><Value>MD1271</Value><ValueType>Other</ValueType></Observation><Observation><Type>Text</Type><Code>Description</Code><Value>TEGADERM I.V. 5 CM X 5.7 CM 1610 3M TRANSPARENT DRESSING</Value><ValueType>Other</ValueType></Observation></Activity><Activity><ID>PBLXX034676S985</ID><Start>13/09/2013 08:00</Start><Type>4</Type><Code>A4649</Code><Quantity>1</Quantity><Net>459.55</Net><Clinician>DHA-P-0022492</Clinician><Observation><Type>Text</Type><Code>Non-Standard-Code</Code><Value>MD4147</Value><ValueType>Other</ValueType></Observation><Observation><Type>Text</Type><Code>Description</Code><Value>SURGICEL FIBRILLAR 1X2 ABSORBABLE HEMSTAT 1961 J&amp;J</Value><ValueType>Other</ValueType></Observation></Activity><Activity><ID>PBLXX034679K120</ID><Start>13/09/2013 08:08</Start><Type>4</Type><Code>A4649</Code><Quantity>2</Quantity><Net>4.2</Net><Clinician>DHA-P-0022492</Clinician><Observation><Type>Text</Type><Code>Non-Standard-Code</Code><Value>MD0602</Value><ValueType>Other</ValueType></Observation><Observation><Type>Text</Type><Code>Description</Code><Value>KIDNEY TRAY PLASTIC DISPOSABLE</Value><ValueType>Other</ValueType></Observation></Activity><Activity><ID>PBLXX034681K120</ID><Start>13/09/2013 08:10</Start><Type>4</Type><Code>A4649</Code><Quantity>3</Quantity><Net>6.3</Net><Clinician>DHA-P-0022492</Clinician><Observation><Type>Text</Type><Code>Non-Standard-Code</Code><Value>MD0602</Value><ValueType>Other</ValueType></Observation><Observation><Type>Text</Type><Code>Description</Code><Value>KIDNEY TRAY PLASTIC DISPOSABLE</Value><ValueType>Other</ValueType></Observation></Activity><Activity><ID>PBLXX034681M040</ID><Start>13/09/2013 08:10</Start><Type>4</Type><Code>E0325</Code><Quantity>2</Quantity><Net>14</Net><Clinician>DHA-P-0022492</Clinician><Observation><Type>Text</Type><Code>Non-Standard-Code</Code><Value>MD2323</Value><ValueType>Other</ValueType></Observation><Observation><Type>Text</Type><Code>Description</Code><Value>MALE URINAL BOTTLE- 1LTR.</Value><ValueType>Other</ValueType></Observation></Activity><Activity><ID>PBLXX034697I265</ID><Start>13/09/2013 11:39</Start><Type>4</Type><Code>A4649</Code><Quantity>2</Quantity><Net>2.72</Net><Clinician>DHA-P-0022492</Clinician><Observation><Type>Text</Type><Code>Non-Standard-Code</Code><Value>MD0043</Value><ValueType>Other</ValueType></Observation><Observation><Type>Text</Type><Code>Description</Code><Value>IV INFUSION SET VENTED LUERLOCK 20DROPS/ML 21G X 1.5 #IVIN-20 BROMED 50/BOX</Value><ValueType>Other</ValueType></Observation></Activity><Activity><ID>PBLXX034697K120</ID><Start>13/09/2013 11:39</Start><Type>4</Type><Code>A4649</Code><Quantity>5</Quantity><Net>10.5</Net><Clinician>DHA-P-0022492</Clinician><Observation><Type>Text</Type><Code>Non-Standard-Code</Code><Value>MD0602</Value><ValueType>Other</ValueType></Observation><Observation><Type>Text</Type><Code>Description</Code><Value>KIDNEY TRAY PLASTIC DISPOSABLE</Value><ValueType>Other</ValueType></Observation></Activity><Activity><ID>RMRXX0014330033</ID><Start>13/09/2013 13:21</Start><Type>8</Type><Code>17.05</Code><Quantity>1</Quantity><Net>752.5</Net><Clinician>DHA-P-0022492</Clinician><Observation><Type>Text</Type><Code>Non-Standard-Code</Code><Value>RMC003</Value><ValueType>Other</ValueType></Observation><Observation><Type>Text</Type><Code>Description</Code><Value>ROOM CHARGE</Value><ValueType>Other</ValueType></Observation></Activity><Activity><ID>SURXX001928M001</ID><Start>12/09/2013 12:47</Start><Type>3</Type><Code>63030</Code><Quantity>1</Quantity><Net>17325</Net><Clinician>DHA-P-0022492</Clinician><Observation><Type>Text</Type><Code>Non-Standard-Code</Code><Value>NER017</Value><ValueType>Other</ValueType></Observation><Observation><Type>Text</Type><Code>Description</Code><Value>MICRO-LUMBAR DISCECTOMY - SINGLE LEVEL.</Value><ValueType>Other</ValueType></Observation></Activity><Activity><ID>PBLXX034672P207</ID><Start>13/09/2013 08:00</Start><Type>5</Type><Code>0496-106617-0131</Code><Quantity>1</Quantity><Net>14.72</Net><Clinician>DHA-P-0022492</Clinician><Observation><Type>Text</Type><Code>Non-Standard-Code</Code><Value>PERVA0</Value><ValueType>Other</ValueType></Observation><Observation><Type>Text</Type><Code>Description</Code><Value>PERFALGAN 1G VIAL</Value><ValueType>Other</ValueType></Observation></Activity><Activity><ID>PBLXX034673G036</ID><Start>13/09/2013 08:00</Start><Type>4</Type><Code>A6404</Code><Quantity>5</Quantity><Net>3.2</Net><Clinician>DHA-P-0022492</Clinician><Observation><Type>Text</Type><Code>Non-Standard-Code</Code><Value>MD0437</Value><ValueType>Other</ValueType></Observation><Observation><Type>Text</Type><Code>Description</Code><Value>GAUZE SPONGE 3X3 8 PLY STERILE 50POUCHES/PKT #ST3308 BROMED</Value><ValueType>Other</ValueType></Observation></Activity><Activity><ID>PBLXX034673M182</ID><Start>13/09/2013 08:00</Start><Type>4</Type><Code>A9900</Code><Quantity>1</Quantity><Net>0.1</Net><Clinician>DHA-P-0022492</Clinician><Observation><Type>Text</Type><Code>Non-Standard-Code</Code><Value>MD0576</Value><ValueType>Other</ValueType></Observation><Observation><Type>Text</Type><Code>Description</Code><Value>MEDICINE CUP 1OZ</Value><ValueType>Other</ValueType></Observation></Activity><Activity><ID>PBLXX034673N360</ID><Start>13/09/2013 08:00</Start><Type>4</Type><Code>A9270</Code><Quantity>1</Quantity><Net>0.16</Net><Clinician>DHA-P-0022492</Clinician><Observation><Type>Text</Type><Code>Non-Standard-Code</Code><Value>GC0207</Value><ValueType>Other</ValueType></Observation><Observation><Type>Text</Type><Code>Description</Code><Value>NURSES CAP (BLUE/WHITE) 100PC/PACK.</Value><ValueType>Other</ValueType></Observation></Activity><Activity><ID>PBLXX034673I265</ID><Start>13/09/2013 08:00</Start><Type>4</Type><Code>A4649</Code><Quantity>2</Quantity><Net>2.72</Net><Clinician>DHA-P-0022492</Clinician><Observation><Type>Text</Type><Code>Non-Standard-Code</Code><Value>MD0043</Value><ValueType>Other</ValueType></Observation><Observation><Type>Text</Type><Code>Description</Code><Value>IV INFUSION SET VENTED LUERLOCK 20DROPS/ML 21G X 1.5 #IVIN-20 BROMED 50/BOX</Value><ValueType>Other</ValueType></Observation></Activity><Activity><ID>PBLXX034673*199</ID><Start>13/09/2013 08:00</Start><Type>4</Type><Code>A4213</Code><Quantity>2</Quantity><Net>1.12</Net><Clinician>DHA-P-0022492</Clinician><Observation><Type>Text</Type><Code>Non-Standard-Code</Code><Value>MD0774</Value><ValueType>Other</ValueType></Observation><Observation><Type>Text</Type><Code>Description</Code><Value>SYRINGE 10 ML HMD UNOLOK (50/BOX)</Value><ValueType>Other</ValueType></Observation></Activity><Activity><ID>PBLXX034674F087</ID><Start>13/09/2013 08:00</Start><Type>5</Type><Code>0072-171106-0512</Code><Quantity>1</Quantity><Net>48</Net><Clinician>DHA-P-0022492</Clinician><Observation><Type>Text</Type><Code>Non-Standard-Code</Code><Value>FENAM0</Value><ValueType>Other</ValueType></Observation><Observation><Type>Text</Type><Code>Description</Code><Value>FENTANYL 0.05 MG/ML 2ML</Value><ValueType>Other</ValueType></Observation></Activity><Activity><ID>PBLXX034697G040</ID><Start>13/09/2013 11:39</Start><Type>4</Type><Code>A6404</Code><Quantity>5</Quantity><Net>4.8</Net><Clinician>DHA-P-0022492</Clinician><Observation><Type>Text</Type><Code>Non-Standard-Code</Code><Value>MD0438</Value><ValueType>Other</ValueType></Observation><Observation><Type>Text</Type><Code>Description</Code><Value>GAUZE SPONGE 4X4 8 PLY STERILE 50POUCHES/PACK</Value><ValueType>Other</ValueType></Observation></Activity><Activity><ID>PBLXX034698V219</ID><Start>13/09/2013 11:39</Start><Type>5</Type><Code>0027-149904-0341</Code><Quantity>4</Quantity><Net>9.52</Net><Clinician>DHA-P-0022492</Clinician><Observation><Type>Text</Type><Code>Non-Standard-Code</Code><Value>VOLT 50T</Value><ValueType>Other</ValueType></Observation><Observation><Type>Text</Type><Code>Description</Code><Value>VOLTAREN 50MG TAB 20 S</Value><ValueType>Other</ValueType></Observation></Activity><Activity><ID>SVRXX004191P007</ID><Start>12/09/2013 12:47</Start><Type>8</Type><Code>10</Code><Quantity>1</Quantity><Net>290.5</Net><Clinician>DHA-P-0021603</Clinician><Observation><Type>Text</Type><Code>Non-Standard-Code</Code><Value>ANA001</Value><ValueType>Other</ValueType></Observation><Observation><Type>Text</Type><Code>Description</Code><Value>PREANESTHETIST CONSULTATION</Value><ValueType>Other</ValueType></Observation></Activity><Activity><ID>PBLXX034673A256</ID><Start>13/09/2013 08:00</Start><Type>4</Type><Code>A4554</Code><Quantity>6</Quantity><Net>0.29</Net><Clinician>DHA-P-0022492</Clinician><Observation><Type>Text</Type><Code>Non-Standard-Code</Code><Value>MD0425</Value><ValueType>Other</ValueType></Observation><Observation><Type>Text</Type><Code>Description</Code><Value>ALCOHOL PREP PADS 200PC/PACK</Value><ValueType>Other</ValueType></Observation></Activity><Activity><ID>PBLXX0346757319</ID><Start>13/09/2013 08:00</Start><Type>5</Type><Code>0005-150403-1021</Code><Quantity>1</Quantity><Net>4.8</Net><Clinician>DHA-P-0022492</Clinician><Observation><Type>Text</Type><Code>Non-Standard-Code</Code><Value>PRMSNI</Value><ValueType>Other</ValueType></Observation><Observation><Type>Text</Type><Code>Description</Code><Value>PREMOSAN 10MG/2ML INJ 5 S</Value><ValueType>Other</ValueType></Observation></Activity><Activity><ID>PBLXX034675Z033</ID><Start>13/09/2013 08:00</Start><Type>5</Type><Code>1162-143603-0801</Code><Quantity>2</Quantity><Net>38.4</Net><Clinician>DHA-P-0022492</Clinician><Observation><Type>Text</Type><Code>Non-Standard-Code</Code><Value>ZINIJ0</Value><ValueType>Other</ValueType></Observation><Observation><Type>Text</Type><Code>Description</Code><Value>ZINACEF 750MG VIAL</Value><ValueType>Other</ValueType></Observation></Activity><Activity><ID>PBLXX034676N306</ID><Start>13/09/2013 08:00</Start><Type>4</Type><Code>J7030</Code><Quantity>2</Quantity><Net>22.08</Net><Clinician>DHA-P-0022492</Clinician><Observation><Type>Text</Type><Code>Non-Standard-Code</Code><Value>PH0001</Value><ValueType>Other</ValueType></Observation><Observation><Type>Text</Type><Code>Description</Code><Value>NORMAL SALINE FOR IRRIGATION 1000ML</Value><ValueType>Other</ValueType></Observation></Activity><Activity><ID>PBLXX0346793219</ID><Start>13/09/2013 08:08</Start><Type>4</Type><Code>E0167</Code><Quantity>2</Quantity><Net>15.16</Net><Clinician>DHA-P-0022492</Clinician><Observation><Type>Text</Type><Code>Non-Standard-Code</Code><Value>MD0493</Value><ValueType>Other</ValueType></Observation><Observation><Type>Text</Type><Code>Description</Code><Value>COMMODE PAN (DISPOSABLE) 200PC/BOX  CAT NO. 111AA200</Value><ValueType>Other</ValueType></Observation></Activity><Activity><ID>PBLXX034681I265</ID><Start>13/09/2013 08:10</Start><Type>4</Type><Code>A4649</Code><Quantity>2</Quantity><Net>2.72</Net><Clinician>DHA-P-0022492</Clinician><Observation><Type>Text</Type><Code>Non-Standard-Code</Code><Value>MD0043</Value><ValueType>Other</ValueType></Observation><Observation><Type>Text</Type><Code>Description</Code><Value>IV INFUSION SET VENTED LUERLOCK 20DROPS/ML 21G X 1.5 #IVIN-20 BROMED 50/BOX</Value><ValueType>Other</ValueType></Observation></Activity><Activity><ID>PBLXX034697A256</ID><Start>13/09/2013 11:39</Start><Type>4</Type><Code>A4554</Code><Quantity>5</Quantity><Net>0.25</Net><Clinician>DHA-P-0022492</Clinician><Observation><Type>Text</Type><Code>Non-Standard-Code</Code><Value>MD0425</Value><ValueType>Other</ValueType></Observation><Observation><Type>Text</Type><Code>Description</Code><Value>ALCOHOL PREP PADS 200PC/PACK</Value><ValueType>Other</ValueType></Observation></Activity><Activity><ID>PBLXX034697B057</ID><Start>13/09/2013 11:39</Start><Type>4</Type><Code>A6413</Code><Quantity>3</Quantity><Net>0.27</Net><Clinician>DHA-P-0022492</Clinician><Observation><Type>Text</Type><Code>Non-Standard-Code</Code><Value>MD1838</Value><ValueType>Other</ValueType></Observation><Observation><Type>Text</Type><Code>Description</Code><Value>BAND AID STRIP BROPLAST 19 X 75MM BROSCO</Value><ValueType>Other</ValueType></Observation></Activity><Activity><ID>PBLXX034697M040</ID><Start>13/09/2013 11:39</Start><Type>4</Type><Code>E0325</Code><Quantity>2</Quantity><Net>13.99</Net><Clinician>DHA-P-0022492</Clinician><Observation><Type>Text</Type><Code>Non-Standard-Code</Code><Value>MD2323</Value><ValueType>Other</ValueType></Observation><Observation><Type>Text</Type><Code>Description</Code><Value>MALE URINAL BOTTLE- 1LTR.</Value><ValueType>Other</ValueType></Observation></Activity></Claim><Claim><ID>OPC-R-2013-045754</ID><MemberID>097110040043532101</MemberID><PayerID>INS008</PayerID><ProviderID>DHA-F-0000197</ProviderID><EmiratesIDNumber>999-9999-9999999-9</EmiratesIDNumber><Gross>560</Gross><PatientShare>25</PatientShare><Net>535</Net><Encounter><FacilityID>DHA-F-0000197</FacilityID><Type>1</Type><PatientID>0001008884</PatientID><Start>11/09/2013 11:13</Start><End>11/09/2013 11:50</End><StartType>1</StartType><EndType>1</EndType></Encounter><Diagnosis><Type>Principal</Type><Code>M54.9</Code></Diagnosis><Activity><ID>OPRXX0309111029</ID><Start>11/09/2013 11:13</Start><Type>8</Type><Code>11</Code><Quantity>1</Quantity><Net>304</Net><Clinician>DHA-P-0011589</Clinician><Observation><Type>Text</Type><Code>Non-Standard-Code</Code><Value>DCF001</Value><ValueType>Other</ValueType></Observation><Observation><Type>Text</Type><Code>Description</Code><Value>CONSULTANT VISIT -NEW VISIT</Value><ValueType>Other</ValueType></Observation></Activity><Activity><ID>BILXX0290550839</ID><Start>11/09/2013 11:34</Start><Type>3</Type><Code>70010</Code><Quantity>2</Quantity><Net>231</Net><Clinician>DHA-P-0011589</Clinician><Observation><Type>Text</Type><Code>Non-Standard-Code</Code><Value>RAD105</Value><ValueType>Other</ValueType></Observation><Observation><Type>Text</Type><Code>Description</Code><Value>X-RAY (PER VIEW)</Value><ValueType>Other</ValueType></Observation></Activity></Claim><Claim><ID>OPC-R-2013-045245</ID><MemberID>097110040043807802</MemberID><PayerID>INS008</PayerID><ProviderID>DHA-F-0000197</ProviderID><EmiratesIDNumber>999-9999-9999999-9</EmiratesIDNumber><Gross>521.5</Gross><PatientShare>50</PatientShare><Net>471.5</Net><Encounter><FacilityID>DHA-F-0000197</FacilityID><Type>1</Type><PatientID>0001008454</PatientID><Start>08/09/2013 11:31</Start><End>08/09/2013 12:58</End><StartType>1</StartType><EndType>1</EndType></Encounter><Diagnosis><Type>Principal</Type><Code>M51.26</Code></Diagnosis><Diagnosis><Type>Secondary</Type><Code>M79.673</Code></Diagnosis><Diagnosis><Type>Secondary</Type><Code>M72.2</Code></Diagnosis><Diagnosis><Type>Secondary</Type><Code>K29.70</Code></Diagnosis><Diagnosis><Type>Secondary</Type><Code>M54.5</Code></Diagnosis><Activity><ID>OPRXX0305281038</ID><Start>08/09/2013 11:31</Start><Type>8</Type><Code>10</Code><Quantity>1</Quantity><Net>240.5</Net><Clinician>DHA-P-0007891</Clinician><Observation><Type>Text</Type><Code>Non-Standard-Code</Code><Value>DCF010</Value><ValueType>Other</ValueType></Observation><Observation><Type>Text</Type><Code>Description</Code><Value>SPECIALIST -NEW VISIT</Value><ValueType>Other</ValueType></Observation></Activity><Activity><ID>BILXX0286510839</ID><Start>08/09/2013 12:02</Start><Type>3</Type><Code>70010</Code><Quantity>2</Quantity><Net>231</Net><Clinician>DHA-P-0007891</Clinician><Observation><Type>Text</Type><Code>Non-Standard-Code</Code><Value>RAD105</Value><ValueType>Other</ValueType></Observation><Observation><Type>Text</Type><Code>Description</Code><Value>X-RAY (PER VIEW)</Value><ValueType>Other</ValueType></Observation></Activity></Claim><Claim><ID>OPC-R-2013-045149</ID><MemberID>097110040043283002</MemberID><PayerID>INS008</PayerID><ProviderID>DHA-F-0000197</ProviderID><EmiratesIDNumber>999-9999-9999999-9</EmiratesIDNumber><Gross>637</Gross><PatientShare>50</PatientShare><Net>587</Net><Encounter><FacilityID>DHA-F-0000197</FacilityID><Type>1</Type><PatientID>0000170833</PatientID><Start>07/09/2013 17:17</Start><End>07/09/2013 18:18</End><StartType>1</StartType><EndType>1</EndType></Encounter><Diagnosis><Type>Principal</Type><Code>M54.5</Code></Diagnosis><Diagnosis><Type>Secondary</Type><Code>M62.830</Code></Diagnosis><Activity><ID>OPRXX0304711038</ID><Start>07/09/2013 17:17</Start><Type>8</Type><Code>10</Code><Quantity>1</Quantity><Net>240.5</Net><Clinician>DHA-P-0035899</Clinician><Observation><Type>Text</Type><Code>Non-Standard-Code</Code><Value>DCF010</Value><ValueType>Other</ValueType></Observation><Observation><Type>Text</Type><Code>Description</Code><Value>SPECIALIST -NEW VISIT</Value><ValueType>Other</ValueType></Observation></Activity><Activity><ID>BILXX0285750839</ID><Start>07/09/2013 17:26</Start><Type>3</Type><Code>70010</Code><Quantity>3</Quantity><Net>346.5</Net><Clinician>DHA-P-0035899</Clinician><Observation><Type>Text</Type><Code>Non-Standard-Code</Code><Value>RAD105</Value><ValueType>Other</ValueType></Observation><Observation><Type>Text</Type><Code>Description</Code><Value>X-RAY (PER VIEW)</Value><ValueType>Other</ValueType></Observation></Activity></Claim><Claim><ID>OPC-R-2013-045500</ID><MemberID>097110040046058702</MemberID><PayerID>INS008</PayerID><ProviderID>DHA-F-0000197</ProviderID><EmiratesIDNumber>999-9999-9999999-9</EmiratesIDNumber><Gross>290.5</Gross><PatientShare>0</PatientShare><Net>290.5</Net><Encounter><FacilityID>DHA-F-0000197</FacilityID><Type>1</Type><PatientID>0001008842</PatientID><Start>09/09/2013 16:21</Start><End>09/09/2013 19:02</End><StartType>1</StartType><EndType>1</EndType></Encounter><Diagnosis><Type>Principal</Type><Code>R25.1</Code></Diagnosis><Activity><ID>OPRXX0307111038</ID><Start>09/09/2013 16:21</Start><Type>8</Type><Code>10</Code><Quantity>1</Quantity><Net>290.5</Net><Clinician>DHA-P-0034872</Clinician><Observation><Type>Text</Type><Code>Non-Standard-Code</Code><Value>DCF010</Value><ValueType>Other</ValueType></Observation><Observation><Type>Text</Type><Code>Description</Code><Value>SPECIALIST -NEW VISIT</Value><ValueType>Other</ValueType></Observation></Activity></Claim><Claim><ID>OPC-R-2013-044556</ID><MemberID>097110040039824901</MemberID><PayerID>INS008</PayerID><ProviderID>DHA-F-0000197</ProviderID><EmiratesIDNumber>999-9999-9999999-9</EmiratesIDNumber><Gross>252</Gross><PatientShare>0</PatientShare><Net>252</Net><Encounter><FacilityID>DHA-F-0000197</FacilityID><Type>1</Type><PatientID>0001004989</PatientID><Start>03/09/2013 14:34</Start><End>03/09/2013 14:34</End><StartType>1</StartType><EndType>1</EndType></Encounter><Diagnosis><Type>Principal</Type><Code>S62.603A</Code></Diagnosis><Activity><ID>BILXX0281511383</ID><Start>03/09/2013 14:34</Start><Type>3</Type><Code>97010</Code><Quantity>1</Quantity><Net>252</Net><Clinician>DHA-P-0251330</Clinician><PriorAuthorizationID>S3105116</PriorAuthorizationID><Observation><Type>Text</Type><Code>Non-Standard-Code</Code><Value>PHY001</Value><ValueType>Other</ValueType></Observation><Observation><Type>Text</Type><Code>Description</Code><Value>30 MTS PHYSIOTHERAPY</Value><ValueType>Other</ValueType></Observation></Activity></Claim><Claim><ID>OPC-R-2013-045731</ID><MemberID>097110040043847901</MemberID><PayerID>INS008</PayerID><ProviderID>DHA-F-0000197</ProviderID><EmiratesIDNumber>999-9999-9999999-9</EmiratesIDNumber><Gross>252</Gross><PatientShare>0</PatientShare><Net>252</Net><Encounter><FacilityID>DHA-F-0000197</FacilityID><Type>1</Type><PatientID>0001008079</PatientID><Start>11/09/2013 10:42</Start><End>11/09/2013 10:42</End><StartType>1</StartType><EndType>1</EndType></Encounter><Diagnosis><Type>Principal</Type><Code>M75.50</Code></Diagnosis><Activity><ID>BILXX0290411383</ID><Start>11/09/2013 10:42</Start><Type>3</Type><Code>97010</Code><Quantity>1</Quantity><Net>252</Net><Clinician>DHA-P-0006681</Clinician><PriorAuthorizationID>273093</PriorAuthorizationID><Observation><Type>Text</Type><Code>Non-Standard-Code</Code><Value>PHY001</Value><ValueType>Other</ValueType></Observation><Observation><Type>Text</Type><Code>Description</Code><Value>30 MTS PHYSIOTHERAPY</Value><ValueType>Other</ValueType></Observation></Activity></Claim><Claim><ID>OPC-R-2013-044342</ID><MemberID>097110040024776602</MemberID><PayerID>INS008</PayerID><ProviderID>DHA-F-0000197</ProviderID><EmiratesIDNumber>999-9999-9999999-9</EmiratesIDNumber><Gross>213.5</Gross><PatientShare>60</PatientShare><Net>153.5</Net><Encounter><FacilityID>DHA-F-0000197</FacilityID><Type>1</Type><PatientID>0001005563</PatientID><Start>02/09/2013 12:59</Start><End>02/09/2013 13:35</End><StartType>1</StartType><EndType>1</EndType></Encounter><Diagnosis><Type>Principal</Type><Code>M25.569</Code></Diagnosis><Activity><ID>OPRXX0298761039</ID><Start>02/09/2013 12:59</Start><Type>8</Type><Code>10</Code><Quantity>1</Quantity><Net>153.5</Net><Clinician>DHA-P-0246913</Clinician><Observation><Type>Text</Type><Code>Non-Standard-Code</Code><Value>DCF011</Value><ValueType>Other</ValueType></Observation><Observation><Type>Text</Type><Code>Description</Code><Value>SPECIALIST - REPEAT VISIT</Value><ValueType>Other</ValueType></Observation></Activity></Claim><Claim><ID>OPC-R-2013-045266</ID><MemberID>097110040043725101</MemberID><PayerID>INS008</PayerID><ProviderID>DHA-F-0000197</ProviderID><EmiratesIDNumber>999-9999-9999999-9</EmiratesIDNumber><Gross>346.5</Gross><PatientShare>0</PatientShare><Net>346.5</Net><Encounter><FacilityID>DHA-F-0000197</FacilityID><Type>1</Type><PatientID>0000135780</PatientID><Start>08/09/2013 13:11</Start><End>08/09/2013 14:52</End><StartType>1</StartType><EndType>1</EndType></Encounter><Diagnosis><Type>Principal</Type><Code>S93.401A</Code></Diagnosis><Diagnosis><Type>Secondary</Type><Code>W49.9XXA</Code></Diagnosis><Activity><ID>BILXX0286700839</ID><Start>08/09/2013 13:42</Start><Type>3</Type><Code>70010</Code><Quantity>3</Quantity><Net>346.5</Net><Clinician>DHA-P-0019726</Clinician><Observation><Type>Text</Type><Code>Non-Standard-Code</Code><Value>RAD105</Value><ValueType>Other</ValueType></Observation><Observation><Type>Text</Type><Code>Description</Code><Value>X-RAY (PER VIEW)</Value><ValueType>Other</ValueType></Observation></Activity></Claim><Claim><ID>OPC-R-2013-045925</ID><MemberID>097110040043847901</MemberID><PayerID>INS008</PayerID><ProviderID>DHA-F-0000197</ProviderID><EmiratesIDNumber>999-9999-9999999-9</EmiratesIDNumber><Gross>252</Gross><PatientShare>0</PatientShare><Net>252</Net><Encounter><FacilityID>DHA-F-0000197</FacilityID><Type>1</Type><PatientID>0001008079</PatientID><Start>12/09/2013 13:44</Start><End>12/09/2013 13:44</End><StartType>1</StartType><EndType>1</EndType></Encounter><Diagnosis><Type>Principal</Type><Code>M75.50</Code></Diagnosis><Activity><ID>BILXX0291951383</ID><Start>12/09/2013 13:44</Start><Type>3</Type><Code>97010</Code><Quantity>1</Quantity><Net>252</Net><Clinician>DHA-P-0034872</Clinician><PriorAuthorizationID>273093</PriorAuthorizationID><Observation><Type>Text</Type><Code>Non-Standard-Code</Code><Value>PHY001</Value><ValueType>Other</ValueType></Observation><Observation><Type>Text</Type><Code>Description</Code><Value>30 MTS PHYSIOTHERAPY</Value><ValueType>Other</ValueType></Observation></Activity></Claim><Claim><ID>OPC-R-2013-044361</ID><MemberID>097110410041049601</MemberID><PayerID>INS008</PayerID><ProviderID>DHA-F-0000197</ProviderID><EmiratesIDNumber>999-9999-9999999-9</EmiratesIDNumber><Gross>637</Gross><PatientShare>50</PatientShare><Net>587</Net><Encounter><FacilityID>DHA-F-0000197</FacilityID><Type>1</Type><PatientID>0001008645</PatientID><Start>02/09/2013 12:49</Start><End>02/09/2013 14:28</End><StartType>1</StartType><EndType>1</EndType></Encounter><Diagnosis><Type>Principal</Type><Code>M25.662</Code></Diagnosis><Diagnosis><Type>Secondary</Type><Code>M25.562</Code></Diagnosis><Activity><ID>BILXX0279960839</ID><Start>02/09/2013 13:15</Start><Type>3</Type><Code>70010</Code><Quantity>3</Quantity><Net>346.5</Net><Clinician>DHA-P-0021689</Clinician><Observation><Type>Text</Type><Code>Non-Standard-Code</Code><Value>RAD105</Value><ValueType>Other</ValueType></Observation><Observation><Type>Text</Type><Code>Description</Code><Value>X-RAY (PER VIEW)</Value><ValueType>Other</ValueType></Observation></Activity><Activity><ID>OPRXX0298721038</ID><Start>02/09/2013 12:49</Start><Type>8</Type><Code>10</Code><Quantity>1</Quantity><Net>240.5</Net><Clinician>DHA-P-0021689</Clinician><Observation><Type>Text</Type><Code>Non-Standard-Code</Code><Value>DCF010</Value><ValueType>Other</ValueType></Observation><Observation><Type>Text</Type><Code>Description</Code><Value>SPECIALIST -NEW VISIT</Value><ValueType>Other</ValueType></Observation></Activity></Claim><Claim><ID>OPC-R-2013-045154</ID><MemberID>097110040043840201</MemberID><PayerID>INS008</PayerID><ProviderID>DHA-F-0000197</ProviderID><EmiratesIDNumber>999-9999-9999999-9</EmiratesIDNumber><Gross>290.5</Gross><PatientShare>50</PatientShare><Net>240.5</Net><Encounter><FacilityID>DHA-F-0000197</FacilityID><Type>1</Type><PatientID>0001008782</PatientID><Start>07/09/2013 18:17</Start><End>07/09/2013 18:36</End><StartType>1</StartType><EndType>1</EndType></Encounter><Diagnosis><Type>Principal</Type><Code>M75.41</Code></Diagnosis><Diagnosis><Type>Secondary</Type><Code>S43.431A</Code></Diagnosis><Diagnosis><Type>Secondary</Type><Code>M25.511</Code></Diagnosis><Activity><ID>OPRXX0304811038</ID><Start>07/09/2013 18:17</Start><Type>8</Type><Code>10</Code><Quantity>1</Quantity><Net>240.5</Net><Clinician>DHA-P-0034872</Clinician><Observation><Type>Text</Type><Code>Non-Standard-Code</Code><Value>DCF010</Value><ValueType>Other</ValueType></Observation><Observation><Type>Text</Type><Code>Description</Code><Value>SPECIALIST -NEW VISIT</Value><ValueType>Other</ValueType></Observation></Activity></Claim><Claim><ID>OPC-R-2013-046182</ID><MemberID>097110040043959101</MemberID><PayerID>INS008</PayerID><ProviderID>DHA-F-0000197</ProviderID><EmiratesIDNumber>999-9999-9999999-9</EmiratesIDNumber><Gross>213.5</Gross><PatientShare>50</PatientShare><Net>163.5</Net><Encounter><FacilityID>DHA-F-0000197</FacilityID><Type>1</Type><PatientID>0001003856</PatientID><Start>14/09/2013 20:26</Start><End>14/09/2013 20:37</End><StartType>1</StartType><EndType>1</EndType></Encounter><Diagnosis><Type>Principal</Type><Code>M47.812</Code></Diagnosis><Diagnosis><Type>Secondary</Type><Code>F45.8</Code></Diagnosis><Diagnosis><Type>Secondary</Type><Code>M54.2</Code></Diagnosis><Activity><ID>OPRXX0312331039</ID><Start>14/09/2013 20:26</Start><Type>8</Type><Code>10</Code><Quantity>1</Quantity><Net>163.5</Net><Clinician>DHA-P-0034872</Clinician><Observation><Type>Text</Type><Code>Non-Standard-Code</Code><Value>DCF011</Value><ValueType>Other</ValueType></Observation><Observation><Type>Text</Type><Code>Description</Code><Value>SPECIALIST - REPEAT VISIT</Value><ValueType>Other</ValueType></Observation></Activity></Claim><Claim><ID>OPC-R-2013-045909</ID><MemberID>097110040043807802</MemberID><PayerID>INS008</PayerID><ProviderID>DHA-F-0000197</ProviderID><EmiratesIDNumber>999-9999-9999999-9</EmiratesIDNumber><Gross>1309</Gross><PatientShare>0</PatientShare><Net>1309</Net><Encounter><FacilityID>DHA-F-0000197</FacilityID><Type>1</Type><PatientID>0001008454</PatientID><Start>12/09/2013 12:31</Start><End>12/09/2013 12:31</End><StartType>1</StartType><EndType>1</EndType></Encounter><Diagnosis><Type>Principal</Type><Code>M54.5</Code></Diagnosis><Activity><ID>BILXX0291810805</ID><Start>12/09/2013 12:31</Start><Type>3</Type><Code>70540</Code><Quantity>1</Quantity><Net>1309</Net><Clinician>DHA-P-0007891</Clinician><PriorAuthorizationID>S2815440</PriorAuthorizationID><Observation><Type>Text</Type><Code>Non-Standard-Code</Code><Value>RAD071</Value><ValueType>Other</ValueType></Observation><Observation><Type>Text</Type><Code>Description</Code><Value>MRI ONE PART</Value><ValueType>Other</ValueType></Observation></Activity></Claim><Claim><ID>OPC-R-2013-044228</ID><MemberID>097110040045930401</MemberID><PayerID>INS008</PayerID><ProviderID>DHA-F-0000197</ProviderID><EmiratesIDNumber>999-9999-9999999-9</EmiratesIDNumber><Gross>560</Gross><PatientShare>50</PatientShare><Net>510</Net><Encounter><FacilityID>DHA-F-0000197</FacilityID><Type>1</Type><PatientID>0000103647</PatientID><Start>01/09/2013 17:15</Start><End>01/09/2013 17:59</End><StartType>1</StartType><EndType>1</EndType></Encounter><Diagnosis><Type>Principal</Type><Code>S92.355A</Code></Diagnosis><Activity><ID>OPRXX0297851039</ID><Start>01/09/2013 17:15</Start><Type>8</Type><Code>10</Code><Quantity>1</Quantity><Net>163.5</Net><Clinician>DHA-P-0021689</Clinician><Observation><Type>Text</Type><Code>Non-Standard-Code</Code><Value>DCF011</Value><ValueType>Other</ValueType></Observation><Observation><Type>Text</Type><Code>Description</Code><Value>SPECIALIST - REPEAT VISIT</Value><ValueType>Other</ValueType></Observation></Activity><Activity><ID>BILXX0279130839</ID><Start>01/09/2013 17:18</Start><Type>3</Type><Code>70010</Code><Quantity>3</Quantity><Net>346.5</Net><Clinician>DHA-P-0021689</Clinician><Observation><Type>Text</Type><Code>Non-Standard-Code</Code><Value>RAD105</Value><ValueType>Other</ValueType></Observation><Observation><Type>Text</Type><Code>Description</Code><Value>X-RAY (PER VIEW)</Value><ValueType>Other</ValueType></Observation></Activity></Claim><Claim><ID>OPC-R-2013-045974</ID><MemberID>097110040045795801</MemberID><PayerID>INS008</PayerID><ProviderID>DHA-F-0000197</ProviderID><EmiratesIDNumber>999-9999-9999999-9</EmiratesIDNumber><Gross>521.5</Gross><PatientShare>50</PatientShare><Net>471.5</Net><Encounter><FacilityID>DHA-F-0000197</FacilityID><Type>1</Type><PatientID>0001008919</PatientID><Start>12/09/2013 17:30</Start><End>12/09/2013 17:52</End><StartType>1</StartType><EndType>1</EndType></Encounter><Diagnosis><Type>Principal</Type><Code>M25.571</Code></Diagnosis><Diagnosis><Type>Secondary</Type><Code>S93.491A</Code></Diagnosis><Activity><ID>BILXX0292410839</ID><Start>12/09/2013 17:38</Start><Type>3</Type><Code>70010</Code><Quantity>2</Quantity><Net>231</Net><Clinician>DHA-P-0002479</Clinician><Observation><Type>Text</Type><Code>Non-Standard-Code</Code><Value>RAD105</Value><ValueType>Other</ValueType></Observation><Observation><Type>Text</Type><Code>Description</Code><Value>X-RAY (PER VIEW)</Value><ValueType>Other</ValueType></Observation></Activity><Activity><ID>OPRXX0310771038</ID><Start>12/09/2013 17:30</Start><Type>8</Type><Code>10</Code><Quantity>1</Quantity><Net>240.5</Net><Clinician>DHA-P-0002479</Clinician><Observation><Type>Text</Type><Code>Non-Standard-Code</Code><Value>DCF010</Value><ValueType>Other</ValueType></Observation><Observation><Type>Text</Type><Code>Description</Code><Value>SPECIALIST -NEW VISIT</Value><ValueType>Other</ValueType></Observation></Activity></Claim><Claim><ID>OPC-R-2013-046367</ID><MemberID>097110040043856502</MemberID><PayerID>INS008</PayerID><ProviderID>DHA-F-0000197</ProviderID><EmiratesIDNumber>999-9999-9999999-9</EmiratesIDNumber><Gross>821.8</Gross><PatientShare>50</PatientShare><Net>771.8</Net><Encounter><FacilityID>DHA-F-0000197</FacilityID><Type>1</Type><PatientID>0001003165</PatientID><Start>15/09/2013 18:56</Start><End>15/09/2013 19:19</End><StartType>1</StartType><EndType>1</EndType></Encounter><Diagnosis><Type>Principal</Type><Code>M54.5</Code></Diagnosis><Activity><ID>OPRXX0313521038</ID><Start>15/09/2013 18:56</Start><Type>8</Type><Code>10</Code><Quantity>1</Quantity><Net>240.5</Net><Clinician>DHA-P-0034872</Clinician><Observation><Type>Text</Type><Code>Non-Standard-Code</Code><Value>DCF010</Value><ValueType>Other</ValueType></Observation><Observation><Type>Text</Type><Code>Description</Code><Value>SPECIALIST -NEW VISIT</Value><ValueType>Other</ValueType></Observation></Activity><Activity><ID>BILXX0295490450</ID><Start>15/09/2013 19:04</Start><Type>3</Type><Code>87088</Code><Quantity>1</Quantity><Net>138.6</Net><Clinician>DHA-P-0034872</Clinician><Observation><Type>Text</Type><Code>Non-Standard-Code</Code><Value>LMI025</Value><ValueType>Other</ValueType></Observation><Observation><Type>Text</Type><Code>Description</Code><Value>CULTURE &amp; SENSITIVITY (URINE)</Value><ValueType>Other</ValueType></Observation></Activity><Activity><ID>BILXX0295480839</ID><Start>15/09/2013 19:01</Start><Type>3</Type><Code>70010</Code><Quantity>3</Quantity><Net>346.5</Net><Clinician>DHA-P-0034872</Clinician><Observation><Type>Text</Type><Code>Non-Standard-Code</Code><Value>RAD105</Value><ValueType>Other</ValueType></Observation><Observation><Type>Text</Type><Code>Description</Code><Value>X-RAY (PER VIEW)</Value><ValueType>Other</ValueType></Observation></Activity><Activity><ID>BILXX0295490489</ID><Start>15/09/2013 19:04</Start><Type>3</Type><Code>81002</Code><Quantity>1</Quantity><Net>46.2</Net><Clinician>DHA-P-0034872</Clinician><Observation><Type>Text</Type><Code>Non-Standard-Code</Code><Value>LMI064</Value><ValueType>Other</ValueType></Observation><Observation><Type>Text</Type><Code>Description</Code><Value>URINE ANALYSIS (ROUTINE)</Value><ValueType>Other</ValueType></Observation></Activity></Claim><Claim><ID>OPC-R-2013-044182</ID><MemberID>097110040040376901</MemberID><PayerID>INS008</PayerID><ProviderID>DHA-F-0000197</ProviderID><EmiratesIDNumber>999-9999-9999999-9</EmiratesIDNumber><Gross>406</Gross><PatientShare>71.55</PatientShare><Net>334.45</Net><Encounter><FacilityID>DHA-F-0000197</FacilityID><Type>1</Type><PatientID>0000041064</PatientID><Start>01/09/2013 14:43</Start><End>01/09/2013 14:43</End><StartType>1</StartType><EndType>1</EndType></Encounter><Diagnosis><Type>Principal</Type><Code>M19.011</Code></Diagnosis><Diagnosis><Type>Secondary</Type><Code>M25.511</Code></Diagnosis><Activity><ID>BILXX0278730839</ID><Start>01/09/2013 14:43</Start><Type>3</Type><Code>70010</Code><Quantity>1</Quantity><Net>103.95</Net><Clinician>DHA-P-0251210</Clinician><Observation><Type>Text</Type><Code>Non-Standard-Code</Code><Value>RAD105</Value><ValueType>Other</ValueType></Observation><Observation><Type>Text</Type><Code>Description</Code><Value>X-RAY (PER VIEW)</Value><ValueType>Other</ValueType></Observation></Activity><Activity><ID>OPRXX0297471038</ID><Start>01/09/2013 14:43</Start><Type>8</Type><Code>10</Code><Quantity>1</Quantity><Net>230.5</Net><Clinician>DHA-P-0251210</Clinician><Observation><Type>Text</Type><Code>Non-Standard-Code</Code><Value>DCF010</Value><ValueType>Other</ValueType></Observation><Observation><Type>Text</Type><Code>Description</Code><Value>SPECIALIST -NEW VISIT</Value><ValueType>Other</ValueType></Observation></Activity></Claim><Claim><ID>OPC-R-2013-045457</ID><MemberID>097110040036254301</MemberID><PayerID>INS008</PayerID><ProviderID>DHA-F-0000197</ProviderID><EmiratesIDNumber>784-1961-0752861-2</EmiratesIDNumber><Gross>290.5</Gross><PatientShare>60</PatientShare><Net>230.5</Net><Encounter><FacilityID>DHA-F-0000197</FacilityID><Type>1</Type><PatientID>0001006067</PatientID><Start>09/09/2013 15:28</Start><End>09/09/2013 15:58</End><StartType>1</StartType><EndType>1</EndType></Encounter><Diagnosis><Type>Principal</Type><Code>M79.662</Code></Diagnosis><Activity><ID>OPRXX0307021038</ID><Start>09/09/2013 15:28</Start><Type>8</Type><Code>10</Code><Quantity>1</Quantity><Net>230.5</Net><Clinician>DHA-P-0034872</Clinician><Observation><Type>Text</Type><Code>Non-Standard-Code</Code><Value>DCF010</Value><ValueType>Other</ValueType></Observation><Observation><Type>Text</Type><Code>Description</Code><Value>SPECIALIST -NEW VISIT</Value><ValueType>Other</ValueType></Observation></Activity></Claim><Claim><ID>OPC-R-2013-046033</ID><MemberID>097110040036254301</MemberID><PayerID>INS008</PayerID><ProviderID>DHA-F-0000197</ProviderID><EmiratesIDNumber>784-1961-0752861-2</EmiratesIDNumber><Gross>1309</Gross><PatientShare>130.9</PatientShare><Net>1178.1</Net><Encounter><FacilityID>DHA-F-0000197</FacilityID><Type>1</Type><PatientID>0001006067</PatientID><Start>14/09/2013 09:38</Start><End>14/09/2013 09:38</End><StartType>1</StartType><EndType>1</EndType></Encounter><Diagnosis><Type>Principal</Type><Code>M79.662</Code></Diagnosis><Activity><ID>BILXX0292850805</ID><Start>14/09/2013 09:38</Start><Type>3</Type><Code>70540</Code><Quantity>1</Quantity><Net>1178.1</Net><Clinician>DHA-P-0011589</Clinician><Observation><Type>Text</Type><Code>Non-Standard-Code</Code><Value>RAD071</Value><ValueType>Other</ValueType></Observation><Observation><Type>Text</Type><Code>Description</Code><Value>MRI ONE PART</Value><ValueType>Other</ValueType></Observation></Activity></Claim><Claim><ID>OPC-R-2013-044610</ID><MemberID>097110040041902401</MemberID><PayerID>INS008</PayerID><ProviderID>DHA-F-0000197</ProviderID><EmiratesIDNumber>999-9999-9999999-9</EmiratesIDNumber><Gross>252</Gross><PatientShare>50</PatientShare><Net>202</Net><Encounter><FacilityID>DHA-F-0000197</FacilityID><Type>1</Type><PatientID>0001007839</PatientID><Start>03/09/2013 16:42</Start><End>03/09/2013 17:10</End><StartType>1</StartType><EndType>1</EndType></Encounter><Diagnosis><Type>Principal</Type><Code>S93.409D</Code></Diagnosis><Diagnosis><Type>Secondary</Type><Code>M21.42</Code></Diagnosis><Activity><ID>OPRXX0300651030</ID><Start>03/09/2013 16:42</Start><Type>8</Type><Code>11</Code><Quantity>1</Quantity><Net>202</Net><Clinician>DHA-P-0246954</Clinician><PriorAuthorizationID>S3129920</PriorAuthorizationID><Observation><Type>Text</Type><Code>Non-Standard-Code</Code><Value>DCF002</Value><ValueType>Other</ValueType></Observation><Observation><Type>Text</Type><Code>Description</Code><Value>CONSULTANT VISIT -REPEAT VISIT</Value><ValueType>Other</ValueType></Observation></Activity></Claim><Claim><ID>OPC-R-2013-045897</ID><MemberID>097110410041520301</MemberID><PayerID>INS008</PayerID><ProviderID>DHA-F-0000197</ProviderID><EmiratesIDNumber>999-9999-9999999-9</EmiratesIDNumber><Gross>290.5</Gross><PatientShare>50</PatientShare><Net>240.5</Net><Encounter><FacilityID>DHA-F-0000197</FacilityID><Type>1</Type><PatientID>0001008906</PatientID><Start>12/09/2013 11:10</Start><End>12/09/2013 12:07</End><StartType>1</StartType><EndType>1</EndType></Encounter><Diagnosis><Type>Principal</Type><Code>M75.41</Code></Diagnosis><Activity><ID>OPRXX0310161038</ID><Start>12/09/2013 11:10</Start><Type>8</Type><Code>10</Code><Quantity>1</Quantity><Net>240.5</Net><Clinician>DHA-P-0005016</Clinician><PriorAuthorizationID>S3129950</PriorAuthorizationID><Observation><Type>Text</Type><Code>Non-Standard-Code</Code><Value>DCF010</Value><ValueType>Other</ValueType></Observation><Observation><Type>Text</Type><Code>Description</Code><Value>SPECIALIST -NEW VISIT</Value><ValueType>Other</ValueType></Observation></Activity></Claim><Claim><ID>OPC-R-2013-046343</ID><MemberID>097110040045930401</MemberID><PayerID>INS008</PayerID><ProviderID>DHA-F-0000197</ProviderID><EmiratesIDNumber>999-9999-9999999-9</EmiratesIDNumber><Gross>444.5</Gross><PatientShare>50</PatientShare><Net>394.5</Net><Encounter><FacilityID>DHA-F-0000197</FacilityID><Type>1</Type><PatientID>0000103647</PatientID><Start>15/09/2013 17:31</Start><End>15/09/2013 18:13</End><StartType>1</StartType><EndType>1</EndType></Encounter><Diagnosis><Type>Principal</Type><Code>S92.354A</Code></Diagnosis><Activity><ID>BILXX0295270839</ID><Start>15/09/2013 17:37</Start><Type>3</Type><Code>70010</Code><Quantity>2</Quantity><Net>231</Net><Clinician>DHA-P-0021689</Clinician><Observation><Type>Text</Type><Code>Non-Standard-Code</Code><Value>RAD105</Value><ValueType>Other</ValueType></Observation><Observation><Type>Text</Type><Code>Description</Code><Value>X-RAY (PER VIEW)</Value><ValueType>Other</ValueType></Observation></Activity><Activity><ID>OPRXX0313371039</ID><Start>15/09/2013 17:31</Start><Type>8</Type><Code>10</Code><Quantity>1</Quantity><Net>163.5</Net><Clinician>DHA-P-0021689</Clinician><Observation><Type>Text</Type><Code>Non-Standard-Code</Code><Value>DCF011</Value><ValueType>Other</ValueType></Observation><Observation><Type>Text</Type><Code>Description</Code><Value>SPECIALIST - REPEAT VISIT</Value><ValueType>Other</ValueType></Observation></Activity></Claim><Claim><ID>OPC-R-2013-045846</ID><MemberID>097110040038139002</MemberID><PayerID>INS008</PayerID><ProviderID>DHA-F-0000197</ProviderID><EmiratesIDNumber>999-9999-9999999-9</EmiratesIDNumber><Gross>431.57</Gross><PatientShare>83.91</PatientShare><Net>347.66</Net><Encounter><FacilityID>DHA-F-0000197</FacilityID><Type>1</Type><PatientID>0000097436</PatientID><Start>11/09/2013 17:26</Start><End>11/09/2013 18:13</End><StartType>1</StartType><EndType>1</EndType></Encounter><Diagnosis><Type>Principal</Type><Code>M54.9</Code></Diagnosis><Activity><ID>OPRXX0309831036</ID><Start>11/09/2013 18:12</Start><Type>8</Type><Code>9</Code><Quantity>1</Quantity><Net>132.5</Net><Clinician>DHA-P-0020383</Clinician><Observation><Type>Text</Type><Code>Non-Standard-Code</Code><Value>DCF008</Value><ValueType>Other</ValueType></Observation><Observation><Type>Text</Type><Code>Description</Code><Value>GP CONSULTATION FEE - NEW VISIT</Value><ValueType>Other</ValueType></Observation></Activity><Activity><ID>PBLXX034523K304</ID><Start>11/09/2013 18:11</Start><Type>5</Type><Code>1160-319602-1021</Code><Quantity>1</Quantity><Net>7.26</Net><Clinician>DHA-P-0020383</Clinician><Observation><Type>Text</Type><Code>Non-Standard-Code</Code><Value>DXKTPR</Value><ValueType>Other</ValueType></Observation><Observation><Type>Text</Type><Code>Description</Code><Value>KETESSE 50MG/2ML INJ</Value><ValueType>Other</ValueType></Observation></Activity><Activity><ID>BILXX0291210839</ID><Start>11/09/2013 17:43</Start><Type>3</Type><Code>70010</Code><Quantity>2</Quantity><Net>207.9</Net><Clinician>DHA-P-0020383</Clinician><Observation><Type>Text</Type><Code>Non-Standard-Code</Code><Value>RAD105</Value><ValueType>Other</ValueType></Observation><Observation><Type>Text</Type><Code>Description</Code><Value>X-RAY (PER VIEW)</Value><ValueType>Other</ValueType></Observation></Activity></Claim><Claim><ID>PBL-R-2013-012844</ID><MemberID>097110040038139002</MemberID><PayerID>INS008</PayerID><ProviderID>DHA-F-0000197</ProviderID><EmiratesIDNumber>999-9999-9999999-9</EmiratesIDNumber><Gross>225.12</Gross><PatientShare>22.51</PatientShare><Net>202.61</Net><Encounter><FacilityID>DHA-F-0000197</FacilityID><Type>1</Type><PatientID>0000097436</PatientID><Start>11/09/2013 18:23</Start><End>11/09/2013 18:23</End><StartType>1</StartType><EndType>1</EndType></Encounter><Diagnosis><Type>Principal</Type><Code>M54.9</Code></Diagnosis><Activity><ID>PBLXX034526C343</ID><Start>11/09/2013 18:23</Start><Type>5</Type><Code>0186-143701-0062</Code><Quantity>30</Quantity><Net>154.66</Net><Clinician>DHA-P-0020383</Clinician><Observation><Type>Text</Type><Code>Non-Standard-Code</Code><Value>CELCP03</Value><ValueType>Other</ValueType></Observation><Observation><Type>Text</Type><Code>Description</Code><Value>CELEBREX 200MG CAP 30S</Value><ValueType>Other</ValueType></Observation></Activity><Activity><ID>PBLXX034526V322</ID><Start>11/09/2013 18:23</Start><Type>5</Type><Code>0027-378802-0433</Code><Quantity>1</Quantity><Net>44.06</Net><Clinician>DHA-P-0020383</Clinician><Observation><Type>Text</Type><Code>Non-Standard-Code</Code><Value>VLTRN</Value><ValueType>Other</ValueType></Observation><Observation><Type>Text</Type><Code>Description</Code><Value>VOLTAREN DISPENSER 75ML</Value><ValueType>Other</ValueType></Observation></Activity><Activity><ID>PBLXX0345267109</ID><Start>11/09/2013 18:23</Start><Type>5</Type><Code>0005-225601-1172</Code><Quantity>12</Quantity><Net>3.89</Net><Clinician>DHA-P-0020383</Clinician><Observation><Type>Text</Type><Code>Non-Standard-Code</Code><Value>MSCDLT</Value><ValueType>Other</ValueType></Observation><Observation><Type>Text</Type><Code>Description</Code><Value>MUSCADOL TAB 20 S</Value><ValueType>Other</ValueType></Observation></Activity></Claim><Claim><ID>PBL-R-2013-012742</ID><MemberID>097110040036254301</MemberID><PayerID>INS008</PayerID><ProviderID>DHA-F-0000197</ProviderID><EmiratesIDNumber>784-1961-0752861-2</EmiratesIDNumber><Gross>132.8</Gross><PatientShare>13.28</PatientShare><Net>119.52</Net><Encounter><FacilityID>DHA-F-0000197</FacilityID><Type>1</Type><PatientID>0001006067</PatientID><Start>09/09/2013 16:00</Start><End>09/09/2013 16:00</End><StartType>1</StartType><EndType>1</EndType></Encounter><Diagnosis><Type>Principal</Type><Code>M79.662</Code></Diagnosis><Activity><ID>PBLXX034290O041</ID><Start>09/09/2013 16:00</Start><Type>5</Type><Code>0095-149901-0431</Code><Quantity>1</Quantity><Net>16.42</Net><Clinician>DHA-P-0034872</Clinician><Observation><Type>Text</Type><Code>Non-Standard-Code</Code><Value>OLFGEL</Value><ValueType>Other</ValueType></Observation><Observation><Type>Text</Type><Code>Description</Code><Value>OLFEN GEL 50GM TUBE</Value><ValueType>Other</ValueType></Observation></Activity><Activity><ID>PBLXX034290C343</ID><Start>09/09/2013 16:00</Start><Type>5</Type><Code>0186-143701-0062</Code><Quantity>20</Quantity><Net>103.1</Net><Clinician>DHA-P-0034872</Clinician><Observation><Type>Text</Type><Code>Non-Standard-Code</Code><Value>CELCP03</Value><ValueType>Other</ValueType></Observation><Observation><Type>Text</Type><Code>Description</Code><Value>CELEBREX 200MG CAP 30S</Value><ValueType>Other</ValueType></Observation></Activity></Claim><Claim><ID>PBL-R-2013-012669</ID><MemberID>097110040043807802</MemberID><PayerID>INS008</PayerID><ProviderID>DHA-F-0000197</ProviderID><EmiratesIDNumber>999-9999-9999999-9</EmiratesIDNumber><Gross>256.92</Gross><PatientShare>51</PatientShare><Net>205.92</Net><Encounter><FacilityID>DHA-F-0000197</FacilityID><Type>1</Type><PatientID>0001008454</PatientID><Start>08/09/2013 11:31</Start><End>08/09/2013 12:55</End><StartType>1</StartType><EndType>1</EndType></Encounter><Diagnosis><Type>Principal</Type><Code>M51.26</Code></Diagnosis><Diagnosis><Type>Secondary</Type><Code>M79.673</Code></Diagnosis><Diagnosis><Type>Secondary</Type><Code>M72.2</Code></Diagnosis><Diagnosis><Type>Secondary</Type><Code>K29.70</Code></Diagnosis><Diagnosis><Type>Secondary</Type><Code>M54.5</Code></Diagnosis><Activity><ID>PBLXX034131G020</ID><Start>08/09/2013 12:55</Start><Type>5</Type><Code>0227-174201-1453</Code><Quantity>14</Quantity><Net>99.36</Net><Clinician>DHA-P-0007891</Clinician><Observation><Type>Text</Type><Code>Non-Standard-Code</Code><Value>GASC20</Value><ValueType>Other</ValueType></Observation><Observation><Type>Text</Type><Code>Description</Code><Value>GASEC 20M CAPS 14 S</Value><ValueType>Other</ValueType></Observation></Activity><Activity><ID>PBLXX034131D281</ID><Start>08/09/2013 12:55</Start><Type>5</Type><Code>0015-149908-2001</Code><Quantity>20</Quantity><Net>106.56</Net><Clinician>DHA-P-0007891</Clinician><Observation><Type>Text</Type><Code>Non-Standard-Code</Code><Value>DICTB0</Value><ValueType>Other</ValueType></Observation><Observation><Type>Text</Type><Code>Description</Code><Value>DICLO 150MG ID  TAB 10`S</Value><ValueType>Other</ValueType></Observation></Activity></Claim><Claim><ID>PBL-R-2013-012874</ID><MemberID>097110040045795801</MemberID><PayerID>INS008</PayerID><ProviderID>DHA-F-0000197</ProviderID><EmiratesIDNumber>999-9999-9999999-9</EmiratesIDNumber><Gross>64.32</Gross><PatientShare>0</PatientShare><Net>64.32</Net><Encounter><FacilityID>DHA-F-0000197</FacilityID><Type>1</Type><PatientID>0001008919</PatientID><Start>12/09/2013 17:54</Start><End>12/09/2013 17:54</End><StartType>1</StartType><EndType>1</EndType></Encounter><Diagnosis><Type>Principal</Type><Code>M25.571</Code></Diagnosis><Diagnosis><Type>Secondary</Type><Code>S93.491A</Code></Diagnosis><Activity><ID>PBLXX034655O038</ID><Start>12/09/2013 17:54</Start><Type>5</Type><Code>0095-149907-1143</Code><Quantity>10</Quantity><Net>15.36</Net><Clinician>DHA-P-0002479</Clinician><Observation><Type>Text</Type><Code>Non-Standard-Code</Code><Value>OLFN75</Value><ValueType>Other</ValueType></Observation><Observation><Type>Text</Type><Code>Description</Code><Value>OLFEN 75 SR DEPOCAPS 10 S</Value><ValueType>Other</ValueType></Observation></Activity><Activity><ID>PBLXX034655V322</ID><Start>12/09/2013 17:54</Start><Type>5</Type><Code>0027-378802-0433</Code><Quantity>1</Quantity><Net>48.96</Net><Clinician>DHA-P-0002479</Clinician><Observation><Type>Text</Type><Code>Non-Standard-Code</Code><Value>VLTRN</Value><ValueType>Other</ValueType></Observation><Observation><Type>Text</Type><Code>Description</Code><Value>VOLTAREN DISPENSER 75ML</Value><ValueType>Other</ValueType></Observation></Activity></Claim><Claim><ID>PBL-R-2013-012821</ID><MemberID>097110040043532101</MemberID><PayerID>INS008</PayerID><ProviderID>DHA-F-0000197</ProviderID><EmiratesIDNumber>999-9999-9999999-9</EmiratesIDNumber><Gross>61.2</Gross><PatientShare>0</PatientShare><Net>61.2</Net><Encounter><FacilityID>DHA-F-0000197</FacilityID><Type>1</Type><PatientID>0001008884</PatientID><Start>11/09/2013 11:52</Start><End>11/09/2013 11:52</End><StartType>1</StartType><EndType>1</EndType></Encounter><Diagnosis><Type>Principal</Type><Code>M54.9</Code></Diagnosis><Activity><ID>PBLXX034485V224</ID><Start>11/09/2013 11:52</Start><Type>5</Type><Code>0027-149903-0391</Code><Quantity>10</Quantity><Net>57.6</Net><Clinician>DHA-P-0011589</Clinician><Observation><Type>Text</Type><Code>Non-Standard-Code</Code><Value>VOLTB06</Value><ValueType>Other</ValueType></Observation><Observation><Type>Text</Type><Code>Description</Code><Value>VOLTAREN RETARD 100MG 10S</Value><ValueType>Other</ValueType></Observation></Activity><Activity><ID>PBLXX0344857109</ID><Start>11/09/2013 11:52</Start><Type>5</Type><Code>0005-225601-1172</Code><Quantity>10</Quantity><Net>3.6</Net><Clinician>DHA-P-0011589</Clinician><Observation><Type>Text</Type><Code>Non-Standard-Code</Code><Value>MSCDLT</Value><ValueType>Other</ValueType></Observation><Observation><Type>Text</Type><Code>Description</Code><Value>MUSCADOL TAB 20 S</Value><ValueType>Other</ValueType></Observation></Activity></Claim><Claim><ID>PBL-R-2013-012634</ID><MemberID>097110040043283002</MemberID><PayerID>INS008</PayerID><ProviderID>DHA-F-0000197</ProviderID><EmiratesIDNumber>999-9999-9999999-9</EmiratesIDNumber><Gross>135.84</Gross><PatientShare>0</PatientShare><Net>135.84</Net><Encounter><FacilityID>DHA-F-0000197</FacilityID><Type>1</Type><PatientID>0000170833</PatientID><Start>07/09/2013 17:17</Start><End>07/09/2013 18:16</End><StartType>1</StartType><EndType>1</EndType></Encounter><Diagnosis><Type>Principal</Type><Code>M54.5</Code></Diagnosis><Diagnosis><Type>Secondary</Type><Code>M62.830</Code></Diagnosis><Activity><ID>PBLXX0340481138</ID><Start>07/09/2013 18:16</Start><Type>5</Type><Code>0090-122301-0391</Code><Quantity>14</Quantity><Net>82.08</Net><Clinician>DHA-P-0035899</Clinician><Observation><Type>Text</Type><Code>Non-Standard-Code</Code><Value>ARCTB03</Value><ValueType>Other</ValueType></Observation><Observation><Type>Text</Type><Code>Description</Code><Value>ARCOXIA 60MG TAB 28 S</Value><ValueType>Other</ValueType></Observation></Activity><Activity><ID>PBLXX034048H228</ID><Start>07/09/2013 18:16</Start><Type>5</Type><Code>0383-196601-0151</Code><Quantity>1</Quantity><Net>18.72</Net><Clinician>DHA-P-0035899</Clinician><Observation><Type>Text</Type><Code>Non-Standard-Code</Code><Value>HIRCR0</Value><ValueType>Other</ValueType></Observation><Observation><Type>Text</Type><Code>Description</Code><Value>HIRUDOID CREAM 40GM</Value><ValueType>Other</ValueType></Observation></Activity><Activity><ID>PBLXX034048M690</ID><Start>07/09/2013 18:16</Start><Type>5</Type><Code>0717-226501-2401</Code><Quantity>30</Quantity><Net>35.04</Net><Clinician>DHA-P-0035899</Clinician><Observation><Type>Text</Type><Code>Non-Standard-Code</Code><Value>MYON50</Value><ValueType>Other</ValueType></Observation><Observation><Type>Text</Type><Code>Description</Code><Value>MYONAL 50MG TAB 30 S</Value><ValueType>Other</ValueType></Observation></Activity></Claim><Claim><ID>PBL-R-2013-012929</ID><MemberID>097110040043959101</MemberID><PayerID>INS008</PayerID><ProviderID>DHA-F-0000197</ProviderID><EmiratesIDNumber>999-9999-9999999-9</EmiratesIDNumber><Gross>47.17</Gross><PatientShare>0</PatientShare><Net>47.17</Net><Encounter><FacilityID>DHA-F-0000197</FacilityID><Type>1</Type><PatientID>0001003856</PatientID><Start>14/09/2013 18:46</Start><End>14/09/2013 18:46</End><StartType>1</StartType><EndType>1</EndType></Encounter><Diagnosis><Type>Principal</Type><Code>M47.812</Code></Diagnosis><Diagnosis><Type>Secondary</Type><Code>M54.2</Code></Diagnosis><Diagnosis><Type>Secondary</Type><Code>F45.8</Code></Diagnosis><Activity><ID>PBLXX034792N198</ID><Start>14/09/2013 18:46</Start><Type>5</Type><Code>0016-188402-1451</Code><Quantity>14</Quantity><Net>47.17</Net><Clinician>DHA-P-0034872</Clinician><Observation><Type>Text</Type><Code>Non-Standard-Code</Code><Value>NEUCP0</Value><ValueType>Other</ValueType></Observation><Observation><Type>Text</Type><Code>Description</Code><Value>NEURONTIN CAP 300MG 50 S</Value><ValueType>Other</ValueType></Observation></Activity></Claim><Claim><ID>PBL-R-2013-012676</ID><MemberID>097110040043725101</MemberID><PayerID>INS008</PayerID><ProviderID>DHA-F-0000197</ProviderID><EmiratesIDNumber>999-9999-9999999-9</EmiratesIDNumber><Gross>130.35</Gross><PatientShare>12.75</PatientShare><Net>117.6</Net><Encounter><FacilityID>DHA-F-0000197</FacilityID><Type>1</Type><PatientID>0000135780</PatientID><Start>08/09/2013 13:11</Start><End>08/09/2013 14:35</End><StartType>1</StartType><EndType>1</EndType></Encounter><Diagnosis><Type>Principal</Type><Code>S93.401A</Code></Diagnosis><Diagnosis><Type>Secondary</Type><Code>W49.9XXA</Code></Diagnosis><Activity><ID>PBLXX034145V227</ID><Start>08/09/2013 14:35</Start><Type>5</Type><Code>0027-142201-0831</Code><Quantity>30</Quantity><Net>67.68</Net><Clinician>DHA-P-0019726</Clinician><Observation><Type>Text</Type><Code>Non-Standard-Code</Code><Value>VOLTFS</Value><ValueType>Other</ValueType></Observation><Observation><Type>Text</Type><Code>Description</Code><Value>VOLTFAST GRANULES 30 S</Value><ValueType>Other</ValueType></Observation></Activity><Activity><ID>PBLXX034145F039</ID><Start>08/09/2013 14:35</Start><Type>5</Type><Code>0541-180401-0432</Code><Quantity>1</Quantity><Net>49.92</Net><Clinician>DHA-P-0019726</Clinician><Observation><Type>Text</Type><Code>Non-Standard-Code</Code><Value>FASTUM</Value><ValueType>Other</ValueType></Observation><Observation><Type>Text</Type><Code>Description</Code><Value>FASTUM GEL 100G WITH DISPENSER</Value><ValueType>Other</ValueType></Observation></Activity></Claim></Claim.Submission>