<?xml version="1.0" encoding="UTF-8"?>
<Claim.Submission xsi:noNamespaceSchemaLocation="http://www.haad.ae/DataDictionary/CommonTypes/DataDictionary.xsd" xmlns:tns="http://www.haad.ae/DataDictionary/CommonTypes" xmlns:xsi="http://www.w3.org/2001/XMLSchema-instance">
  <Header>
    <SenderID>DHA-F-0000197</SenderID>
    <ReceiverID>C004</ReceiverID>
    <DispositionFlag>PRODUCTION</DispositionFlag>
    <TransactionDate>26/10/2013 20:58</TransactionDate>
    <RecordCount>1</RecordCount>
  </Header>
  <Claim>
    <ID>OPC-R-2013-045561</ID>
    <MemberID>425047</MemberID>
    <PayerID>A036</PayerID>
    <ProviderID>DHA-F-0000197</ProviderID>
    <EmiratesIDNumber>999-9999-9999999-9</EmiratesIDNumber>
    <Gross>637</Gross>
    <PatientShare>50</PatientShare>
    <Net>587</Net>
    <Encounter>
      <FacilityID>DHA-F-0000197</FacilityID>
      <Type>1</Type>
      <PatientID>0001008856</PatientID>
      <Start>10/09/2013 09:43</Start>
      <End>10/09/2013 11:00</End>
      <StartType>1</StartType>
      <EndType>1</EndType>
    </Encounter>
    <Diagnosis>
      <Type>Principal</Type>
      <Code>M25.562</Code>
    </Diagnosis>
    <Activity>
      <ID>OPRXX0307631038</ID>
      <Start>10/09/2013 09:43</Start>
      <End>10/09/2013 09:43</End>
      <Code>10</Code>
      <Type>8</Type>
      <Quantity>1</Quantity>
      <Net>413</Net>
      <Clinician>DHA-P-0251210</Clinician>
      <Observation>
        <Type>Text</Type>
        <Code>Non-Standard-Code</Code>
        <Value>DCF010</Value>
        <ValueType>Other</ValueType>
      </Observation>
      <Observation>
        <Type>Text</Type>
        <Code>Description</Code>
        <Value>SPECIALIST -NEW VISIT</Value>
        <ValueType>Other</ValueType>
      </Observation>
    </Activity>
  </Claim>
</Claim.Submission>
