<?xml version="1.0"?><Claim.Submission xmlns:tns="http://www.eclaimlink.ae/DataDictionary/CommonTypes" xmlns:xsi="http://www.w3.org/2001/XMLSchema-instance" xsi:noNamespaceSchemaLocation="http://www.eclaimlink.ae/DataDictionary/CommonTypes/ClaimSubmission.xsd"><Header><SenderID>DHA-F-0000197</SenderID><ReceiverID>TPA009</ReceiverID><TransactionDate>26/10/2013 20:58</TransactionDate><RecordCount>3</RecordCount><DispositionFlag>PRODUCTION</DispositionFlag></Header><Claim><ID>IPC-R-2013-001735</ID><MemberID>097110160043755401</MemberID><PayerID>INS024</PayerID><ProviderID>DHA-F-0000197</ProviderID><EmiratesIDNumber>999-9999-9999999-9</EmiratesIDNumber><Gross>46803.17</Gross><PatientShare>0</PatientShare><Net>46803.17</Net><Encounter><FacilityID>DHA-F-0000197</FacilityID><Type>3</Type><PatientID>0000102294</PatientID><Start>09/09/2013 12:55</Start><End>10/09/2013 14:19</End><StartType>1</StartType><EndType>1</EndType></Encounter><Diagnosis><Type>Principal</Type><Code>M50.22</Code></Diagnosis><Diagnosis><Type>Secondary</Type><Code>M54.2</Code></Diagnosis><Activity><ID>PBLXX034349P231</ID><Start>10/09/2013 09:30</Start><Type>5</Type><Code>0014-245502-0511</Code><Quantity>1</Quantity><Net>48</Net><Clinician>DHA-P-0011589</Clinician><PriorAuthorizationID>57123</PriorAuthorizationID><Observation><Type>Text</Type><Code>Non-Standard-Code</Code><Value>PET100</Value><ValueType>Other</ValueType></Observation><Observation><Type>Text</Type><Code>Description</Code><Value>PETHIDINE 100MG/2ML AMP</Value><ValueType>Other</ValueType></Observation></Activity><Activity><ID>PBLXX034297K058</ID><Start>09/09/2013 16:49</Start><Type>5</Type><Code>0666-128601-0432</Code><Quantity>1</Quantity><Net>24</Net><Clinician>DHA-P-0011589</Clinician><PriorAuthorizationID>57123</PriorAuthorizationID><Observation><Type>Text</Type><Code>Non-Standard-Code</Code><Value>KYJE42</Value><ValueType>Other</ValueType></Observation><Observation><Type>Text</Type><Code>Description</Code><Value>K-Y JELLY 42GM TUBE</Value><ValueType>Other</ValueType></Observation></Activity><Activity><ID>PBLXX034297G213</ID><Start>09/09/2013 16:49</Start><Type>5</Type><Code>0128-192201-0511</Code><Quantity>1</Quantity><Net>19.2</Net><Clinician>DHA-P-0011589</Clinician><PriorAuthorizationID>57123</PriorAuthorizationID><Observation><Type>Text</Type><Code>Non-Standard-Code</Code><Value>GLYCOP</Value><ValueType>Other</ValueType></Observation><Observation><Type>Text</Type><Code>Description</Code><Value>GLYCOPYROLATE 0.2 MG 1 ML VIAL</Value><ValueType>Other</ValueType></Observation></Activity><Activity><ID>PBLXX0343455320</ID><Start>10/09/2013 09:23</Start><Type>4</Type><Code>A4930</Code><Quantity>5</Quantity><Net>1.6</Net><Clinician>DHA-P-0011589</Clinician><PriorAuthorizationID>57123</PriorAuthorizationID><Observation><Type>Text</Type><Code>Non-Standard-Code</Code><Value>MD1710</Value><ValueType>Other</ValueType></Observation><Observation><Type>Text</Type><Code>Description</Code><Value>GLOVES NITRATEX NITRLE MICROTOUCH SMALL  700112</Value><ValueType>Other</ValueType></Observation></Activity><Activity><ID>PBLXX034348G034</ID><Start>10/09/2013 09:30</Start><Type>4</Type><Code>A6216</Code><Quantity>2</Quantity><Net>0.11</Net><Clinician>DHA-P-0011589</Clinician><PriorAuthorizationID>57123</PriorAuthorizationID><Observation><Type>Text</Type><Code>Non-Standard-Code</Code><Value>MD1246</Value><ValueType>Other</ValueType></Observation><Observation><Type>Text</Type><Code>Description</Code><Value>GAUZE SPONGE 2X2 8 PLY NON STERILE 100PCS/PK</Value><ValueType>Other</ValueType></Observation></Activity><Activity><ID>PBLXX0343488027</ID><Start>10/09/2013 09:30</Start><Type>4</Type><Code>A4931</Code><Quantity>3</Quantity><Net>2.25</Net><Clinician>DHA-P-0011589</Clinician><PriorAuthorizationID>57123</PriorAuthorizationID><Observation><Type>Text</Type><Code>Non-Standard-Code</Code><Value>MD0189</Value><ValueType>Other</ValueType></Observation><Observation><Type>Text</Type><Code>Description</Code><Value>PROBE COVERS THERMOSCAN # PC 200 BRAUN WELCHALLYN</Value><ValueType>Other</ValueType></Observation></Activity><Activity><ID>PBLXX0343821290</ID><Start>10/09/2013 12:21</Start><Type>5</Type><Code>0139-116206-1171</Code><Quantity>14</Quantity><Net>117.6</Net><Clinician>DHA-P-0011589</Clinician><PriorAuthorizationID>57123</PriorAuthorizationID><Observation><Type>Text</Type><Code>Non-Standard-Code</Code><Value>AUGTB02</Value><ValueType>Other</ValueType></Observation><Observation><Type>Text</Type><Code>Description</Code><Value>AUGMENTIN 1GM TAB 14 S</Value><ValueType>Other</ValueType></Observation></Activity><Activity><ID>PBLXX034382R130</ID><Start>10/09/2013 12:21</Start><Type>5</Type><Code>0077-258502-1171</Code><Quantity>30</Quantity><Net>18.36</Net><Clinician>DHA-P-0011589</Clinician><PriorAuthorizationID>57123</PriorAuthorizationID><Observation><Type>Text</Type><Code>Non-Standard-Code</Code><Value>REPTB0</Value><ValueType>Other</ValueType></Observation><Observation><Type>Text</Type><Code>Description</Code><Value>REPARIL-DRAGEES 20MG TAB 40 S</Value><ValueType>Other</ValueType></Observation></Activity><Activity><ID>PBLXX034308D169</ID><Start>09/09/2013 18:16</Start><Type>5</Type><Code>0248-122107-1021</Code><Quantity>2</Quantity><Net>4.83</Net><Clinician>DHA-P-0011589</Clinician><PriorAuthorizationID>57123</PriorAuthorizationID><Observation><Type>Text</Type><Code>Non-Standard-Code</Code><Value>DEXAM0</Value><ValueType>Other</ValueType></Observation><Observation><Type>Text</Type><Code>Description</Code><Value>DEXAMETHASONE SOD 8MG /2ML AMP 100 S</Value><ValueType>Other</ValueType></Observation></Activity><Activity><ID>PBLXX034364b188</ID><Start>10/09/2013 10:54</Start><Type>4</Type><Code>A4649</Code><Quantity>1</Quantity><Net>2025</Net><Clinician>DHA-P-0011589</Clinician><PriorAuthorizationID>57123</PriorAuthorizationID><Observation><Type>Text</Type><Code>Non-Standard-Code</Code><Value>SI1411</Value><ValueType>Other</ValueType></Observation><Observation><Type>Text</Type><Code>Description</Code><Value>BONE PASTE OSIQ 1.0CC # 4913110, KYERON</Value><ValueType>Other</ValueType></Observation></Activity><Activity><ID>PBLXX0342968117</ID><Start>09/09/2013 16:49</Start><Type>5</Type><Code>0056-166503-0322</Code><Quantity>1</Quantity><Net>25.82</Net><Clinician>DHA-P-0011589</Clinician><PriorAuthorizationID>57123</PriorAuthorizationID><Observation><Type>Text</Type><Code>Non-Standard-Code</Code><Value>PROVA0</Value><ValueType>Other</ValueType></Observation><Observation><Type>Text</Type><Code>Description</Code><Value>PROPOFOL 1% FRESENIUS 20ML 5 S</Value><ValueType>Other</ValueType></Observation></Activity><Activity><ID>PBLXX034296F087</ID><Start>09/09/2013 16:49</Start><Type>5</Type><Code>0072-171106-0512</Code><Quantity>1</Quantity><Net>48</Net><Clinician>DHA-P-0011589</Clinician><PriorAuthorizationID>57123</PriorAuthorizationID><Observation><Type>Text</Type><Code>Non-Standard-Code</Code><Value>FENAM0</Value><ValueType>Other</ValueType></Observation><Observation><Type>Text</Type><Code>Description</Code><Value>FENTANYL 0.05 MG/ML 2ML</Value><ValueType>Other</ValueType></Observation></Activity><Activity><ID>PBLXX034297S334</ID><Start>09/09/2013 16:49</Start><Type>5</Type><Code>0439-264601-1931</Code><Quantity>2</Quantity><Net>384</Net><Clinician>DHA-P-0011589</Clinician><PriorAuthorizationID>57123</PriorAuthorizationID><Observation><Type>Text</Type><Code>Non-Standard-Code</Code><Value>SVFL25</Value><ValueType>Other</ValueType></Observation><Observation><Type>Text</Type><Code>Description</Code><Value>SEVOFLURANE INHALATION 250 ML</Value><ValueType>Other</ValueType></Observation></Activity><Activity><ID>PBLXX034330K120</ID><Start>10/09/2013 08:36</Start><Type>4</Type><Code>A4649</Code><Quantity>2</Quantity><Net>4.2</Net><Clinician>DHA-P-0011589</Clinician><PriorAuthorizationID>57123</PriorAuthorizationID><Observation><Type>Text</Type><Code>Non-Standard-Code</Code><Value>MD0602</Value><ValueType>Other</ValueType></Observation><Observation><Type>Text</Type><Code>Description</Code><Value>KIDNEY TRAY PLASTIC DISPOSABLE</Value><ValueType>Other</ValueType></Observation></Activity><Activity><ID>PBLXX034345B057</ID><Start>10/09/2013 09:23</Start><Type>4</Type><Code>A6413</Code><Quantity>3</Quantity><Net>0.27</Net><Clinician>DHA-P-0011589</Clinician><PriorAuthorizationID>57123</PriorAuthorizationID><Observation><Type>Text</Type><Code>Non-Standard-Code</Code><Value>MD1838</Value><ValueType>Other</ValueType></Observation><Observation><Type>Text</Type><Code>Description</Code><Value>BAND AID STRIP BROPLAST 19 X 75MM BROSCO</Value><ValueType>Other</ValueType></Observation></Activity><Activity><ID>PBLXX034348D366</ID><Start>10/09/2013 09:30</Start><Type>4</Type><Code>T4535</Code><Quantity>1</Quantity><Net>2.1</Net><Clinician>DHA-P-0011589</Clinician><PriorAuthorizationID>57123</PriorAuthorizationID><Observation><Type>Text</Type><Code>Non-Standard-Code</Code><Value>MD0740</Value><ValueType>Other</ValueType></Observation><Observation><Type>Text</Type><Code>Description</Code><Value>DISPOSABLE BRIEFS/PANTIES - 50PCS/BOX</Value><ValueType>Other</ValueType></Observation></Activity><Activity><ID>PBLXX0343485321</ID><Start>10/09/2013 09:30</Start><Type>4</Type><Code>A4930</Code><Quantity>10</Quantity><Net>4.6</Net><Clinician>DHA-P-0011589</Clinician><PriorAuthorizationID>57123</PriorAuthorizationID><Observation><Type>Text</Type><Code>Non-Standard-Code</Code><Value>MD1712</Value><ValueType>Other</ValueType></Observation><Observation><Type>Text</Type><Code>Description</Code><Value>GLOVES NITRATEX NITRLE MICROTOUCH LARGE 700114</Value><ValueType>Other</ValueType></Observation></Activity><Activity><ID>SVRXX004155P007</ID><Start>09/09/2013 12:55</Start><Type>8</Type><Code>10</Code><Quantity>1</Quantity><Net>290.5</Net><Clinician>DHA-P-0011589</Clinician><PriorAuthorizationID>57123</PriorAuthorizationID><Observation><Type>Text</Type><Code>Non-Standard-Code</Code><Value>ANA001</Value><ValueType>Other</ValueType></Observation><Observation><Type>Text</Type><Code>Description</Code><Value>PREANESTHETIST CONSULTATION</Value><ValueType>Other</ValueType></Observation></Activity><Activity><ID>PBLXX034298R427</ID><Start>09/09/2013 16:49</Start><Type>4</Type><Code>A4649</Code><Quantity>1</Quantity><Net>760.5</Net><Clinician>DHA-P-0011589</Clinician><PriorAuthorizationID>57123</PriorAuthorizationID><Observation><Type>Text</Type><Code>Non-Standard-Code</Code><Value>MD4229</Value><ValueType>Other</ValueType></Observation><Observation><Type>Text</Type><Code>Description</Code><Value>ROUND FLUTED BUR, ELITE 4.5MM STRYKER REF 5820-10-45</Value><ValueType>Other</ValueType></Observation></Activity><Activity><ID>PBLXX034298N305</ID><Start>09/09/2013 16:49</Start><Type>4</Type><Code>J7040</Code><Quantity>2</Quantity><Net>12.29</Net><Clinician>DHA-P-0011589</Clinician><PriorAuthorizationID>57123</PriorAuthorizationID><Observation><Type>Text</Type><Code>Non-Standard-Code</Code><Value>MD0067</Value><ValueType>Other</ValueType></Observation><Observation><Type>Text</Type><Code>Description</Code><Value>NORMAL SALINE 500ML</Value><ValueType>Other</ValueType></Observation></Activity><Activity><ID>PBLXX0343827109</ID><Start>10/09/2013 12:21</Start><Type>5</Type><Code>0005-225601-1172</Code><Quantity>14</Quantity><Net>5.04</Net><Clinician>DHA-P-0011589</Clinician><PriorAuthorizationID>57123</PriorAuthorizationID><Observation><Type>Text</Type><Code>Non-Standard-Code</Code><Value>MSCDLT</Value><ValueType>Other</ValueType></Observation><Observation><Type>Text</Type><Code>Description</Code><Value>MUSCADOL TAB 20 S</Value><ValueType>Other</ValueType></Observation></Activity><Activity><ID>PBLXX034308M277</ID><Start>09/09/2013 18:16</Start><Type>5</Type><Code>0095-107701-0802</Code><Quantity>2</Quantity><Net>79.68</Net><Clinician>DHA-P-0011589</Clinician><PriorAuthorizationID>57123</PriorAuthorizationID><Observation><Type>Text</Type><Code>Non-Standard-Code</Code><Value>MES100</Value><ValueType>Other</ValueType></Observation><Observation><Type>Text</Type><Code>Description</Code><Value>MESPORIN 1000 MG I.V</Value><ValueType>Other</ValueType></Observation></Activity><Activity><ID>PBLXX034297M277</ID><Start>09/09/2013 16:49</Start><Type>5</Type><Code>0095-107701-0802</Code><Quantity>1</Quantity><Net>39.84</Net><Clinician>DHA-P-0011589</Clinician><PriorAuthorizationID>57123</PriorAuthorizationID><Observation><Type>Text</Type><Code>Non-Standard-Code</Code><Value>MES100</Value><ValueType>Other</ValueType></Observation><Observation><Type>Text</Type><Code>Description</Code><Value>MESPORIN 1000 MG I.V</Value><ValueType>Other</ValueType></Observation></Activity><Activity><ID>PBLXX0342978394</ID><Start>09/09/2013 16:49</Start><Type>5</Type><Code>0063-111903-0492</Code><Quantity>5</Quantity><Net>19.2</Net><Clinician>DHA-P-0011589</Clinician><PriorAuthorizationID>57123</PriorAuthorizationID><Observation><Type>Text</Type><Code>Non-Standard-Code</Code><Value>SODAM03</Value><ValueType>Other</ValueType></Observation><Observation><Type>Text</Type><Code>Description</Code><Value>SODIUM CHLORIDE 0.9% 10 ML INJ 50S</Value><ValueType>Other</ValueType></Observation></Activity><Activity><ID>PBLXX034345I265</ID><Start>10/09/2013 09:23</Start><Type>4</Type><Code>A4649</Code><Quantity>2</Quantity><Net>2.72</Net><Clinician>DHA-P-0011589</Clinician><PriorAuthorizationID>57123</PriorAuthorizationID><Observation><Type>Text</Type><Code>Non-Standard-Code</Code><Value>MD0043</Value><ValueType>Other</ValueType></Observation><Observation><Type>Text</Type><Code>Description</Code><Value>IV INFUSION SET VENTED LUERLOCK 20DROPS/ML 21G X 1.5 #IVIN-20 BROMED 50/BOX</Value><ValueType>Other</ValueType></Observation></Activity><Activity><ID>PBLXX034348T116</ID><Start>10/09/2013 09:30</Start><Type>4</Type><Code>A6257</Code><Quantity>1</Quantity><Net>4.7</Net><Clinician>DHA-P-0011589</Clinician><PriorAuthorizationID>57123</PriorAuthorizationID><Observation><Type>Text</Type><Code>Non-Standard-Code</Code><Value>MD1270</Value><ValueType>Other</ValueType></Observation><Observation><Type>Text</Type><Code>Description</Code><Value>TEGADERM I.V. 7 CM X 8.5 CM 1681/1633 3M TRANSPARENT DRESSING 100PCS/BO</Value><ValueType>Other</ValueType></Observation></Activity><Activity><ID>PBLXX034348C464</ID><Start>10/09/2013 09:30</Start><Type>4</Type><Code>A4649</Code><Quantity>5</Quantity><Net>3.5</Net><Clinician>DHA-P-0011589</Clinician><PriorAuthorizationID>57123</PriorAuthorizationID><Observation><Type>Text</Type><Code>Non-Standard-Code</Code><Value>MD2357</Value><ValueType>Other</ValueType></Observation><Observation><Type>Text</Type><Code>Description</Code><Value>COMBI STOPPER #04495101 B BRAUN</Value><ValueType>Other</ValueType></Observation></Activity><Activity><ID>SURXX001914A001</ID><Start>09/09/2013 12:55</Start><Type>3</Type><Code>63075</Code><Quantity>1</Quantity><Net>10202.5</Net><Clinician>DHA-P-0011589</Clinician><PriorAuthorizationID>57123</PriorAuthorizationID><Observation><Type>Text</Type><Code>Non-Standard-Code</Code><Value>NER022</Value><ValueType>Other</ValueType></Observation><Observation><Type>Text</Type><Code>Description</Code><Value>ANTERIOR CERVICL MICRODISECTOMY&amp;FUSION-S</Value><ValueType>Other</ValueType></Observation></Activity><Activity><ID>PBLXX0343821137</ID><Start>10/09/2013 12:21</Start><Type>5</Type><Code>0090-122302-0391</Code><Quantity>14</Quantity><Net>81.6</Net><Clinician>DHA-P-0011589</Clinician><PriorAuthorizationID>57123</PriorAuthorizationID><Observation><Type>Text</Type><Code>Non-Standard-Code</Code><Value>ARCTB0</Value><ValueType>Other</ValueType></Observation><Observation><Type>Text</Type><Code>Description</Code><Value>ARCOXIA 120MG TAB 7 S</Value><ValueType>Other</ValueType></Observation></Activity><Activity><ID>PBLXX034345K120</ID><Start>10/09/2013 09:23</Start><Type>4</Type><Code>A4649</Code><Quantity>3</Quantity><Net>6.3</Net><Clinician>DHA-P-0011589</Clinician><PriorAuthorizationID>57123</PriorAuthorizationID><Observation><Type>Text</Type><Code>Non-Standard-Code</Code><Value>MD0602</Value><ValueType>Other</ValueType></Observation><Observation><Type>Text</Type><Code>Description</Code><Value>KIDNEY TRAY PLASTIC DISPOSABLE</Value><ValueType>Other</ValueType></Observation></Activity><Activity><ID>PBLXX034348K120</ID><Start>10/09/2013 09:30</Start><Type>4</Type><Code>A4649</Code><Quantity>2</Quantity><Net>4.2</Net><Clinician>DHA-P-0011589</Clinician><PriorAuthorizationID>57123</PriorAuthorizationID><Observation><Type>Text</Type><Code>Non-Standard-Code</Code><Value>MD0602</Value><ValueType>Other</ValueType></Observation><Observation><Type>Text</Type><Code>Description</Code><Value>KIDNEY TRAY PLASTIC DISPOSABLE</Value><ValueType>Other</ValueType></Observation></Activity><Activity><ID>PBLXX034348L052</ID><Start>10/09/2013 09:30</Start><Type>4</Type><Code>A4259</Code><Quantity>2</Quantity><Net>0.96</Net><Clinician>DHA-P-0011589</Clinician><PriorAuthorizationID>57123</PriorAuthorizationID><Observation><Type>Text</Type><Code>Non-Standard-Code</Code><Value>MD0343</Value><ValueType>Other</ValueType></Observation><Observation><Type>Text</Type><Code>Description</Code><Value>LANCETS THIN 28GAUGE FOR GLUCOMETER 200PC/BOX ABBOTT</Value><ValueType>Other</ValueType></Observation></Activity><Activity><ID>PBLXX034296G083</ID><Start>09/09/2013 16:49</Start><Type>5</Type><Code>0252-120205-0511</Code><Quantity>2</Quantity><Net>25.21</Net><Clinician>DHA-P-0011589</Clinician><PriorAuthorizationID>57123</PriorAuthorizationID><Observation><Type>Text</Type><Code>Non-Standard-Code</Code><Value>GENAM0</Value><ValueType>Other</ValueType></Observation><Observation><Type>Text</Type><Code>Description</Code><Value>GENTAMICIN 80MG/2ML AMP SANDOZ</Value><ValueType>Other</ValueType></Observation></Activity><Activity><ID>PBLXX034297E396</ID><Start>09/09/2013 16:49</Start><Type>5</Type><Code>0154-176901-1021</Code><Quantity>1</Quantity><Net>28.85</Net><Clinician>DHA-P-0011589</Clinician><PriorAuthorizationID>57123</PriorAuthorizationID><Observation><Type>Text</Type><Code>Non-Standard-Code</Code><Value>ESMVA0</Value><ValueType>Other</ValueType></Observation><Observation><Type>Text</Type><Code>Description</Code><Value>ESMERON 50MG/5 ML 10`S</Value><ValueType>Other</ValueType></Observation></Activity><Activity><ID>PBLXX0343483009</ID><Start>10/09/2013 09:30</Start><Type>4</Type><Code>A4346</Code><Quantity>1</Quantity><Net>7.8</Net><Clinician>DHA-P-0011589</Clinician><PriorAuthorizationID>57123</PriorAuthorizationID><Observation><Type>Text</Type><Code>Non-Standard-Code</Code><Value>MD1396</Value><ValueType>Other</ValueType></Observation><Observation><Type>Text</Type><Code>Description</Code><Value>3 WAY BD CONNECTA 7 CM REF.# 394945 (50/PACK)</Value><ValueType>Other</ValueType></Observation></Activity><Activity><ID>PBLXX034348I019</ID><Start>10/09/2013 09:30</Start><Type>4</Type><Code>A9900</Code><Quantity>1</Quantity><Net>0.5</Net><Clinician>DHA-P-0011589</Clinician><PriorAuthorizationID>57123</PriorAuthorizationID><Observation><Type>Text</Type><Code>Non-Standard-Code</Code><Value>MD2964</Value><ValueType>Other</ValueType></Observation><Observation><Type>Text</Type><Code>Description</Code><Value>ID BAND ADULT WRISTLET  # IBDA - 01 BROSCO INTERNATIONAL INC</Value><ValueType>Other</ValueType></Observation></Activity><Activity><ID>PBLXX034348R228</ID><Start>10/09/2013 09:30</Start><Type>4</Type><Code>J7120</Code><Quantity>2</Quantity><Net>12.29</Net><Clinician>DHA-P-0011589</Clinician><PriorAuthorizationID>57123</PriorAuthorizationID><Observation><Type>Text</Type><Code>Non-Standard-Code</Code><Value>PH0003</Value><ValueType>Other</ValueType></Observation><Observation><Type>Text</Type><Code>Description</Code><Value>RINGER LACTATE 500ML</Value><ValueType>Other</ValueType></Observation></Activity><Activity><ID>PBLXX034348I251</ID><Start>10/09/2013 09:30</Start><Type>4</Type><Code>A4649</Code><Quantity>1</Quantity><Net>5.88</Net><Clinician>DHA-P-0011589</Clinician><PriorAuthorizationID>57123</PriorAuthorizationID><Observation><Type>Text</Type><Code>Non-Standard-Code</Code><Value>MD1594</Value><ValueType>Other</ValueType></Observation><Observation><Type>Text</Type><Code>Description</Code><Value>IV CANNULA 20 GA - 1.0X32MM PINK #391452 BD VENFLON</Value><ValueType>Other</ValueType></Observation></Activity><Activity><ID>PBLXX034348T115</ID><Start>10/09/2013 09:30</Start><Type>4</Type><Code>A6257</Code><Quantity>1</Quantity><Net>5.8</Net><Clinician>DHA-P-0011589</Clinician><PriorAuthorizationID>57123</PriorAuthorizationID><Observation><Type>Text</Type><Code>Non-Standard-Code</Code><Value>MD1271</Value><ValueType>Other</ValueType></Observation><Observation><Type>Text</Type><Code>Description</Code><Value>TEGADERM I.V. 5 CM X 5.7 CM 1610 3M TRANSPARENT DRESSING</Value><ValueType>Other</ValueType></Observation></Activity><Activity><ID>PBLXX034349W075</ID><Start>10/09/2013 09:30</Start><Type>5</Type><Code>0002-357201-0552</Code><Quantity>2</Quantity><Net>3.84</Net><Clinician>DHA-P-0011589</Clinician><PriorAuthorizationID>57123</PriorAuthorizationID><Observation><Type>Text</Type><Code>Non-Standard-Code</Code><Value>WATER1</Value><ValueType>Other</ValueType></Observation><Observation><Type>Text</Type><Code>Description</Code><Value>WATER FOR INJECTION 10ML 50S</Value><ValueType>Other</ValueType></Observation></Activity><Activity><ID>PBLXX0343308024</ID><Start>10/09/2013 08:36</Start><Type>4</Type><Code>A4931</Code><Quantity>10</Quantity><Net>4.6</Net><Clinician>DHA-P-0011589</Clinician><PriorAuthorizationID>57123</PriorAuthorizationID><Observation><Type>Text</Type><Code>Non-Standard-Code</Code><Value>MD1482</Value><ValueType>Other</ValueType></Observation><Observation><Type>Text</Type><Code>Description</Code><Value>PROBE COVER ORAL THERMOMETER  # 05031 WELCH ALLYN 250/BOX</Value><ValueType>Other</ValueType></Observation></Activity><Activity><ID>PBLXX034345*205</ID><Start>10/09/2013 09:23</Start><Type>4</Type><Code>A4213</Code><Quantity>3</Quantity><Net>1.14</Net><Clinician>DHA-P-0011589</Clinician><PriorAuthorizationID>57123</PriorAuthorizationID><Observation><Type>Text</Type><Code>Non-Standard-Code</Code><Value>MD0441</Value><ValueType>Other</ValueType></Observation><Observation><Type>Text</Type><Code>Description</Code><Value>SYRINGE 5 ML 23G 1 1/4 HMD UNOLOK (100/BOX)</Value><ValueType>Other</ValueType></Observation></Activity><Activity><ID>PBLXX034348I265</ID><Start>10/09/2013 09:30</Start><Type>4</Type><Code>A4649</Code><Quantity>1</Quantity><Net>1.36</Net><Clinician>DHA-P-0011589</Clinician><PriorAuthorizationID>57123</PriorAuthorizationID><Observation><Type>Text</Type><Code>Non-Standard-Code</Code><Value>MD0043</Value><ValueType>Other</ValueType></Observation><Observation><Type>Text</Type><Code>Description</Code><Value>IV INFUSION SET VENTED LUERLOCK 20DROPS/ML 21G X 1.5 #IVIN-20 BROMED 50/BOX</Value><ValueType>Other</ValueType></Observation></Activity><Activity><ID>PBLXX034348G190</ID><Start>10/09/2013 09:30</Start><Type>4</Type><Code>A4253</Code><Quantity>2</Quantity><Net>8.68</Net><Clinician>DHA-P-0011589</Clinician><PriorAuthorizationID>57123</PriorAuthorizationID><Observation><Type>Text</Type><Code>Non-Standard-Code</Code><Value>MD2231</Value><ValueType>Other</ValueType></Observation><Observation><Type>Text</Type><Code>Description</Code><Value>GLUCOMETER STRIPS OPTIUM XCEED 100 STRIP/BOX  ABBOTT</Value><ValueType>Other</ValueType></Observation></Activity><Activity><ID>RMRXX0014200033</ID><Start>10/09/2013 14:19</Start><Type>8</Type><Code>17.05</Code><Quantity>1</Quantity><Net>752.5</Net><Clinician>DHA-P-0011589</Clinician><PriorAuthorizationID>57123</PriorAuthorizationID><Observation><Type>Text</Type><Code>Non-Standard-Code</Code><Value>RMC003</Value><ValueType>Other</ValueType></Observation><Observation><Type>Text</Type><Code>Description</Code><Value>ROOM CHARGE</Value><ValueType>Other</ValueType></Observation></Activity><Activity><ID>SURXX001913A001</ID><Start>09/09/2013 12:55</Start><Type>3</Type><Code>63075</Code><Quantity>3</Quantity><Net>20405</Net><Clinician>DHA-P-0011589</Clinician><PriorAuthorizationID>57123</PriorAuthorizationID><Observation><Type>Text</Type><Code>Non-Standard-Code</Code><Value>NER502</Value><ValueType>Other</ValueType></Observation><Observation><Type>Text</Type><Code>Description</Code><Value>ANTERIOR CERVICL MICRODISECTOMY&amp;FUSION-S</Value><ValueType>Other</ValueType></Observation></Activity><Activity><ID>BILXX0288390838</ID><Start>09/09/2013 16:37</Start><Type>3</Type><Code>77003</Code><Quantity>2</Quantity><Net>462</Net><Clinician>DHA-P-0011589</Clinician><PriorAuthorizationID>57123</PriorAuthorizationID><Observation><Type>Text</Type><Code>Non-Standard-Code</Code><Value>RAD104</Value><ValueType>Other</ValueType></Observation><Observation><Type>Text</Type><Code>Description</Code><Value>C-ARM CHARGES (PER HALF HOUR)</Value><ValueType>Other</ValueType></Observation></Activity><Activity><ID>PBLXX034368K120</ID><Start>10/09/2013 11:11</Start><Type>4</Type><Code>A4649</Code><Quantity>1</Quantity><Net>2.1</Net><Clinician>DHA-P-0011589</Clinician><PriorAuthorizationID>57123</PriorAuthorizationID><Observation><Type>Text</Type><Code>Non-Standard-Code</Code><Value>MD0602</Value><ValueType>Other</ValueType></Observation><Observation><Type>Text</Type><Code>Description</Code><Value>KIDNEY TRAY PLASTIC DISPOSABLE</Value><ValueType>Other</ValueType></Observation></Activity><Activity><ID>PBLXX034298R228</ID><Start>09/09/2013 16:49</Start><Type>4</Type><Code>J7120</Code><Quantity>1</Quantity><Net>6.14</Net><Clinician>DHA-P-0011589</Clinician><PriorAuthorizationID>57123</PriorAuthorizationID><Observation><Type>Text</Type><Code>Non-Standard-Code</Code><Value>PH0003</Value><ValueType>Other</ValueType></Observation><Observation><Type>Text</Type><Code>Description</Code><Value>RINGER LACTATE 500ML</Value><ValueType>Other</ValueType></Observation></Activity><Activity><ID>PBLXX034364c267</ID><Start>10/09/2013 10:54</Start><Type>4</Type><Code>C1821</Code><Quantity>1</Quantity><Net>5400</Net><Clinician>DHA-P-0011589</Clinician><PriorAuthorizationID>57123</PriorAuthorizationID><Observation><Type>Text</Type><Code>Non-Standard-Code</Code><Value>SI1367</Value><ValueType>Other</ValueType></Observation><Observation><Type>Text</Type><Code>Description</Code><Value>CERVICAL CAGE 14X13X05MM # SQP-CP-141305S, OSD</Value><ValueType>Other</ValueType></Observation></Activity><Activity><ID>PBLXX034330D366</ID><Start>10/09/2013 08:36</Start><Type>4</Type><Code>T4535</Code><Quantity>5</Quantity><Net>10.5</Net><Clinician>DHA-P-0011589</Clinician><PriorAuthorizationID>57123</PriorAuthorizationID><Observation><Type>Text</Type><Code>Non-Standard-Code</Code><Value>MD0740</Value><ValueType>Other</ValueType></Observation><Observation><Type>Text</Type><Code>Description</Code><Value>DISPOSABLE BRIEFS/PANTIES - 50PCS/BOX</Value><ValueType>Other</ValueType></Observation></Activity><Activity><ID>PBLXX0343303219</ID><Start>10/09/2013 08:36</Start><Type>4</Type><Code>E0167</Code><Quantity>2</Quantity><Net>15.16</Net><Clinician>DHA-P-0011589</Clinician><PriorAuthorizationID>57123</PriorAuthorizationID><Observation><Type>Text</Type><Code>Non-Standard-Code</Code><Value>MD0493</Value><ValueType>Other</ValueType></Observation><Observation><Type>Text</Type><Code>Description</Code><Value>COMMODE PAN (DISPOSABLE) 200PC/BOX  CAT NO. 111AA200</Value><ValueType>Other</ValueType></Observation></Activity><Activity><ID>PBLXX034348N360</ID><Start>10/09/2013 09:30</Start><Type>4</Type><Code>A9270</Code><Quantity>1</Quantity><Net>0.16</Net><Clinician>DHA-P-0011589</Clinician><PriorAuthorizationID>57123</PriorAuthorizationID><Observation><Type>Text</Type><Code>Non-Standard-Code</Code><Value>GC0207</Value><ValueType>Other</ValueType></Observation><Observation><Type>Text</Type><Code>Description</Code><Value>NURSES CAP (BLUE/WHITE) 100PC/PACK.</Value><ValueType>Other</ValueType></Observation></Activity><Activity><ID>PBLXX034364c364</ID><Start>10/09/2013 10:54</Start><Type>4</Type><Code>C1821</Code><Quantity>1</Quantity><Net>5400</Net><Clinician>DHA-P-0011589</Clinician><PriorAuthorizationID>57123</PriorAuthorizationID><Observation><Type>Text</Type><Code>Non-Standard-Code</Code><Value>SI1520</Value><ValueType>Other</ValueType></Observation><Observation><Type>Text</Type><Code>Description</Code><Value>CERVICAL CAGE 14X13X06MM REF: SQP-CP-141306S</Value><ValueType>Other</ValueType></Observation></Activity><Activity><ID>PBLXX034348A256</ID><Start>10/09/2013 09:30</Start><Type>4</Type><Code>A4554</Code><Quantity>4</Quantity><Net>0.19</Net><Clinician>DHA-P-0011589</Clinician><PriorAuthorizationID>57123</PriorAuthorizationID><Observation><Type>Text</Type><Code>Non-Standard-Code</Code><Value>MD0425</Value><ValueType>Other</ValueType></Observation><Observation><Type>Text</Type><Code>Description</Code><Value>ALCOHOL PREP PADS 200PC/PACK</Value><ValueType>Other</ValueType></Observation></Activity></Claim><Claim><ID>OPC-R-2013-045561</ID><MemberID>097110050042504701</MemberID><PayerID>INS024</PayerID><ProviderID>DHA-F-0000197</ProviderID><EmiratesIDNumber>999-9999-9999999-9</EmiratesIDNumber><Gross>637</Gross><PatientShare>50</PatientShare><Net>587</Net><Encounter><FacilityID>DHA-F-0000197</FacilityID><Type>1</Type><PatientID>0001008856</PatientID><Start>10/09/2013 09:43</Start><End>10/09/2013 11:00</End><StartType>1</StartType><EndType>1</EndType></Encounter><Diagnosis><Type>Principal</Type><Code>M25.562</Code></Diagnosis><Activity><ID>BILXX0288970839</ID><Start>10/09/2013 10:14</Start><Type>3</Type><Code>70010</Code><Quantity>3</Quantity><Net>346.5</Net><Clinician>DHA-P-0251210</Clinician><Observation><Type>Text</Type><Code>Non-Standard-Code</Code><Value>RAD105</Value><ValueType>Other</ValueType></Observation><Observation><Type>Text</Type><Code>Description</Code><Value>X-RAY (PER VIEW)</Value><ValueType>Other</ValueType></Observation></Activity><Activity><ID>OPRXX0307631038</ID><Start>10/09/2013 09:43</Start><Type>8</Type><Code>10</Code><Quantity>1</Quantity><Net>240.5</Net><Clinician>DHA-P-0251210</Clinician><Observation><Type>Text</Type><Code>Non-Standard-Code</Code><Value>DCF010</Value><ValueType>Other</ValueType></Observation><Observation><Type>Text</Type><Code>Description</Code><Value>SPECIALIST -NEW VISIT</Value><ValueType>Other</ValueType></Observation></Activity></Claim><Claim><ID>PBL-R-2013-012594</ID><MemberID>097110050036249501</MemberID><PayerID>INS024</PayerID><ProviderID>DHA-F-0000197</ProviderID><EmiratesIDNumber>999-9999-9999999-9</EmiratesIDNumber><Gross>63.36</Gross><PatientShare>0</PatientShare><Net>63.36</Net><Encounter><FacilityID>DHA-F-0000197</FacilityID><Type>1</Type><PatientID>0000086734</PatientID><Start>07/09/2013 09:34</Start><End>07/09/2013 09:34</End><StartType>1</StartType><EndType>1</EndType></Encounter><Diagnosis><Type>Principal</Type><Code>G58.9</Code></Diagnosis><Diagnosis><Type>Secondary</Type><Code>R20.0</Code></Diagnosis><Activity><ID>PBLXX033989N195</ID><Start>07/09/2013 09:34</Start><Type>5</Type><Code>0321-100604-1171</Code><Quantity>60</Quantity><Net>63.36</Net><Clinician>DHA-P-0011589</Clinician><Observation><Type>Text</Type><Code>Non-Standard-Code</Code><Value>NEUTB02</Value><ValueType>Other</ValueType></Observation><Observation><Type>Text</Type><Code>Description</Code><Value>NEUROBION TABLET 20 S</Value><ValueType>Other</ValueType></Observation></Activity></Claim></Claim.Submission>