<?xml version="1.0" encoding="utf-8"?>
<!-- Created on 11-Oct-2013 18:42:49 by Greenrain Facility version 6.0 (http://www.greenrain.biz/connect) -->
<Prior.Request xsi:noNamespaceSchemaLocation="http://www.haad.ae/DataDictionary/CommonTypes/DataDictionary.xsd" xmlns:tns="http://www.haad.ae/DataDictionary/CommonTypes" xmlns:xsi="http://www.w3.org/2001/XMLSchema-instance">
<Header>
  <SenderID>PF1075</SenderID>
  <ReceiverID>C004</ReceiverID>
  <TransactionDate>11/10/2013 18:42</TransactionDate>
  <RecordCount>1</RecordCount>
  <DispositionFlag>PRODUCTION</DispositionFlag>
</Header>
<Authorization>
  <Type>Authorization</Type>
  <ID>3307</ID>
  <MemberID>0971 1004 00356556 02</MemberID>
  <PayerID>A012</PayerID>
  <EmiratesIDNumber>999-9999-9999999-9</EmiratesIDNumber>
  <DateOrdered>11/10/2013</DateOrdered>
  <Encounter>
    <FacilityID>PF1075</FacilityID>
    <Type>1</Type>
  </Encounter>
  <Diagnosis>
    <Type>Principal</Type>
    <Code>714.0</Code>
  </Diagnosis>
  <Diagnosis>
    <Type>Secondary</Type>
    <Code>535.50</Code>
  </Diagnosis>
  <Activity>
    <ID>15780</ID>
    <Start>11/10/2013 18:40</Start>
    <Type>5</Type>
    <Code>1596-3886-001</Code>
    <Quantity>1.00000</Quantity>
    <Net>38.5000</Net>
    <Clinician>GD6330</Clinician>
    <Observation>
      <Type>Text</Type>
      <Code>Duration</Code>
      <Value>40</Value>
      <ValueType>days</ValueType>
    </Observation>
  </Activity>
</Authorization>
</Prior.Request>
