<?xml version="1.0" encoding="utf-8" ?> 
<Claim.Submission xmlns:tns="http://www.haad.ae/DataDictionary/CommonTypes" xmlns:xsi="http://www.w3.org/2001/XMLSchema-instance" xsi:noNamespaceSchemaLocation="http://www.haad.ae/DataDictionary/CommonTypes/DataDictionary.xsd">
<Header>
<SenderID>PF1075</SenderID> 
<ReceiverID>C004</ReceiverID> 
<TransactionDate>24/10/2013 09:35</TransactionDate> 
<RecordCount>7</RecordCount>
<DispositionFlag>PRODUCTION</DispositionFlag>
</Header>
<Claim>
<ID>alainph_MdtArabOr-sept2013-1</ID><MemberID>0971 1004 00050925 01</MemberID><PayerID>A012</PayerID><ProviderID>PF1075</ProviderID><EmiratesIDNumber>111-1111-1111111-1</EmiratesIDNumber><Gross>73.93</Gross><PatientShare>11.09</PatientShare><Net>62.84</Net><Encounter>
<FacilityID>PF1075</FacilityID><Type>1</Type><PatientID>121412</PatientID><Start>14/09/2013 15:51</Start><StartType>1</StartType></Encounter>
<Diagnosis>
<Type>Principal</Type><Code>535.00</Code></Diagnosis>
<Activity>
<ID>1</ID><Start>14/09/2013 15:51</Start><Type>5</Type><Code>1472-3824-002</Code><Quantity>1</Quantity><Net>62.84</Net><Clinician>GD15390</Clinician></Activity>
</Claim>
<Claim>
<ID>alainph_MdtArabOr-sept2013-2</ID><MemberID>0971 1004 00423472 02</MemberID><PayerID>A012</PayerID><ProviderID>PF1075</ProviderID><EmiratesIDNumber>111-1111-1111111-1</EmiratesIDNumber><Gross>64.64</Gross><PatientShare>0</PatientShare><Net>64.64</Net><Encounter>
<FacilityID>PF1075</FacilityID><Type>1</Type><PatientID>123643</PatientID><Start>15/09/2013 16:18</Start><StartType>1</StartType></Encounter>
<Diagnosis>
<Type>Principal</Type><Code>268.9</Code></Diagnosis>
<Activity>
<ID>1</ID><Start>15/09/2013 16:18</Start><Type>5</Type><Code>1794-4649-001</Code><Quantity>1</Quantity><Net>64.64</Net><Clinician>DHA64323DALI</Clinician></Activity>
</Claim>
<Claim>
<ID>alainph_MdtArabOr-sept2013-3</ID><MemberID>0971 1004 00393644 01</MemberID><PayerID>A012</PayerID><ProviderID>PF1075</ProviderID><EmiratesIDNumber>111-1111-1111111-1</EmiratesIDNumber><Gross>38.13</Gross><PatientShare>3.81</PatientShare><Net>34.32</Net><Encounter>
<FacilityID>PF1075</FacilityID><Type>1</Type><PatientID>124262</PatientID><Start>23/09/2013 21:03</Start><StartType>1</StartType></Encounter>
<Diagnosis>
<Type>Principal</Type><Code>463</Code></Diagnosis>
<Activity>
<ID>1</ID><Start>23/09/2013 21:03</Start><Type>5</Type><Code>1671-1293-008</Code><Quantity>1</Quantity><Net>34.32</Net><Clinician>GD10747</Clinician></Activity>
</Claim>
<Claim>
<ID>alainph_MdtArabOr-sept2013-4</ID><MemberID>0971 1004 00462323 01</MemberID><PayerID>A012</PayerID><ProviderID>PF1075</ProviderID><EmiratesIDNumber>111-1111-1111111-1</EmiratesIDNumber><Gross>82.76</Gross><PatientShare>0</PatientShare><Net>82.76</Net><Encounter>
<FacilityID>PF1075</FacilityID><Type>1</Type><PatientID>124960</PatientID><Start>30/09/2013 17:21</Start><StartType>1</StartType></Encounter>
<Diagnosis>
<Type>Secondary</Type><Code>268.9</Code></Diagnosis>
<Diagnosis>
<Type>Principal</Type><Code>691.8</Code></Diagnosis>
<Activity>
<ID>1</ID><Start>30/09/2013 17:21</Start><Type>5</Type><Code>1497-2307-001</Code><Quantity>1</Quantity><Net>22.78</Net><Clinician>GD15739</Clinician></Activity>
<Activity>
<ID>2</ID><Start>30/09/2013 17:21</Start><Type>5</Type><Code>1552-2198-005</Code><Quantity>1</Quantity><Net>15.34</Net><Clinician>GD15739</Clinician></Activity>
<Activity>
<ID>3</ID><Start>30/09/2013 17:21</Start><Type>5</Type><Code>1828-4846-001</Code><Quantity>1</Quantity><Net>44.64</Net><Clinician>GD15739</Clinician></Activity>
</Claim>
<Claim>
<ID>alainph_MdtArabOr-sept2013-5</ID><MemberID>0971 1004 00359311 02</MemberID><PayerID>A012</PayerID><ProviderID>PF1075</ProviderID><EmiratesIDNumber>999-9999-9999999-9</EmiratesIDNumber><Gross>211.11</Gross><PatientShare>0</PatientShare><Net>211.11</Net><Encounter>
<FacilityID>PF1075</FacilityID><Type>1</Type><PatientID>D123314</PatientID><Start>10/09/2013 09:18</Start></Encounter>
<Diagnosis>
<Type>Secondary</Type><Code>535.50</Code></Diagnosis>
<Diagnosis>
<Type>Principal</Type><Code>787.03</Code></Diagnosis>
<Activity>
<ID>1</ID><Start>10/09/2013 09:18</Start><Type>5</Type><Code>1784-3082-009</Code><Quantity>2</Quantity><Net>39.99</Net><Clinician>DHA70287DLAL</Clinician></Activity>
<Activity>
<ID>2</ID><Start>10/09/2013 09:18</Start><Type>5</Type><Code>1465-3492-003</Code><Quantity>2</Quantity><Net>171.12</Net><Clinician>DHA70287DLAL</Clinician></Activity>
</Claim>
<Claim>
<ID>alainph_MdtArabOr-sept2013-6</ID><MemberID>0971 1004 00450214 02</MemberID><PayerID>A012</PayerID><ProviderID>PF1075</ProviderID><EmiratesIDNumber>999-9999-9999999-9</EmiratesIDNumber><Gross>246.45</Gross><PatientShare>0</PatientShare><Net>246.45</Net><Encounter>
<FacilityID>PF1075</FacilityID><Type>1</Type><PatientID>New123005</PatientID><Start>05/09/2013 23:34</Start><StartType>1</StartType></Encounter>
<Diagnosis>
<Type>Principal</Type><Code>401.9</Code></Diagnosis>
<Diagnosis>
<Type>Secondary</Type><Code>786.2</Code></Diagnosis>
<Activity>
<ID>1</ID><Start>05/09/2013 23:34</Start><Type>5</Type><Code>1556-6164-007</Code><Quantity>1</Quantity><Net>246.45</Net><Clinician>GD11298</Clinician></Activity>
</Claim>
<Claim>
<ID>alainph_MdtArabOr-sept2013-7</ID><MemberID>0971 1004 00391747 01</MemberID><PayerID>A012</PayerID><ProviderID>PF1075</ProviderID><EmiratesIDNumber>999-9999-9999999-9</EmiratesIDNumber><Gross>3482.38</Gross><PatientShare>0</PatientShare><Net>3482.38</Net><Encounter>
<FacilityID>PF1075</FacilityID><Type>1</Type><PatientID>New73470</PatientID><Start>11/09/2013 23:40</Start><StartType>1</StartType></Encounter>
<Diagnosis>
<Type>Secondary</Type><Code>250.01</Code></Diagnosis>
<Diagnosis>
<Type>Secondary</Type><Code>272.4</Code></Diagnosis>
<Diagnosis>
<Type>Secondary</Type><Code>274.9</Code></Diagnosis>
<Diagnosis>
<Type>Principal</Type><Code>460</Code></Diagnosis>
<Activity>
<ID>1</ID><Start>11/09/2013 23:40</Start><Type>5</Type><Code>1420-2242-002</Code><Quantity>1</Quantity><Net>37.66</Net><Clinician>GD7631</Clinician><PriorAuthorizationID>275159</PriorAuthorizationID></Activity>
<Activity>
<ID>2</ID><Start>11/09/2013 23:40</Start><Type>5</Type><Code>1704-1265-001</Code><Quantity>1</Quantity><Net>28.83</Net><Clinician>GD7631</Clinician><PriorAuthorizationID>275159</PriorAuthorizationID></Activity>
<Activity>
<ID>3</ID><Start>11/09/2013 23:40</Start><Type>5</Type><Code>1969-5203-001</Code><Quantity>2.4</Quantity><Net>873.83</Net><Clinician>GD7631</Clinician><PriorAuthorizationID>275159</PriorAuthorizationID></Activity>
<Activity>
<ID>4</ID><Start>11/09/2013 23:40</Start><Type>5</Type><Code>1635-1673-001</Code><Quantity>2</Quantity><Net>250.17</Net><Clinician>GD7631</Clinician><PriorAuthorizationID>275159</PriorAuthorizationID></Activity>
<Activity>
<ID>5</ID><Start>11/09/2013 23:40</Start><Type>5</Type><Code>1280-4534-002</Code><Quantity>2</Quantity><Net>195.3</Net><Clinician>GD7631</Clinician><PriorAuthorizationID>275159</PriorAuthorizationID></Activity>
<Activity>
<ID>6</ID><Start>11/09/2013 23:40</Start><Type>5</Type><Code>1559-3318-001</Code><Quantity>7.2</Quantity><Net>1988.71</Net><Clinician>GD7631</Clinician><PriorAuthorizationID>275159</PriorAuthorizationID></Activity>
<Activity>
<ID>7</ID><Start>11/09/2013 23:40</Start><Type>5</Type><Code>1650-1644-002</Code><Quantity>1</Quantity><Net>46.5</Net><Clinician>GD7631</Clinician><PriorAuthorizationID>275159</PriorAuthorizationID></Activity>
<Activity>
<ID>8</ID><Start>11/09/2013 23:40</Start><Type>5</Type><Code>1526-3225-002</Code><Quantity>3</Quantity><Net>61.38</Net><Clinician>GD7631</Clinician><PriorAuthorizationID>275159</PriorAuthorizationID></Activity>
</Claim>

</Claim.Submission>