<?xml version="1.0" encoding="UTF-8"?>
<Claim.Submission xsi:noNamespaceSchemaLocation="http://www.haad.ae/DataDictionary/CommonTypes/DataDictionary.xsd" xmlns:tns="http://www.haad.ae/DataDictionary/CommonTypes" xmlns:xsi="http://www.w3.org/2001/XMLSchema-instance">
  <Header>
    <SenderID>DHA-F-0047278</SenderID>
    <ReceiverID>C004</ReceiverID>
    <DispositionFlag>PRODUCTION</DispositionFlag>
    <TransactionDate>30/10/2013 00:00</TransactionDate>
    <RecordCount>2</RecordCount>
  </Header>
  <Claim>
    <ID>BIL0019508</ID>
    <IDPayer/>
    <MemberID>426458</MemberID>
    <PayerID>A020</PayerID>
    <ProviderID>DHA-F-0047278</ProviderID>
    <EmiratesIDNumber>111-1111-1111111-1</EmiratesIDNumber>
    <Gross>17381.59</Gross>
    <PatientShare>0</PatientShare>
    <Net>17381.59</Net>
    <Encounter>
      <FacilityID>DHA-F-0047278</FacilityID>
      <Type>3</Type>
      <PatientID>0137823</PatientID>
      <Start>05/09/2013 00:00</Start>
      <End>06/09/2013 00:00</End>
      <StartType>1</StartType>
      <EndType>1</EndType>
    </Encounter>
    <Contract>
      <PackageName/>
    </Contract>
    <Resubmission/>
    <Diagnosis>
      <Type>Principal</Type>
      <Code>K40.90</Code>
    </Diagnosis>
    <Diagnosis>
      <Type>Secondary</Type>
      <Code>Z01.812</Code>
    </Diagnosis>
    <Activity>
      <ID>D1-1</ID>
      <Start>06/09/2013 00:00</Start>
      <End>06/09/2013 00:00</End>
      <Code>82947</Code>
      <Type>3</Type>
      <Quantity>1</Quantity>
      <Net>0</Net>
      <Clinician>DHA-P-0245014</Clinician>
      <PriorAuthorizationID>57299</PriorAuthorizationID>
      <Observation>
        <Type>Text</Type>
        <Code>Non-Standard-Code</Code>
        <Value>CPTLB82947</Value>
        <ValueType>Other</ValueType>
      </Observation>
      <Observation>
        <Type>Text</Type>
        <Code>Description</Code>
        <Value>RANDOM BLOOD -RBS SUGAR -CPT 82947</Value>
        <ValueType>Other</ValueType>
      </Observation>
    </Activity>
    <Activity>
      <ID>D1-10</ID>
      <Start>06/09/2013 00:00</Start>
      <End>06/09/2013 00:00</End>
      <Code>85730</Code>
      <Type>3</Type>
      <Quantity>1</Quantity>
      <Net>0</Net>
      <Clinician>DHA-P-0245014</Clinician>
      <PriorAuthorizationID>57299</PriorAuthorizationID>
      <Observation>
        <Type>Text</Type>
        <Code>Non-Standard-Code</Code>
        <Value>CPTLB85730</Value>
        <ValueType>Other</ValueType>
      </Observation>
      <Observation>
        <Type>Text</Type>
        <Code>Description</Code>
        <Value>THROMBOPLASTIN TIME  APTT -CPT85730</Value>
        <ValueType>Other</ValueType>
      </Observation>
    </Activity>
    <Activity>
      <ID>D1-11</ID>
      <Start>06/09/2013 00:00</Start>
      <End>06/09/2013 00:00</End>
      <Code>86140</Code>
      <Type>3</Type>
      <Quantity>1</Quantity>
      <Net>0</Net>
      <Clinician>DHA-P-0245014</Clinician>
      <PriorAuthorizationID>57299</PriorAuthorizationID>
      <Observation>
        <Type>Text</Type>
        <Code>Non-Standard-Code</Code>
        <Value>CPTLB86140</Value>
        <ValueType>Other</ValueType>
      </Observation>
      <Observation>
        <Type>Text</Type>
        <Code>Description</Code>
        <Value>C-REACTIVE PROTEIN CRP  CPT 86140</Value>
        <ValueType>Other</ValueType>
      </Observation>
    </Activity>
    <Activity>
      <ID>D1-2</ID>
      <Start>06/09/2013 00:00</Start>
      <End>06/09/2013 00:00</End>
      <Code>82374</Code>
      <Type>3</Type>
      <Quantity>1</Quantity>
      <Net>0</Net>
      <Clinician>DHA-P-0245014</Clinician>
      <PriorAuthorizationID>57299</PriorAuthorizationID>
      <Observation>
        <Type>Text</Type>
        <Code>Non-Standard-Code</Code>
        <Value>CPTLB82374</Value>
        <ValueType>Other</ValueType>
      </Observation>
      <Observation>
        <Type>Text</Type>
        <Code>Description</Code>
        <Value>BICARBONITE CPT 82374</Value>
        <ValueType>Other</ValueType>
      </Observation>
    </Activity>
    <Activity>
      <ID>D1-3</ID>
      <Start>06/09/2013 00:00</Start>
      <End>06/09/2013 00:00</End>
      <Code>82435</Code>
      <Type>3</Type>
      <Quantity>1</Quantity>
      <Net>0</Net>
      <Clinician>DHA-P-0245014</Clinician>
      <PriorAuthorizationID>57299</PriorAuthorizationID>
      <Observation>
        <Type>Text</Type>
        <Code>Non-Standard-Code</Code>
        <Value>CPTLB82435</Value>
        <ValueType>Other</ValueType>
      </Observation>
      <Observation>
        <Type>Text</Type>
        <Code>Description</Code>
        <Value>CHLORIDE BLOOD CPT 82435</Value>
        <ValueType>Other</ValueType>
      </Observation>
    </Activity>
    <Activity>
      <ID>D1-4</ID>
      <Start>06/09/2013 00:00</Start>
      <End>06/09/2013 00:00</End>
      <Code>82565</Code>
      <Type>3</Type>
      <Quantity>1</Quantity>
      <Net>0</Net>
      <Clinician>DHA-P-0245014</Clinician>
      <PriorAuthorizationID>57299</PriorAuthorizationID>
      <Observation>
        <Type>Text</Type>
        <Code>Non-Standard-Code</Code>
        <Value>CPTLB82565</Value>
        <ValueType>Other</ValueType>
      </Observation>
      <Observation>
        <Type>Text</Type>
        <Code>Description</Code>
        <Value>CREATININE BLOOD CPT 82565</Value>
        <ValueType>Other</ValueType>
      </Observation>
    </Activity>
    <Activity>
      <ID>D1-5</ID>
      <Start>06/09/2013 00:00</Start>
      <End>06/09/2013 00:00</End>
      <Code>84132</Code>
      <Type>3</Type>
      <Quantity>1</Quantity>
      <Net>0</Net>
      <Clinician>DHA-P-0245014</Clinician>
      <PriorAuthorizationID>57299</PriorAuthorizationID>
      <Observation>
        <Type>Text</Type>
        <Code>Non-Standard-Code</Code>
        <Value>CPTLB84132</Value>
        <ValueType>Other</ValueType>
      </Observation>
      <Observation>
        <Type>Text</Type>
        <Code>Description</Code>
        <Value>POTASSIUM SERUM -CPT 84132</Value>
        <ValueType>Other</ValueType>
      </Observation>
    </Activity>
    <Activity>
      <ID>D1-6</ID>
      <Start>06/09/2013 00:00</Start>
      <End>06/09/2013 00:00</End>
      <Code>84295</Code>
      <Type>3</Type>
      <Quantity>1</Quantity>
      <Net>0</Net>
      <Clinician>DHA-P-0245014</Clinician>
      <PriorAuthorizationID>57299</PriorAuthorizationID>
      <Observation>
        <Type>Text</Type>
        <Code>Non-Standard-Code</Code>
        <Value>CPTLB84295</Value>
        <ValueType>Other</ValueType>
      </Observation>
      <Observation>
        <Type>Text</Type>
        <Code>Description</Code>
        <Value>SODIUM SERUM  -CPT 84925</Value>
        <ValueType>Other</ValueType>
      </Observation>
    </Activity>
    <Activity>
      <ID>D1-7</ID>
      <Start>06/09/2013 00:00</Start>
      <End>06/09/2013 00:00</End>
      <Code>84520</Code>
      <Type>3</Type>
      <Quantity>1</Quantity>
      <Net>0</Net>
      <Clinician>DHA-P-0245014</Clinician>
      <PriorAuthorizationID>57299</PriorAuthorizationID>
      <Observation>
        <Type>Text</Type>
        <Code>Non-Standard-Code</Code>
        <Value>CPTLB84520</Value>
        <ValueType>Other</ValueType>
      </Observation>
      <Observation>
        <Type>Text</Type>
        <Code>Description</Code>
        <Value>UREA NITROGEN -BUN- CPT 84520</Value>
        <ValueType>Other</ValueType>
      </Observation>
    </Activity>
    <Activity>
      <ID>D1-8</ID>
      <Start>06/09/2013 00:00</Start>
      <End>06/09/2013 00:00</End>
      <Code>85027</Code>
      <Type>3</Type>
      <Quantity>1</Quantity>
      <Net>0</Net>
      <Clinician>DHA-P-0245014</Clinician>
      <PriorAuthorizationID>57299</PriorAuthorizationID>
      <Observation>
        <Type>Text</Type>
        <Code>Non-Standard-Code</Code>
        <Value>CPTLB85027</Value>
        <ValueType>Other</ValueType>
      </Observation>
      <Observation>
        <Type>Text</Type>
        <Code>Description</Code>
        <Value>COMPLETE BLOOD COUNT- CPT 85027</Value>
        <ValueType>Other</ValueType>
      </Observation>
    </Activity>
    <Activity>
      <ID>D1-9</ID>
      <Start>06/09/2013 00:00</Start>
      <End>06/09/2013 00:00</End>
      <Code>85610</Code>
      <Type>3</Type>
      <Quantity>1</Quantity>
      <Net>0</Net>
      <Clinician>DHA-P-0245014</Clinician>
      <PriorAuthorizationID>57299</PriorAuthorizationID>
      <Observation>
        <Type>Text</Type>
        <Code>Non-Standard-Code</Code>
        <Value>CPTLB85610</Value>
        <ValueType>Other</ValueType>
      </Observation>
      <Observation>
        <Type>Text</Type>
        <Code>Description</Code>
        <Value>PROTHROMBIN TIME  CPT 85610</Value>
        <ValueType>Other</ValueType>
      </Observation>
    </Activity>
    <Activity>
      <ID>D3-1</ID>
      <Start>05/09/2013 00:00</Start>
      <End>05/09/2013 00:00</End>
      <Code>17.04</Code>
      <Type>8</Type>
      <Quantity>1</Quantity>
      <Net>0</Net>
      <Clinician>DHA-P-0245014</Clinician>
      <PriorAuthorizationID>57299</PriorAuthorizationID>
      <Observation>
        <Type>Text</Type>
        <Code>Non-Standard-Code</Code>
        <Value>BEDTS</Value>
        <ValueType>Other</ValueType>
      </Observation>
      <Observation>
        <Type>Text</Type>
        <Code>Description</Code>
        <Value>ACCOMMODATION TWIN SHARING</Value>
        <ValueType>Other</ValueType>
      </Observation>
    </Activity>
    <Activity>
      <ID>D4-1</ID>
      <Start>06/09/2013 00:00</Start>
      <End>06/09/2013 00:00</End>
      <Code>10</Code>
      <Type>8</Type>
      <Quantity>1</Quantity>
      <Net>0</Net>
      <Clinician>DHA-P-0245014</Clinician>
      <PriorAuthorizationID>57299</PriorAuthorizationID>
      <Observation>
        <Type>Text</Type>
        <Code>Non-Standard-Code</Code>
        <Value>SP9047</Value>
        <ValueType>Other</ValueType>
      </Observation>
      <Observation>
        <Type>Text</Type>
        <Code>Description</Code>
        <Value>YASSIR JASSIM--Specialits rounding</Value>
        <ValueType>Other</ValueType>
      </Observation>
    </Activity>
    <Activity>
      <ID>D5-1</ID>
      <Start>05/09/2013 00:00</Start>
      <End>05/09/2013 00:00</End>
      <Code>A4215</Code>
      <Type>4</Type>
      <Quantity>8</Quantity>
      <Net>0</Net>
      <Clinician>DHA-P-0245014</Clinician>
      <PriorAuthorizationID>57299</PriorAuthorizationID>
      <Observation>
        <Type>Text</Type>
        <Code>Non-Standard-Code</Code>
        <Value>INV010021035</Value>
        <ValueType>Other</ValueType>
      </Observation>
      <Observation>
        <Type>Text</Type>
        <Code>Description</Code>
        <Value>Blunt fill needle,code no 305180 - BD</Value>
        <ValueType>Other</ValueType>
      </Observation>
    </Activity>
    <Activity>
      <ID>D5-10</ID>
      <Start>05/09/2013 00:00</Start>
      <End>05/09/2013 00:00</End>
      <Code>A4556</Code>
      <Type>4</Type>
      <Quantity>6</Quantity>
      <Net>0</Net>
      <Clinician>DHA-P-0245014</Clinician>
      <PriorAuthorizationID>57299</PriorAuthorizationID>
      <Observation>
        <Type>Text</Type>
        <Code>Non-Standard-Code</Code>
        <Value>INV010020159</Value>
        <ValueType>Other</ValueType>
      </Observation>
      <Observation>
        <Type>Text</Type>
        <Code>Description</Code>
        <Value>E.C.G. Electrode,  Adult (50pcs/pkt)</Value>
        <ValueType>Other</ValueType>
      </Observation>
    </Activity>
    <Activity>
      <ID>D5-11</ID>
      <Start>05/09/2013 00:00</Start>
      <End>05/09/2013 00:00</End>
      <Code>A7031</Code>
      <Type>4</Type>
      <Quantity>1</Quantity>
      <Net>0</Net>
      <Clinician>DHA-P-0245014</Clinician>
      <PriorAuthorizationID>57299</PriorAuthorizationID>
      <Observation>
        <Type>Text</Type>
        <Code>Non-Standard-Code</Code>
        <Value>INV010020045</Value>
        <ValueType>Other</ValueType>
      </Observation>
      <Observation>
        <Type>Text</Type>
        <Code>Description</Code>
        <Value>Anaesthesia Face Mask, Size-:5, Code: 038-51-400</Value>
        <ValueType>Other</ValueType>
      </Observation>
    </Activity>
    <Activity>
      <ID>D5-12</ID>
      <Start>05/09/2013 00:00</Start>
      <End>05/09/2013 00:00</End>
      <Code>E0450</Code>
      <Type>4</Type>
      <Quantity>1</Quantity>
      <Net>0</Net>
      <Clinician>DHA-P-0245014</Clinician>
      <PriorAuthorizationID>57299</PriorAuthorizationID>
      <Observation>
        <Type>Text</Type>
        <Code>Non-Standard-Code</Code>
        <Value>INV010020451</Value>
        <ValueType>Other</ValueType>
      </Observation>
      <Observation>
        <Type>Text</Type>
        <Code>Description</Code>
        <Value>Sample Tube for Gas Monitoring # 010-700, 2 Mtr Length</Value>
        <ValueType>Other</ValueType>
      </Observation>
    </Activity>
    <Activity>
      <ID>D5-13</ID>
      <Start>05/09/2013 00:00</Start>
      <End>05/09/2013 00:00</End>
      <Code>A4604</Code>
      <Type>4</Type>
      <Quantity>1</Quantity>
      <Net>0</Net>
      <Clinician>DHA-P-0245014</Clinician>
      <PriorAuthorizationID>57299</PriorAuthorizationID>
      <Observation>
        <Type>Text</Type>
        <Code>Non-Standard-Code</Code>
        <Value>INV010020416</Value>
        <ValueType>Other</ValueType>
      </Observation>
      <Observation>
        <Type>Text</Type>
        <Code>Description</Code>
        <Value>Pressure Monitoring Line (Sterile) 200 Cm  Male / Female</Value>
        <ValueType>Other</ValueType>
      </Observation>
    </Activity>
    <Activity>
      <ID>D5-14</ID>
      <Start>05/09/2013 00:00</Start>
      <End>05/09/2013 00:00</End>
      <Code>S1015</Code>
      <Type>4</Type>
      <Quantity>1</Quantity>
      <Net>0</Net>
      <Clinician>DHA-P-0245014</Clinician>
      <PriorAuthorizationID>57299</PriorAuthorizationID>
      <Observation>
        <Type>Text</Type>
        <Code>Non-Standard-Code</Code>
        <Value>INV010020797</Value>
        <ValueType>Other</ValueType>
      </Observation>
      <Observation>
        <Type>Text</Type>
        <Code>Description</Code>
        <Value>Extention tube with 3way stopcock,size : 100cm</Value>
        <ValueType>Other</ValueType>
      </Observation>
    </Activity>
    <Activity>
      <ID>D5-15</ID>
      <Start>05/09/2013 00:00</Start>
      <End>05/09/2013 00:00</End>
      <Code>A4212</Code>
      <Type>4</Type>
      <Quantity>1</Quantity>
      <Net>0</Net>
      <Clinician>DHA-P-0245014</Clinician>
      <PriorAuthorizationID>57299</PriorAuthorizationID>
      <Observation>
        <Type>Text</Type>
        <Code>Non-Standard-Code</Code>
        <Value>INV010021040</Value>
        <ValueType>Other</ValueType>
      </Observation>
      <Observation>
        <Type>Text</Type>
        <Code>Description</Code>
        <Value>Venflon Pro safety 20g,code no 393224 - BD</Value>
        <ValueType>Other</ValueType>
      </Observation>
    </Activity>
    <Activity>
      <ID>D5-16</ID>
      <Start>05/09/2013 00:00</Start>
      <End>05/09/2013 00:00</End>
      <Code>A6413</Code>
      <Type>4</Type>
      <Quantity>1</Quantity>
      <Net>0</Net>
      <Clinician>DHA-P-0245014</Clinician>
      <PriorAuthorizationID>57299</PriorAuthorizationID>
      <Observation>
        <Type>Text</Type>
        <Code>Non-Standard-Code</Code>
        <Value>INV010020232</Value>
        <ValueType>Other</ValueType>
      </Observation>
      <Observation>
        <Type>Text</Type>
        <Code>Description</Code>
        <Value>I.V dressing (plaster) # 392020</Value>
        <ValueType>Other</ValueType>
      </Observation>
    </Activity>
    <Activity>
      <ID>D5-17</ID>
      <Start>05/09/2013 00:00</Start>
      <End>05/09/2013 00:00</End>
      <Code>C1729</Code>
      <Type>4</Type>
      <Quantity>1</Quantity>
      <Net>0</Net>
      <Clinician>DHA-P-0245014</Clinician>
      <PriorAuthorizationID>57299</PriorAuthorizationID>
      <Observation>
        <Type>Text</Type>
        <Code>Non-Standard-Code</Code>
        <Value>INV010020505</Value>
        <ValueType>Other</ValueType>
      </Observation>
      <Observation>
        <Type>Text</Type>
        <Code>Description</Code>
        <Value>SUCTION CATHETER SIZE  16 .</Value>
        <ValueType>Other</ValueType>
      </Observation>
    </Activity>
    <Activity>
      <ID>D5-18</ID>
      <Start>05/09/2013 00:00</Start>
      <End>05/09/2013 00:00</End>
      <Code>A7002</Code>
      <Type>4</Type>
      <Quantity>1</Quantity>
      <Net>0</Net>
      <Clinician>DHA-P-0245014</Clinician>
      <PriorAuthorizationID>57299</PriorAuthorizationID>
      <Observation>
        <Type>Text</Type>
        <Code>Non-Standard-Code</Code>
        <Value>INV010020573</Value>
        <ValueType>Other</ValueType>
      </Observation>
      <Observation>
        <Type>Text</Type>
        <Code>Description</Code>
        <Value>Yankaur Suction Set with Control Tip - Adult</Value>
        <ValueType>Other</ValueType>
      </Observation>
    </Activity>
    <Activity>
      <ID>D5-19</ID>
      <Start>05/09/2013 00:00</Start>
      <End>05/09/2013 00:00</End>
      <Code>A4649</Code>
      <Type>4</Type>
      <Quantity>1</Quantity>
      <Net>0</Net>
      <Clinician>DHA-P-0245014</Clinician>
      <PriorAuthorizationID>57299</PriorAuthorizationID>
      <Observation>
        <Type>Text</Type>
        <Code>Non-Standard-Code</Code>
        <Value>INV010020945</Value>
        <ValueType>Other</ValueType>
      </Observation>
      <Observation>
        <Type>Text</Type>
        <Code>Description</Code>
        <Value>Laryngoscope set handle + blade size 4 - 040-774 disposable</Value>
        <ValueType>Other</ValueType>
      </Observation>
    </Activity>
    <Activity>
      <ID>D5-2</ID>
      <Start>05/09/2013 00:00</Start>
      <End>05/09/2013 00:00</End>
      <Code>A4618</Code>
      <Type>4</Type>
      <Quantity>1</Quantity>
      <Net>0</Net>
      <Clinician>DHA-P-0245014</Clinician>
      <PriorAuthorizationID>57299</PriorAuthorizationID>
      <Observation>
        <Type>Text</Type>
        <Code>Non-Standard-Code</Code>
        <Value>INV010020788</Value>
        <ValueType>Other</ValueType>
      </Observation>
      <Observation>
        <Type>Text</Type>
        <Code>Description</Code>
        <Value>Anesthesia Circuit Adult </Value>
        <ValueType>Other</ValueType>
      </Observation>
    </Activity>
    <Activity>
      <ID>D5-20</ID>
      <Start>05/09/2013 00:00</Start>
      <End>05/09/2013 00:00</End>
      <Code>E0485</Code>
      <Type>4</Type>
      <Quantity>1</Quantity>
      <Net>0</Net>
      <Clinician>DHA-P-0245014</Clinician>
      <PriorAuthorizationID>57299</PriorAuthorizationID>
      <Observation>
        <Type>Text</Type>
        <Code>Non-Standard-Code</Code>
        <Value>INV010020213</Value>
        <ValueType>Other</ValueType>
      </Observation>
      <Observation>
        <Type>Text</Type>
        <Code>Description</Code>
        <Value>Guedel Airway Disposable, Size : 4</Value>
        <ValueType>Other</ValueType>
      </Observation>
    </Activity>
    <Activity>
      <ID>D5-21</ID>
      <Start>05/09/2013 00:00</Start>
      <End>05/09/2013 00:00</End>
      <Code>A6216</Code>
      <Type>4</Type>
      <Quantity>20</Quantity>
      <Net>0</Net>
      <Clinician>DHA-P-0245014</Clinician>
      <PriorAuthorizationID>57299</PriorAuthorizationID>
      <Observation>
        <Type>Text</Type>
        <Code>Non-Standard-Code</Code>
        <Value>INV010170018</Value>
        <ValueType>Other</ValueType>
      </Observation>
      <Observation>
        <Type>Text</Type>
        <Code>Description</Code>
        <Value>Gauze Swab 10 Cm X 10 Cm X 12 PLY (4"), Non Sterile</Value>
        <ValueType>Other</ValueType>
      </Observation>
    </Activity>
    <Activity>
      <ID>D5-22</ID>
      <Start>05/09/2013 00:00</Start>
      <End>05/09/2013 00:00</End>
      <Code>A4649</Code>
      <Type>4</Type>
      <Quantity>1</Quantity>
      <Net>0</Net>
      <Clinician>DHA-P-0245014</Clinician>
      <PriorAuthorizationID>57299</PriorAuthorizationID>
      <Observation>
        <Type>Text</Type>
        <Code>Non-Standard-Code</Code>
        <Value>INV010020557</Value>
        <ValueType>Other</ValueType>
      </Observation>
      <Observation>
        <Type>Text</Type>
        <Code>Description</Code>
        <Value>Universal drape pack</Value>
        <ValueType>Other</ValueType>
      </Observation>
    </Activity>
    <Activity>
      <ID>D5-23</ID>
      <Start>05/09/2013 00:00</Start>
      <End>05/09/2013 00:00</End>
      <Code>A4649</Code>
      <Type>4</Type>
      <Quantity>4</Quantity>
      <Net>0</Net>
      <Clinician>DHA-P-0245014</Clinician>
      <PriorAuthorizationID>57299</PriorAuthorizationID>
      <Observation>
        <Type>Text</Type>
        <Code>Non-Standard-Code</Code>
        <Value>INV010020119</Value>
        <ValueType>Other</ValueType>
      </Observation>
      <Observation>
        <Type>Text</Type>
        <Code>Description</Code>
        <Value>Disposable Sterile Surgeon Gown - Large</Value>
        <ValueType>Other</ValueType>
      </Observation>
    </Activity>
    <Activity>
      <ID>D5-24</ID>
      <Start>05/09/2013 00:00</Start>
      <End>05/09/2013 00:00</End>
      <Code>A4930</Code>
      <Type>4</Type>
      <Quantity>1</Quantity>
      <Net>0</Net>
      <Clinician>DHA-P-0245014</Clinician>
      <PriorAuthorizationID>57299</PriorAuthorizationID>
      <Observation>
        <Type>Text</Type>
        <Code>Non-Standard-Code</Code>
        <Value>INV010020196</Value>
        <ValueType>Other</ValueType>
      </Observation>
      <Observation>
        <Type>Text</Type>
        <Code>Description</Code>
        <Value>Gloves Sterile, Size: 6.0, Powder Free</Value>
        <ValueType>Other</ValueType>
      </Observation>
    </Activity>
    <Activity>
      <ID>D5-25</ID>
      <Start>05/09/2013 00:00</Start>
      <End>05/09/2013 00:00</End>
      <Code>A4930</Code>
      <Type>4</Type>
      <Quantity>1</Quantity>
      <Net>0</Net>
      <Clinician>DHA-P-0245014</Clinician>
      <PriorAuthorizationID>57299</PriorAuthorizationID>
      <Observation>
        <Type>Text</Type>
        <Code>Non-Standard-Code</Code>
        <Value>INV010020197</Value>
        <ValueType>Other</ValueType>
      </Observation>
      <Observation>
        <Type>Text</Type>
        <Code>Description</Code>
        <Value>Gloves Sterile, Size: 6.5, Powder Free</Value>
        <ValueType>Other</ValueType>
      </Observation>
    </Activity>
    <Activity>
      <ID>D5-26</ID>
      <Start>05/09/2013 00:00</Start>
      <End>05/09/2013 00:00</End>
      <Code>A4930</Code>
      <Type>4</Type>
      <Quantity>1</Quantity>
      <Net>0</Net>
      <Clinician>DHA-P-0245014</Clinician>
      <PriorAuthorizationID>57299</PriorAuthorizationID>
      <Observation>
        <Type>Text</Type>
        <Code>Non-Standard-Code</Code>
        <Value>INV010020202</Value>
        <ValueType>Other</ValueType>
      </Observation>
      <Observation>
        <Type>Text</Type>
        <Code>Description</Code>
        <Value>Gloves Sterile, Size: 7.5, Powder Free</Value>
        <ValueType>Other</ValueType>
      </Observation>
    </Activity>
    <Activity>
      <ID>D5-27</ID>
      <Start>05/09/2013 00:00</Start>
      <End>05/09/2013 00:00</End>
      <Code>A4930</Code>
      <Type>4</Type>
      <Quantity>1</Quantity>
      <Net>0</Net>
      <Clinician>DHA-P-0245014</Clinician>
      <PriorAuthorizationID>57299</PriorAuthorizationID>
      <Observation>
        <Type>Text</Type>
        <Code>Non-Standard-Code</Code>
        <Value>INV010020203</Value>
        <ValueType>Other</ValueType>
      </Observation>
      <Observation>
        <Type>Text</Type>
        <Code>Description</Code>
        <Value>Gloves Sterile, Size: 8, Powder Free</Value>
        <ValueType>Other</ValueType>
      </Observation>
    </Activity>
    <Activity>
      <ID>D5-28</ID>
      <Start>05/09/2013 00:00</Start>
      <End>05/09/2013 00:00</End>
      <Code>A6222</Code>
      <Type>4</Type>
      <Quantity>10</Quantity>
      <Net>0</Net>
      <Clinician>DHA-P-0245014</Clinician>
      <PriorAuthorizationID>57299</PriorAuthorizationID>
      <Observation>
        <Type>Text</Type>
        <Code>Non-Standard-Code</Code>
        <Value>INV010170039</Value>
        <ValueType>Other</ValueType>
      </Observation>
      <Observation>
        <Type>Text</Type>
        <Code>Description</Code>
        <Value>Gauze Swab X-Ray Detect Size:10Cm X 10Cm X 12PLY - Sterile</Value>
        <ValueType>Other</ValueType>
      </Observation>
    </Activity>
    <Activity>
      <ID>D5-29</ID>
      <Start>05/09/2013 00:00</Start>
      <End>05/09/2013 00:00</End>
      <Code>A4554</Code>
      <Type>4</Type>
      <Quantity>4</Quantity>
      <Net>0</Net>
      <Clinician>DHA-P-0245014</Clinician>
      <PriorAuthorizationID>57299</PriorAuthorizationID>
      <Observation>
        <Type>Text</Type>
        <Code>Non-Standard-Code</Code>
        <Value>INV010020556</Value>
        <ValueType>Other</ValueType>
      </Observation>
      <Observation>
        <Type>Text</Type>
        <Code>Description</Code>
        <Value>Under pad size 60cm x 90cm</Value>
        <ValueType>Other</ValueType>
      </Observation>
    </Activity>
    <Activity>
      <ID>D5-3</ID>
      <Start>05/09/2013 00:00</Start>
      <End>05/09/2013 00:00</End>
      <Code>A7504</Code>
      <Type>4</Type>
      <Quantity>1</Quantity>
      <Net>0</Net>
      <Clinician>DHA-P-0245014</Clinician>
      <PriorAuthorizationID>57299</PriorAuthorizationID>
      <Observation>
        <Type>Text</Type>
        <Code>Non-Standard-Code</Code>
        <Value>INV010020222</Value>
        <ValueType>Other</ValueType>
      </Observation>
      <Observation>
        <Type>Text</Type>
        <Code>Description</Code>
        <Value>HME Filter adult with Luer Port</Value>
        <ValueType>Other</ValueType>
      </Observation>
    </Activity>
    <Activity>
      <ID>D5-30</ID>
      <Start>05/09/2013 00:00</Start>
      <End>05/09/2013 00:00</End>
      <Code>A4649</Code>
      <Type>4</Type>
      <Quantity>2</Quantity>
      <Net>0</Net>
      <Clinician>DHA-P-0245014</Clinician>
      <PriorAuthorizationID>57299</PriorAuthorizationID>
      <Observation>
        <Type>Text</Type>
        <Code>Non-Standard-Code</Code>
        <Value>INV010020495</Value>
        <ValueType>Other</ValueType>
      </Observation>
      <Observation>
        <Type>Text</Type>
        <Code>Description</Code>
        <Value>Sterile Surgical Scrub / Brush</Value>
        <ValueType>Other</ValueType>
      </Observation>
    </Activity>
    <Activity>
      <ID>D5-31</ID>
      <Start>05/09/2013 00:00</Start>
      <End>05/09/2013 00:00</End>
      <Code>A4649</Code>
      <Type>4</Type>
      <Quantity>1</Quantity>
      <Net>0</Net>
      <Clinician>DHA-P-0245014</Clinician>
      <PriorAuthorizationID>57299</PriorAuthorizationID>
      <Observation>
        <Type>Text</Type>
        <Code>Non-Standard-Code</Code>
        <Value>INV010020489</Value>
        <ValueType>Other</ValueType>
      </Observation>
      <Observation>
        <Type>Text</Type>
        <Code>Description</Code>
        <Value>Sterile Surgical Blade, Size:11 (Disposable)</Value>
        <ValueType>Other</ValueType>
      </Observation>
    </Activity>
    <Activity>
      <ID>D5-32</ID>
      <Start>05/09/2013 00:00</Start>
      <End>05/09/2013 00:00</End>
      <Code>E0769</Code>
      <Type>4</Type>
      <Quantity>1</Quantity>
      <Net>0</Net>
      <Clinician>DHA-P-0245014</Clinician>
      <PriorAuthorizationID>57299</PriorAuthorizationID>
      <Observation>
        <Type>Text</Type>
        <Code>Non-Standard-Code</Code>
        <Value>INV010070118</Value>
        <ValueType>Other</ValueType>
      </Observation>
      <Observation>
        <Type>Text</Type>
        <Code>Description</Code>
        <Value>Electro Surgical Grounding Plate with Cable # F7820W/V</Value>
        <ValueType>Other</ValueType>
      </Observation>
    </Activity>
    <Activity>
      <ID>D5-33</ID>
      <Start>05/09/2013 00:00</Start>
      <End>05/09/2013 00:00</End>
      <Code>A6200</Code>
      <Type>4</Type>
      <Quantity>3</Quantity>
      <Net>0</Net>
      <Clinician>DHA-P-0245014</Clinician>
      <PriorAuthorizationID>57299</PriorAuthorizationID>
      <Observation>
        <Type>Text</Type>
        <Code>Non-Standard-Code</Code>
        <Value>INV010020366</Value>
        <ValueType>Other</ValueType>
      </Observation>
      <Observation>
        <Type>Text</Type>
        <Code>Description</Code>
        <Value>Opsite Post Operative Dressing Size 6.5 cm x 5 cm</Value>
        <ValueType>Other</ValueType>
      </Observation>
    </Activity>
    <Activity>
      <ID>D5-34</ID>
      <Start>05/09/2013 00:00</Start>
      <End>05/09/2013 00:00</End>
      <Code>A4649</Code>
      <Type>4</Type>
      <Quantity>1</Quantity>
      <Net>0</Net>
      <Clinician>DHA-P-0245014</Clinician>
      <PriorAuthorizationID>57299</PriorAuthorizationID>
      <Observation>
        <Type>Text</Type>
        <Code>Non-Standard-Code</Code>
        <Value>INV010050059</Value>
        <ValueType>Other</ValueType>
      </Observation>
      <Observation>
        <Type>Text</Type>
        <Code>Description</Code>
        <Value>Vicryl 2-0, 31 mm, 1/2 circle # W9136 (12 Pcs / Box)</Value>
        <ValueType>Other</ValueType>
      </Observation>
    </Activity>
    <Activity>
      <ID>D5-35</ID>
      <Start>05/09/2013 00:00</Start>
      <End>05/09/2013 00:00</End>
      <Code>A4270</Code>
      <Type>4</Type>
      <Quantity>1</Quantity>
      <Net>0</Net>
      <Clinician>DHA-P-0245014</Clinician>
      <PriorAuthorizationID>57299</PriorAuthorizationID>
      <Observation>
        <Type>Text</Type>
        <Code>Non-Standard-Code</Code>
        <Value>INV010020754</Value>
        <ValueType>Other</ValueType>
      </Observation>
      <Observation>
        <Type>Text</Type>
        <Code>Description</Code>
        <Value>Trocar Kit, 2 Cannula </Value>
        <ValueType>Other</ValueType>
      </Observation>
    </Activity>
    <Activity>
      <ID>D5-36</ID>
      <Start>05/09/2013 00:00</Start>
      <End>05/09/2013 00:00</End>
      <Code>A4270</Code>
      <Type>4</Type>
      <Quantity>1</Quantity>
      <Net>0</Net>
      <Clinician>DHA-P-0245014</Clinician>
      <PriorAuthorizationID>57299</PriorAuthorizationID>
      <Observation>
        <Type>Text</Type>
        <Code>Non-Standard-Code</Code>
        <Value>INV010070013</Value>
        <ValueType>Other</ValueType>
      </Observation>
      <Observation>
        <Type>Text</Type>
        <Code>Description</Code>
        <Value>Endo Path Dilating Tip Trocar 11mm # K11LT</Value>
        <ValueType>Other</ValueType>
      </Observation>
    </Activity>
    <Activity>
      <ID>D5-37</ID>
      <Start>05/09/2013 00:00</Start>
      <End>05/09/2013 00:00</End>
      <Code>A4270</Code>
      <Type>4</Type>
      <Quantity>1</Quantity>
      <Net>0</Net>
      <Clinician>DHA-P-0245014</Clinician>
      <PriorAuthorizationID>57299</PriorAuthorizationID>
      <Observation>
        <Type>Text</Type>
        <Code>Non-Standard-Code</Code>
        <Value>INV010070007</Value>
        <ValueType>Other</ValueType>
      </Observation>
      <Observation>
        <Type>Text</Type>
        <Code>Description</Code>
        <Value>Endo Path Pneumoperitonium Needle 120 MM # PN120</Value>
        <ValueType>Other</ValueType>
      </Observation>
    </Activity>
    <Activity>
      <ID>D5-38</ID>
      <Start>05/09/2013 00:00</Start>
      <End>05/09/2013 00:00</End>
      <Code>S2900</Code>
      <Type>4</Type>
      <Quantity>1</Quantity>
      <Net>0</Net>
      <Clinician>DHA-P-0245014</Clinician>
      <PriorAuthorizationID>57299</PriorAuthorizationID>
      <Observation>
        <Type>Text</Type>
        <Code>Non-Standard-Code</Code>
        <Value>INV010020267</Value>
        <ValueType>Other</ValueType>
      </Observation>
      <Observation>
        <Type>Text</Type>
        <Code>Description</Code>
        <Value>Laproscopic Camera Sleeve (Cover), Code: PS3900</Value>
        <ValueType>Other</ValueType>
      </Observation>
    </Activity>
    <Activity>
      <ID>D5-39</ID>
      <Start>05/09/2013 00:00</Start>
      <End>05/09/2013 00:00</End>
      <Code>J7130</Code>
      <Type>4</Type>
      <Quantity>1</Quantity>
      <Net>0</Net>
      <Clinician>DHA-P-0245014</Clinician>
      <PriorAuthorizationID>57299</PriorAuthorizationID>
      <Observation>
        <Type>Text</Type>
        <Code>Non-Standard-Code</Code>
        <Value>INV010070002</Value>
        <ValueType>Other</ValueType>
      </Observation>
      <Observation>
        <Type>Text</Type>
        <Code>Description</Code>
        <Value>Defogger Anti Fog Solution # 28-0101</Value>
        <ValueType>Other</ValueType>
      </Observation>
    </Activity>
    <Activity>
      <ID>D5-4</ID>
      <Start>05/09/2013 00:00</Start>
      <End>05/09/2013 00:00</End>
      <Code>A4657</Code>
      <Type>4</Type>
      <Quantity>2</Quantity>
      <Net>0</Net>
      <Clinician>DHA-P-0245014</Clinician>
      <PriorAuthorizationID>57299</PriorAuthorizationID>
      <Observation>
        <Type>Text</Type>
        <Code>Non-Standard-Code</Code>
        <Value>INV010021036</Value>
        <ValueType>Other</ValueType>
      </Observation>
      <Observation>
        <Type>Text</Type>
        <Code>Description</Code>
        <Value>3 ml luer lock syringe,code no 300910/309658 - BD</Value>
        <ValueType>Other</ValueType>
      </Observation>
    </Activity>
    <Activity>
      <ID>D5-40</ID>
      <Start>05/09/2013 00:00</Start>
      <End>05/09/2013 00:00</End>
      <Code>C1781</Code>
      <Type>4</Type>
      <Quantity>1</Quantity>
      <Net>0</Net>
      <Clinician>DHA-P-0245014</Clinician>
      <PriorAuthorizationID>57299</PriorAuthorizationID>
      <Observation>
        <Type>Text</Type>
        <Code>Non-Standard-Code</Code>
        <Value>INV010070066</Value>
        <ValueType>Other</ValueType>
      </Observation>
      <Observation>
        <Type>Text</Type>
        <Code>Description</Code>
        <Value>Ultrapro Mesh, Size: 15Cm X 15Cm  # UMM3</Value>
        <ValueType>Other</ValueType>
      </Observation>
    </Activity>
    <Activity>
      <ID>D5-41</ID>
      <Start>05/09/2013 00:00</Start>
      <End>05/09/2013 00:00</End>
      <Code>A4373</Code>
      <Type>4</Type>
      <Quantity>1</Quantity>
      <Net>0</Net>
      <Clinician>DHA-P-0245014</Clinician>
      <PriorAuthorizationID>57299</PriorAuthorizationID>
      <Observation>
        <Type>Text</Type>
        <Code>Non-Standard-Code</Code>
        <Value>INV010070124</Value>
        <ValueType>Other</ValueType>
      </Observation>
      <Observation>
        <Type>Text</Type>
        <Code>Description</Code>
        <Value>Securestrap 5 mm Absorable Strap Fixation, Ref : STRAP25</Value>
        <ValueType>Other</ValueType>
      </Observation>
    </Activity>
    <Activity>
      <ID>D5-42</ID>
      <Start>05/09/2013 00:00</Start>
      <End>05/09/2013 00:00</End>
      <Code>A4215</Code>
      <Type>4</Type>
      <Quantity>1</Quantity>
      <Net>0</Net>
      <Clinician>DHA-P-0245014</Clinician>
      <PriorAuthorizationID>57299</PriorAuthorizationID>
      <Observation>
        <Type>Text</Type>
        <Code>Non-Standard-Code</Code>
        <Value>INV010050066</Value>
        <ValueType>Other</ValueType>
      </Observation>
      <Observation>
        <Type>Text</Type>
        <Code>Description</Code>
        <Value>Vicryl 4-0 Reverse Cutting Needle # W9918 (12 Pcs/Box)</Value>
        <ValueType>Other</ValueType>
      </Observation>
    </Activity>
    <Activity>
      <ID>D5-43</ID>
      <Start>05/09/2013 00:00</Start>
      <End>05/09/2013 00:00</End>
      <Code>A6407</Code>
      <Type>4</Type>
      <Quantity>1</Quantity>
      <Net>0</Net>
      <Clinician>DHA-P-0245014</Clinician>
      <PriorAuthorizationID>57299</PriorAuthorizationID>
      <Observation>
        <Type>Text</Type>
        <Code>Non-Standard-Code</Code>
        <Value>INV010010025</Value>
        <ValueType>Other</ValueType>
      </Observation>
      <Observation>
        <Type>Text</Type>
        <Code>Description</Code>
        <Value>Steri Strip, Size 1/4" X 3" # R1541(50 Pcs/Pkt)</Value>
        <ValueType>Other</ValueType>
      </Observation>
    </Activity>
    <Activity>
      <ID>D5-44</ID>
      <Start>05/09/2013 00:00</Start>
      <End>05/09/2013 00:00</End>
      <Code>T4522</Code>
      <Type>4</Type>
      <Quantity>1</Quantity>
      <Net>0</Net>
      <Clinician>DHA-P-0245014</Clinician>
      <PriorAuthorizationID>57299</PriorAuthorizationID>
      <Observation>
        <Type>Text</Type>
        <Code>Non-Standard-Code</Code>
        <Value>INV010020121</Value>
        <ValueType>Other</ValueType>
      </Observation>
      <Observation>
        <Type>Text</Type>
        <Code>Description</Code>
        <Value>Disposable Brief (Panties) Light Weight</Value>
        <ValueType>Other</ValueType>
      </Observation>
    </Activity>
    <Activity>
      <ID>D5-45</ID>
      <Start>05/09/2013 00:00</Start>
      <End>05/09/2013 00:00</End>
      <Code>A4649</Code>
      <Type>4</Type>
      <Quantity>1</Quantity>
      <Net>0</Net>
      <Clinician>DHA-P-0245014</Clinician>
      <PriorAuthorizationID>57299</PriorAuthorizationID>
      <Observation>
        <Type>Text</Type>
        <Code>Non-Standard-Code</Code>
        <Value>INV010070006</Value>
        <ValueType>Other</ValueType>
      </Observation>
      <Observation>
        <Type>Text</Type>
        <Code>Description</Code>
        <Value>Endo Loop PDS II # EZ10</Value>
        <ValueType>Other</ValueType>
      </Observation>
    </Activity>
    <Activity>
      <ID>D5-46</ID>
      <Start>05/09/2013 00:00</Start>
      <End>05/09/2013 00:00</End>
      <Code>A4927</Code>
      <Type>4</Type>
      <Quantity>10</Quantity>
      <Net>0</Net>
      <Clinician>DHA-P-0245014</Clinician>
      <PriorAuthorizationID>57299</PriorAuthorizationID>
      <Observation>
        <Type>Text</Type>
        <Code>Non-Standard-Code</Code>
        <Value>INV010020589</Value>
        <ValueType>Other</ValueType>
      </Observation>
      <Observation>
        <Type>Text</Type>
        <Code>Description</Code>
        <Value>Examination Gloves, Powder Free, Non-Sterile, Size: Small, 1</Value>
        <ValueType>Other</ValueType>
      </Observation>
    </Activity>
    <Activity>
      <ID>D5-47</ID>
      <Start>06/09/2013 00:00</Start>
      <End>06/09/2013 00:00</End>
      <Code>A4245</Code>
      <Type>4</Type>
      <Quantity>3</Quantity>
      <Net>0</Net>
      <Clinician>DHA-P-0245014</Clinician>
      <PriorAuthorizationID>57299</PriorAuthorizationID>
      <Observation>
        <Type>Text</Type>
        <Code>Non-Standard-Code</Code>
        <Value>INV010020577</Value>
        <ValueType>Other</ValueType>
      </Observation>
      <Observation>
        <Type>Text</Type>
        <Code>Description</Code>
        <Value>Alcohol Swabs, (200 Pcs/Box)</Value>
        <ValueType>Other</ValueType>
      </Observation>
    </Activity>
    <Activity>
      <ID>D5-48</ID>
      <Start>06/09/2013 00:00</Start>
      <End>06/09/2013 00:00</End>
      <Code>A4927</Code>
      <Type>4</Type>
      <Quantity>30</Quantity>
      <Net>0</Net>
      <Clinician>DHA-P-0245014</Clinician>
      <PriorAuthorizationID>57299</PriorAuthorizationID>
      <Observation>
        <Type>Text</Type>
        <Code>Non-Standard-Code</Code>
        <Value>INV010020589</Value>
        <ValueType>Other</ValueType>
      </Observation>
      <Observation>
        <Type>Text</Type>
        <Code>Description</Code>
        <Value>Examination Gloves, Powder Free, Non-Sterile, Size: Small, 1</Value>
        <ValueType>Other</ValueType>
      </Observation>
    </Activity>
    <Activity>
      <ID>D5-49</ID>
      <Start>06/09/2013 00:00</Start>
      <End>06/09/2013 00:00</End>
      <Code>S8301</Code>
      <Type>4</Type>
      <Quantity>4</Quantity>
      <Net>0</Net>
      <Clinician>DHA-P-0245014</Clinician>
      <PriorAuthorizationID>57299</PriorAuthorizationID>
      <Observation>
        <Type>Text</Type>
        <Code>Non-Standard-Code</Code>
        <Value>INV010020680</Value>
        <ValueType>Other</ValueType>
      </Observation>
      <Observation>
        <Type>Text</Type>
        <Code>Description</Code>
        <Value>Ear Thermoscan Probe Cover</Value>
        <ValueType>Other</ValueType>
      </Observation>
    </Activity>
    <Activity>
      <ID>D5-5</ID>
      <Start>05/09/2013 00:00</Start>
      <End>05/09/2013 00:00</End>
      <Code>A4657</Code>
      <Type>4</Type>
      <Quantity>2</Quantity>
      <Net>0</Net>
      <Clinician>DHA-P-0245014</Clinician>
      <PriorAuthorizationID>57299</PriorAuthorizationID>
      <Observation>
        <Type>Text</Type>
        <Code>Non-Standard-Code</Code>
        <Value>INV010021037</Value>
        <ValueType>Other</ValueType>
      </Observation>
      <Observation>
        <Type>Text</Type>
        <Code>Description</Code>
        <Value>5 ml luer lock syringe,code no 300911 - BD</Value>
        <ValueType>Other</ValueType>
      </Observation>
    </Activity>
    <Activity>
      <ID>D5-50</ID>
      <Start>06/09/2013 00:00</Start>
      <End>06/09/2013 00:00</End>
      <Code>A4245</Code>
      <Type>4</Type>
      <Quantity>5</Quantity>
      <Net>0</Net>
      <Clinician>DHA-P-0245014</Clinician>
      <PriorAuthorizationID>57299</PriorAuthorizationID>
      <Observation>
        <Type>Text</Type>
        <Code>Non-Standard-Code</Code>
        <Value>INV010020577</Value>
        <ValueType>Other</ValueType>
      </Observation>
      <Observation>
        <Type>Text</Type>
        <Code>Description</Code>
        <Value>Alcohol Swabs, (200 Pcs/Box)</Value>
        <ValueType>Other</ValueType>
      </Observation>
    </Activity>
    <Activity>
      <ID>D5-51</ID>
      <Start>06/09/2013 00:00</Start>
      <End>06/09/2013 00:00</End>
      <Code>A4927</Code>
      <Type>4</Type>
      <Quantity>10</Quantity>
      <Net>0</Net>
      <Clinician>DHA-P-0245014</Clinician>
      <PriorAuthorizationID>57299</PriorAuthorizationID>
      <Observation>
        <Type>Text</Type>
        <Code>Non-Standard-Code</Code>
        <Value>INV010020589</Value>
        <ValueType>Other</ValueType>
      </Observation>
      <Observation>
        <Type>Text</Type>
        <Code>Description</Code>
        <Value>Examination Gloves, Powder Free, Non-Sterile, Size: Small, 1</Value>
        <ValueType>Other</ValueType>
      </Observation>
    </Activity>
    <Activity>
      <ID>D5-52</ID>
      <Start>06/09/2013 00:00</Start>
      <End>06/09/2013 00:00</End>
      <Code>A6413</Code>
      <Type>4</Type>
      <Quantity>2</Quantity>
      <Net>0</Net>
      <Clinician>DHA-P-0245014</Clinician>
      <PriorAuthorizationID>57299</PriorAuthorizationID>
      <Observation>
        <Type>Text</Type>
        <Code>Non-Standard-Code</Code>
        <Value>INV010020062</Value>
        <ValueType>Other</ValueType>
      </Observation>
      <Observation>
        <Type>Text</Type>
        <Code>Description</Code>
        <Value>Band Aid Spot (100 Pcs/Box)</Value>
        <ValueType>Other</ValueType>
      </Observation>
    </Activity>
    <Activity>
      <ID>D5-6</ID>
      <Start>05/09/2013 00:00</Start>
      <End>05/09/2013 00:00</End>
      <Code>A4657</Code>
      <Type>4</Type>
      <Quantity>2</Quantity>
      <Net>0</Net>
      <Clinician>DHA-P-0245014</Clinician>
      <PriorAuthorizationID>57299</PriorAuthorizationID>
      <Observation>
        <Type>Text</Type>
        <Code>Non-Standard-Code</Code>
        <Value>INV010020648</Value>
        <ValueType>Other</ValueType>
      </Observation>
      <Observation>
        <Type>Text</Type>
        <Code>Description</Code>
        <Value>Syringe without Needle Sterile Disp10 Ml,Luer Slip#309110</Value>
        <ValueType>Other</ValueType>
      </Observation>
    </Activity>
    <Activity>
      <ID>D5-7</ID>
      <Start>05/09/2013 00:00</Start>
      <End>05/09/2013 00:00</End>
      <Code>A4213</Code>
      <Type>4</Type>
      <Quantity>1</Quantity>
      <Net>0</Net>
      <Clinician>DHA-P-0245014</Clinician>
      <PriorAuthorizationID>57299</PriorAuthorizationID>
      <Observation>
        <Type>Text</Type>
        <Code>Non-Standard-Code</Code>
        <Value>INV010020531</Value>
        <ValueType>Other</ValueType>
      </Observation>
      <Observation>
        <Type>Text</Type>
        <Code>Description</Code>
        <Value>Syringe without Needle Sterile Disp.20 Ml, Luer Slip 300330</Value>
        <ValueType>Other</ValueType>
      </Observation>
    </Activity>
    <Activity>
      <ID>D5-8</ID>
      <Start>05/09/2013 00:00</Start>
      <End>05/09/2013 00:00</End>
      <Code>A4210</Code>
      <Type>4</Type>
      <Quantity>1</Quantity>
      <Net>0</Net>
      <Clinician>DHA-P-0245014</Clinician>
      <PriorAuthorizationID>57299</PriorAuthorizationID>
      <Observation>
        <Type>Text</Type>
        <Code>Non-Standard-Code</Code>
        <Value>INV010020850</Value>
        <ValueType>Other</ValueType>
      </Observation>
      <Observation>
        <Type>Text</Type>
        <Code>Description</Code>
        <Value>Syringe 50/60 Ml, Luer Lock, BD, Code : 300865</Value>
        <ValueType>Other</ValueType>
      </Observation>
    </Activity>
    <Activity>
      <ID>D5-9</ID>
      <Start>05/09/2013 00:00</Start>
      <End>05/09/2013 00:00</End>
      <Code>A7521</Code>
      <Type>4</Type>
      <Quantity>1</Quantity>
      <Net>0</Net>
      <Clinician>DHA-P-0245014</Clinician>
      <PriorAuthorizationID>57299</PriorAuthorizationID>
      <Observation>
        <Type>Text</Type>
        <Code>Non-Standard-Code</Code>
        <Value>INV010020165</Value>
        <ValueType>Other</ValueType>
      </Observation>
      <Observation>
        <Type>Text</Type>
        <Code>Description</Code>
        <Value>Endotracheal Tube Cuffed, Size: 7.5# 100/199/075(Oral Nasal)</Value>
        <ValueType>Other</ValueType>
      </Observation>
    </Activity>
    <Activity>
      <ID>D6-1</ID>
      <Start>05/09/2013 00:00</Start>
      <End>05/09/2013 00:00</End>
      <Code>AA</Code>
      <Type>4</Type>
      <Quantity>1</Quantity>
      <Net>0</Net>
      <Clinician>DHA-P-0245014</Clinician>
      <PriorAuthorizationID>57299</PriorAuthorizationID>
      <Observation>
        <Type>Text</Type>
        <Code>Non-Standard-Code</Code>
        <Value>ANAES001</Value>
        <ValueType>Other</ValueType>
      </Observation>
      <Observation>
        <Type>Text</Type>
        <Code>Description</Code>
        <Value>General Anesthesia..</Value>
        <ValueType>Other</ValueType>
      </Observation>
    </Activity>
    <Activity>
      <ID>D6-2</ID>
      <Start>05/09/2013 00:00</Start>
      <End>05/09/2013 00:00</End>
      <Code>49650</Code>
      <Type>3</Type>
      <Quantity>1</Quantity>
      <Net>0</Net>
      <Clinician>DHA-P-0245014</Clinician>
      <PriorAuthorizationID>57299</PriorAuthorizationID>
      <Observation>
        <Type>Text</Type>
        <Code>Non-Standard-Code</Code>
        <Value>CPTGT49650</Value>
        <ValueType>Other</ValueType>
      </Observation>
      <Observation>
        <Type>Text</Type>
        <Code>Description</Code>
        <Value>LAPAROSCOPY, SURGICAL; REPAIR INITIAL INGUINAL HERNIA</Value>
        <ValueType>Other</ValueType>
      </Observation>
    </Activity>
    <Activity>
      <ID>D8-1</ID>
      <Start>05/09/2013 00:00</Start>
      <End>05/09/2013 00:00</End>
      <Code>0188-166501-0321</Code>
      <Type>5</Type>
      <Quantity>1</Quantity>
      <Net>121</Net>
      <Clinician>DHA-P-0245014</Clinician>
      <PriorAuthorizationID>57299</PriorAuthorizationID>
      <Observation>
        <Type>Text</Type>
        <Code>Non-Standard-Code</Code>
        <Value>020010037</Value>
        <ValueType>Other</ValueType>
      </Observation>
      <Observation>
        <Type>Text</Type>
        <Code>Description</Code>
        <Value>BUPIVACAINE 0.25MG/ML INJ</Value>
        <ValueType>Other</ValueType>
      </Observation>
    </Activity>
    <Activity>
      <ID>D8-10</ID>
      <Start>05/09/2013 00:00</Start>
      <End>05/09/2013 00:00</End>
      <Code>0439-111911-1003</Code>
      <Type>5</Type>
      <Quantity>1</Quantity>
      <Net>9</Net>
      <Clinician>DHA-P-0245014</Clinician>
      <PriorAuthorizationID>57299</PriorAuthorizationID>
      <Observation>
        <Type>Text</Type>
        <Code>Non-Standard-Code</Code>
        <Value>100080015</Value>
        <ValueType>Other</ValueType>
      </Observation>
      <Observation>
        <Type>Text</Type>
        <Code>Description</Code>
        <Value>NS 1L (INFUSION)</Value>
        <ValueType>Other</ValueType>
      </Observation>
    </Activity>
    <Activity>
      <ID>D8-11</ID>
      <Start>05/09/2013 00:00</Start>
      <End>05/09/2013 00:00</End>
      <Code>0035-168604-1171</Code>
      <Type>5</Type>
      <Quantity>1</Quantity>
      <Net>9</Net>
      <Clinician>DHA-P-0245014</Clinician>
      <PriorAuthorizationID>57299</PriorAuthorizationID>
      <Observation>
        <Type>Text</Type>
        <Code>Non-Standard-Code</Code>
        <Value>020050008</Value>
        <ValueType>Other</ValueType>
      </Observation>
      <Observation>
        <Type>Text</Type>
        <Code>Description</Code>
        <Value>DORMICUM 7.5 MG TAB 10'S</Value>
        <ValueType>Other</ValueType>
      </Observation>
    </Activity>
    <Activity>
      <ID>D8-12</ID>
      <Start>05/09/2013 00:00</Start>
      <End>05/09/2013 00:00</End>
      <Code>0362-143201-1371</Code>
      <Type>5</Type>
      <Quantity>2</Quantity>
      <Net>44</Net>
      <Clinician>DHA-P-0245014</Clinician>
      <PriorAuthorizationID>57299</PriorAuthorizationID>
      <Observation>
        <Type>Text</Type>
        <Code>Non-Standard-Code</Code>
        <Value>030060028</Value>
        <ValueType>Other</ValueType>
      </Observation>
      <Observation>
        <Type>Text</Type>
        <Code>Description</Code>
        <Value>CLAFORAN 1000 MG I.V. INJ</Value>
        <ValueType>Other</ValueType>
      </Observation>
    </Activity>
    <Activity>
      <ID>D8-14</ID>
      <Start>05/09/2013 00:00</Start>
      <End>05/09/2013 00:00</End>
      <Code>0011-106618-1001</Code>
      <Type>5</Type>
      <Quantity>3</Quantity>
      <Net>184</Net>
      <Clinician>DHA-P-0245014</Clinician>
      <PriorAuthorizationID>57299</PriorAuthorizationID>
      <Observation>
        <Type>Text</Type>
        <Code>Non-Standard-Code</Code>
        <Value>020020086</Value>
        <ValueType>Other</ValueType>
      </Observation>
      <Observation>
        <Type>Text</Type>
        <Code>Description</Code>
        <Value>PERFALGAN 1G INJ</Value>
        <ValueType>Other</ValueType>
      </Observation>
    </Activity>
    <Activity>
      <ID>D8-15</ID>
      <Start>05/09/2013 00:00</Start>
      <End>05/09/2013 00:00</End>
      <Code>0027-149902-0511</Code>
      <Type>5</Type>
      <Quantity>2</Quantity>
      <Net>54</Net>
      <Clinician>DHA-P-0245014</Clinician>
      <PriorAuthorizationID>57299</PriorAuthorizationID>
      <Observation>
        <Type>Text</Type>
        <Code>Non-Standard-Code</Code>
        <Value>020020119</Value>
        <ValueType>Other</ValueType>
      </Observation>
      <Observation>
        <Type>Text</Type>
        <Code>Description</Code>
        <Value>VOLTAREN 75 MG INJ 5'S</Value>
        <ValueType>Other</ValueType>
      </Observation>
    </Activity>
    <Activity>
      <ID>D8-16</ID>
      <Start>06/09/2013 00:00</Start>
      <End>06/09/2013 00:00</End>
      <Code>0135-142902-1452</Code>
      <Type>5</Type>
      <Quantity>12</Quantity>
      <Net>99</Net>
      <Clinician>DHA-P-0245014</Clinician>
      <PriorAuthorizationID>57299</PriorAuthorizationID>
      <Observation>
        <Type>Text</Type>
        <Code>Non-Standard-Code</Code>
        <Value>030060062</Value>
        <ValueType>Other</ValueType>
      </Observation>
      <Observation>
        <Type>Text</Type>
        <Code>Description</Code>
        <Value>SUPRAX 400 MG CAPS 6'S</Value>
        <ValueType>Other</ValueType>
      </Observation>
    </Activity>
    <Activity>
      <ID>D8-17</ID>
      <Start>06/09/2013 00:00</Start>
      <End>06/09/2013 00:00</End>
      <Code>0095-149903-1451</Code>
      <Type>5</Type>
      <Quantity>10</Quantity>
      <Net>27</Net>
      <Clinician>DHA-P-0245014</Clinician>
      <PriorAuthorizationID>57299</PriorAuthorizationID>
      <Observation>
        <Type>Text</Type>
        <Code>Non-Standard-Code</Code>
        <Value>020020126</Value>
        <ValueType>Other</ValueType>
      </Observation>
      <Observation>
        <Type>Text</Type>
        <Code>Description</Code>
        <Value>OLFEN SR 100 MG CAPS 10'S</Value>
        <ValueType>Other</ValueType>
      </Observation>
    </Activity>
    <Activity>
      <ID>D8-2</ID>
      <Start>05/09/2013 00:00</Start>
      <End>05/09/2013 00:00</End>
      <Code>SC</Code>
      <Type>4</Type>
      <Quantity>1</Quantity>
      <Net>0</Net>
      <Clinician>DHA-P-0245014</Clinician>
      <PriorAuthorizationID>57299</PriorAuthorizationID>
      <Observation>
        <Type>Text</Type>
        <Code>Non-Standard-Code</Code>
        <Value>020010004</Value>
        <ValueType>Other</ValueType>
      </Observation>
      <Observation>
        <Type>Text</Type>
        <Code>Description</Code>
        <Value>ESMERON 50MG INJ 12'S</Value>
        <ValueType>Other</ValueType>
      </Observation>
    </Activity>
    <Activity>
      <ID>D8-3</ID>
      <Start>05/09/2013 00:00</Start>
      <End>05/09/2013 00:00</End>
      <Code>0279-172301-0513</Code>
      <Type>5</Type>
      <Quantity>1</Quantity>
      <Net>22</Net>
      <Clinician>DHA-P-0245014</Clinician>
      <PriorAuthorizationID>57299</PriorAuthorizationID>
      <Observation>
        <Type>Text</Type>
        <Code>Non-Standard-Code</Code>
        <Value>020010010</Value>
        <ValueType>Other</ValueType>
      </Observation>
      <Observation>
        <Type>Text</Type>
        <Code>Description</Code>
        <Value>LIDOCAINE 2% INJ 5ML</Value>
        <ValueType>Other</ValueType>
      </Observation>
    </Activity>
    <Activity>
      <ID>D8-4</ID>
      <Start>05/09/2013 00:00</Start>
      <End>05/09/2013 00:00</End>
      <Code>0014-224801-0511</Code>
      <Type>5</Type>
      <Quantity>1</Quantity>
      <Net>20</Net>
      <Clinician>DHA-P-0245014</Clinician>
      <PriorAuthorizationID>57299</PriorAuthorizationID>
      <Observation>
        <Type>Text</Type>
        <Code>Non-Standard-Code</Code>
        <Value>020080005</Value>
        <ValueType>Other</ValueType>
      </Observation>
      <Observation>
        <Type>Text</Type>
        <Code>Description</Code>
        <Value>MORPHINE INJ</Value>
        <ValueType>Other</ValueType>
      </Observation>
    </Activity>
    <Activity>
      <ID>D8-5</ID>
      <Start>05/09/2013 00:00</Start>
      <End>05/09/2013 00:00</End>
      <Code>0442-111911-1002</Code>
      <Type>5</Type>
      <Quantity>2</Quantity>
      <Net>4</Net>
      <Clinician>DHA-P-0245014</Clinician>
      <PriorAuthorizationID>57299</PriorAuthorizationID>
      <Observation>
        <Type>Text</Type>
        <Code>Non-Standard-Code</Code>
        <Value>100080018</Value>
        <ValueType>Other</ValueType>
      </Observation>
      <Observation>
        <Type>Text</Type>
        <Code>Description</Code>
        <Value>NS 500 ML</Value>
        <ValueType>Other</ValueType>
      </Observation>
    </Activity>
    <Activity>
      <ID>D8-6</ID>
      <Start>05/09/2013 00:00</Start>
      <End>05/09/2013 00:00</End>
      <Code>0129-111913-0511</Code>
      <Type>5</Type>
      <Quantity>3</Quantity>
      <Net>354</Net>
      <Clinician>DHA-P-0245014</Clinician>
      <PriorAuthorizationID>57299</PriorAuthorizationID>
      <Observation>
        <Type>Text</Type>
        <Code>Non-Standard-Code</Code>
        <Value>100080029</Value>
        <ValueType>Other</ValueType>
      </Observation>
      <Observation>
        <Type>Text</Type>
        <Code>Description</Code>
        <Value>NS 10 ML</Value>
        <ValueType>Other</ValueType>
      </Observation>
    </Activity>
    <Activity>
      <ID>D8-7</ID>
      <Start>05/09/2013 00:00</Start>
      <End>05/09/2013 00:00</End>
      <Code>0011-106618-1001</Code>
      <Type>5</Type>
      <Quantity>1</Quantity>
      <Net>184</Net>
      <Clinician>DHA-P-0245014</Clinician>
      <PriorAuthorizationID>57299</PriorAuthorizationID>
      <Observation>
        <Type>Text</Type>
        <Code>Non-Standard-Code</Code>
        <Value>020020086</Value>
        <ValueType>Other</ValueType>
      </Observation>
      <Observation>
        <Type>Text</Type>
        <Code>Description</Code>
        <Value>PERFALGAN 1G INJ</Value>
        <ValueType>Other</ValueType>
      </Observation>
    </Activity>
    <Activity>
      <ID>D8-8</ID>
      <Start>05/09/2013 00:00</Start>
      <End>05/09/2013 00:00</End>
      <Code>0056-166503-0322</Code>
      <Type>5</Type>
      <Quantity>3</Quantity>
      <Net>134</Net>
      <Clinician>DHA-P-0245014</Clinician>
      <PriorAuthorizationID>57299</PriorAuthorizationID>
      <Observation>
        <Type>Text</Type>
        <Code>Non-Standard-Code</Code>
        <Value>020010029</Value>
        <ValueType>Other</ValueType>
      </Observation>
      <Observation>
        <Type>Text</Type>
        <Code>Description</Code>
        <Value>PROPOFOL INJ</Value>
        <ValueType>Other</ValueType>
      </Observation>
    </Activity>
    <Activity>
      <ID>D8-9</ID>
      <Start>05/09/2013 00:00</Start>
      <End>05/09/2013 00:00</End>
      <Code>0102-152902-1001</Code>
      <Type>5</Type>
      <Quantity>1</Quantity>
      <Net>5</Net>
      <Clinician>DHA-P-0245014</Clinician>
      <PriorAuthorizationID>57299</PriorAuthorizationID>
      <Observation>
        <Type>Text</Type>
        <Code>Non-Standard-Code</Code>
        <Value>100080020</Value>
        <ValueType>Other</ValueType>
      </Observation>
      <Observation>
        <Type>Text</Type>
        <Code>Description</Code>
        <Value>RL 500 ML</Value>
        <ValueType>Other</ValueType>
      </Observation>
    </Activity>
    <Activity>
      <ID>D9-1</ID>
      <Start>05/09/2013 00:00</Start>
      <End>05/09/2013 00:00</End>
      <Code>20.01</Code>
      <Type>8</Type>
      <Quantity>1</Quantity>
      <Net>0</Net>
      <Clinician>DHA-P-0245014</Clinician>
      <PriorAuthorizationID>57299</PriorAuthorizationID>
      <Observation>
        <Type>Text</Type>
        <Code>Non-Standard-Code</Code>
        <Value>PERR092</Value>
        <ValueType>Other</ValueType>
      </Observation>
      <Observation>
        <Type>Text</Type>
        <Code>Description</Code>
        <Value>MAJOR OT CHARGES PER HOUR</Value>
        <ValueType>Other</ValueType>
      </Observation>
    </Activity>
    <Activity>
      <ID>D9-2</ID>
      <Start>06/09/2013 00:00</Start>
      <End>06/09/2013 00:00</End>
      <Code>96374</Code>
      <Type>3</Type>
      <Quantity>2</Quantity>
      <Net>0</Net>
      <Clinician>DHA-P-0245014</Clinician>
      <PriorAuthorizationID>57299</PriorAuthorizationID>
      <Observation>
        <Type>Text</Type>
        <Code>Non-Standard-Code</Code>
        <Value>CPTER90774</Value>
        <ValueType>Other</ValueType>
      </Observation>
      <Observation>
        <Type>Text</Type>
        <Code>Description</Code>
        <Value>THER PROPH/DX NJX IV PUSH 1ST SBST/DRUG</Value>
        <ValueType>Other</ValueType>
      </Observation>
    </Activity>
  </Claim>
  <Claim>
    <ID>BIL0019997</ID>
    <IDPayer/>
    <MemberID>369505</MemberID>
    <PayerID>A020</PayerID>
    <ProviderID>DHA-F-0047278</ProviderID>
    <EmiratesIDNumber>784-1984-4757915-0</EmiratesIDNumber>
    <Gross>5826.67</Gross>
    <PatientShare>0</PatientShare>
    <Net>5826.67</Net>
    <Encounter>
      <FacilityID>DHA-F-0047278</FacilityID>
      <Type>3</Type>
      <PatientID>0139915</PatientID>
      <Start>28/09/2013 00:00</Start>
      <End>30/09/2013 00:00</End>
      <StartType>2</StartType>
      <EndType>1</EndType>
    </Encounter>
    <Contract>
      <PackageName/>
    </Contract>
    <Resubmission/>
    <Diagnosis>
      <Type>Principal</Type>
      <Code>G57.91</Code>
    </Diagnosis>
    <Activity>
      <ID>D1-1</ID>
      <Start>28/09/2013 00:00</Start>
      <End>28/09/2013 00:00</End>
      <Code>85027</Code>
      <Type>3</Type>
      <Quantity>1</Quantity>
      <Net>0</Net>
      <Clinician>DHA-P-0246865</Clinician>
      <PriorAuthorizationID>57766</PriorAuthorizationID>
      <Observation>
        <Type>Text</Type>
        <Code>Non-Standard-Code</Code>
        <Value>CPTLB85027</Value>
        <ValueType>Other</ValueType>
      </Observation>
      <Observation>
        <Type>Text</Type>
        <Code>Description</Code>
        <Value>COMPLETE BLOOD COUNT- CPT 85027</Value>
        <ValueType>Other</ValueType>
      </Observation>
    </Activity>
    <Activity>
      <ID>D1-2</ID>
      <Start>28/09/2013 00:00</Start>
      <End>28/09/2013 00:00</End>
      <Code>85651</Code>
      <Type>3</Type>
      <Quantity>1</Quantity>
      <Net>0</Net>
      <Clinician>DHA-P-0246865</Clinician>
      <PriorAuthorizationID>57766</PriorAuthorizationID>
      <Observation>
        <Type>Text</Type>
        <Code>Non-Standard-Code</Code>
        <Value>CPTLB85651</Value>
        <ValueType>Other</ValueType>
      </Observation>
      <Observation>
        <Type>Text</Type>
        <Code>Description</Code>
        <Value>ESR - CPT 85651</Value>
        <ValueType>Other</ValueType>
      </Observation>
    </Activity>
    <Activity>
      <ID>D1-3</ID>
      <Start>28/09/2013 00:00</Start>
      <End>28/09/2013 00:00</End>
      <Code>86140</Code>
      <Type>3</Type>
      <Quantity>1</Quantity>
      <Net>0</Net>
      <Clinician>DHA-P-0246865</Clinician>
      <PriorAuthorizationID>57766</PriorAuthorizationID>
      <Observation>
        <Type>Text</Type>
        <Code>Non-Standard-Code</Code>
        <Value>CPTLB86140</Value>
        <ValueType>Other</ValueType>
      </Observation>
      <Observation>
        <Type>Text</Type>
        <Code>Description</Code>
        <Value>C-REACTIVE PROTEIN CRP  CPT 86140</Value>
        <ValueType>Other</ValueType>
      </Observation>
    </Activity>
    <Activity>
      <ID>D1-4</ID>
      <Start>28/09/2013 00:00</Start>
      <End>28/09/2013 00:00</End>
      <Code>82565</Code>
      <Type>3</Type>
      <Quantity>1</Quantity>
      <Net>0</Net>
      <Clinician>DHA-P-0246865</Clinician>
      <PriorAuthorizationID>57766</PriorAuthorizationID>
      <Observation>
        <Type>Text</Type>
        <Code>Non-Standard-Code</Code>
        <Value>CPTLB82565</Value>
        <ValueType>Other</ValueType>
      </Observation>
      <Observation>
        <Type>Text</Type>
        <Code>Description</Code>
        <Value>CREATININE BLOOD CPT 82565</Value>
        <ValueType>Other</ValueType>
      </Observation>
    </Activity>
    <Activity>
      <ID>D1-5</ID>
      <Start>28/09/2013 00:00</Start>
      <End>28/09/2013 00:00</End>
      <Code>82947</Code>
      <Type>3</Type>
      <Quantity>1</Quantity>
      <Net>0</Net>
      <Clinician>DHA-P-0246865</Clinician>
      <PriorAuthorizationID>57766</PriorAuthorizationID>
      <Observation>
        <Type>Text</Type>
        <Code>Non-Standard-Code</Code>
        <Value>CPTLA82947</Value>
        <ValueType>Other</ValueType>
      </Observation>
      <Observation>
        <Type>Text</Type>
        <Code>Description</Code>
        <Value>FASTING BLOOD -FBS. SUGAR -CPT 82947</Value>
        <ValueType>Other</ValueType>
      </Observation>
    </Activity>
    <Activity>
      <ID>D1-6</ID>
      <Start>28/09/2013 00:00</Start>
      <End>28/09/2013 00:00</End>
      <Code>81000</Code>
      <Type>3</Type>
      <Quantity>1</Quantity>
      <Net>0</Net>
      <Clinician>DHA-P-0246865</Clinician>
      <PriorAuthorizationID>57766</PriorAuthorizationID>
      <Observation>
        <Type>Text</Type>
        <Code>Non-Standard-Code</Code>
        <Value>CPTLB81000</Value>
        <ValueType>Other</ValueType>
      </Observation>
      <Observation>
        <Type>Text</Type>
        <Code>Description</Code>
        <Value>URINE ANALYSIS  CPT 81000</Value>
        <ValueType>Other</ValueType>
      </Observation>
    </Activity>
    <Activity>
      <ID>D2-1</ID>
      <Start>28/09/2013 00:00</Start>
      <End>28/09/2013 00:00</End>
      <Code>72148</Code>
      <Type>3</Type>
      <Quantity>1</Quantity>
      <Net>0</Net>
      <Clinician>DHA-P-0246865</Clinician>
      <PriorAuthorizationID>57766</PriorAuthorizationID>
      <Observation>
        <Type>Text</Type>
        <Code>Non-Standard-Code</Code>
        <Value>CPTRD72148</Value>
        <ValueType>Other</ValueType>
      </Observation>
      <Observation>
        <Type>Text</Type>
        <Code>Description</Code>
        <Value>MRI LUMBAR SPINE   CPT 72148</Value>
        <ValueType>Other</ValueType>
      </Observation>
    </Activity>
    <Activity>
      <ID>D2-2</ID>
      <Start>28/09/2013 00:00</Start>
      <End>28/09/2013 00:00</End>
      <Code>72195</Code>
      <Type>3</Type>
      <Quantity>1</Quantity>
      <Net>0</Net>
      <Clinician>DHA-P-0246865</Clinician>
      <PriorAuthorizationID>57766</PriorAuthorizationID>
      <Observation>
        <Type>Text</Type>
        <Code>Non-Standard-Code</Code>
        <Value>CPTRD72195</Value>
        <ValueType>Other</ValueType>
      </Observation>
      <Observation>
        <Type>Text</Type>
        <Code>Description</Code>
        <Value>MRI PELVIS C-MATRL</Value>
        <ValueType>Other</ValueType>
      </Observation>
    </Activity>
    <Activity>
      <ID>D2-3</ID>
      <Start>29/09/2013 00:00</Start>
      <End>29/09/2013 00:00</End>
      <Code>76770</Code>
      <Type>3</Type>
      <Quantity>1</Quantity>
      <Net>0</Net>
      <Clinician>DHA-P-0246865</Clinician>
      <PriorAuthorizationID>57766</PriorAuthorizationID>
      <Observation>
        <Type>Text</Type>
        <Code>Non-Standard-Code</Code>
        <Value>CPTRRD76770</Value>
        <ValueType>Other</ValueType>
      </Observation>
      <Observation>
        <Type>Text</Type>
        <Code>Description</Code>
        <Value>US KUB  CPT 76770..</Value>
        <ValueType>Other</ValueType>
      </Observation>
    </Activity>
    <Activity>
      <ID>D2-4</ID>
      <Start>29/09/2013 00:00</Start>
      <End>29/09/2013 00:00</End>
      <Code>74000</Code>
      <Type>3</Type>
      <Quantity>1</Quantity>
      <Net>0</Net>
      <Clinician>DHA-P-0246865</Clinician>
      <PriorAuthorizationID>57766</PriorAuthorizationID>
      <Observation>
        <Type>Text</Type>
        <Code>Non-Standard-Code</Code>
        <Value>CPTRD74000</Value>
        <ValueType>Other</ValueType>
      </Observation>
      <Observation>
        <Type>Text</Type>
        <Code>Description</Code>
        <Value>RADEX ABD 1 ANTEROPOST VIEW</Value>
        <ValueType>Other</ValueType>
      </Observation>
    </Activity>
    <Activity>
      <ID>D3-1</ID>
      <Start>29/09/2013 00:00</Start>
      <End>29/09/2013 00:00</End>
      <Code>17.03</Code>
      <Type>8</Type>
      <Quantity>1</Quantity>
      <Net>0</Net>
      <Clinician>DHA-P-0246865</Clinician>
      <PriorAuthorizationID>57766</PriorAuthorizationID>
      <Observation>
        <Type>Text</Type>
        <Code>Non-Standard-Code</Code>
        <Value>BEDSINGLE</Value>
        <ValueType>Other</ValueType>
      </Observation>
      <Observation>
        <Type>Text</Type>
        <Code>Description</Code>
        <Value>ACCOMMODATION SINGLE</Value>
        <ValueType>Other</ValueType>
      </Observation>
    </Activity>
    <Activity>
      <ID>D3-2</ID>
      <Start>28/09/2013 00:00</Start>
      <End>28/09/2013 00:00</End>
      <Code>17.03</Code>
      <Type>8</Type>
      <Quantity>1</Quantity>
      <Net>0</Net>
      <Clinician>DHA-P-0246865</Clinician>
      <PriorAuthorizationID>57766</PriorAuthorizationID>
      <Observation>
        <Type>Text</Type>
        <Code>Non-Standard-Code</Code>
        <Value>BEDSINGLE</Value>
        <ValueType>Other</ValueType>
      </Observation>
      <Observation>
        <Type>Text</Type>
        <Code>Description</Code>
        <Value>ACCOMMODATION SINGLE</Value>
        <ValueType>Other</ValueType>
      </Observation>
    </Activity>
    <Activity>
      <ID>D4-1</ID>
      <Start>29/09/2013 00:00</Start>
      <End>29/09/2013 00:00</End>
      <Code>11</Code>
      <Type>8</Type>
      <Quantity>1</Quantity>
      <Net>0</Net>
      <Clinician>DHA-P-0246865</Clinician>
      <PriorAuthorizationID>57766</PriorAuthorizationID>
      <Observation>
        <Type>Text</Type>
        <Code>Non-Standard-Code</Code>
        <Value>CONS706</Value>
        <ValueType>Other</ValueType>
      </Observation>
      <Observation>
        <Type>Text</Type>
        <Code>Description</Code>
        <Value>SEYED MAHMOODI--Consultant rounding</Value>
        <ValueType>Other</ValueType>
      </Observation>
    </Activity>
    <Activity>
      <ID>D4-2</ID>
      <Start>29/09/2013 00:00</Start>
      <End>29/09/2013 00:00</End>
      <Code>10</Code>
      <Type>8</Type>
      <Quantity>1</Quantity>
      <Net>0</Net>
      <Clinician>DHA-P-0246865</Clinician>
      <PriorAuthorizationID>57766</PriorAuthorizationID>
      <Observation>
        <Type>Text</Type>
        <Code>Non-Standard-Code</Code>
        <Value>SP957</Value>
        <ValueType>Other</ValueType>
      </Observation>
      <Observation>
        <Type>Text</Type>
        <Code>Description</Code>
        <Value>AMR AHMED MASSOUD--Specialits rounding</Value>
        <ValueType>Other</ValueType>
      </Observation>
    </Activity>
    <Activity>
      <ID>D5-1</ID>
      <Start>29/09/2013 00:00</Start>
      <End>29/09/2013 00:00</End>
      <Code>A4209</Code>
      <Type>4</Type>
      <Quantity>1</Quantity>
      <Net>0</Net>
      <Clinician>DHA-P-0246865</Clinician>
      <PriorAuthorizationID>57766</PriorAuthorizationID>
      <Observation>
        <Type>Text</Type>
        <Code>Non-Standard-Code</Code>
        <Value>INV010020529</Value>
        <ValueType>Other</ValueType>
      </Observation>
      <Observation>
        <Type>Text</Type>
        <Code>Description</Code>
        <Value>Syringe with needle sterile disposable size 5ML</Value>
        <ValueType>Other</ValueType>
      </Observation>
    </Activity>
    <Activity>
      <ID>D5-10</ID>
      <Start>29/09/2013 00:00</Start>
      <End>29/09/2013 00:00</End>
      <Code>A4245</Code>
      <Type>4</Type>
      <Quantity>5</Quantity>
      <Net>0</Net>
      <Clinician>DHA-P-0246865</Clinician>
      <PriorAuthorizationID>57766</PriorAuthorizationID>
      <Observation>
        <Type>Text</Type>
        <Code>Non-Standard-Code</Code>
        <Value>INV010020577</Value>
        <ValueType>Other</ValueType>
      </Observation>
      <Observation>
        <Type>Text</Type>
        <Code>Description</Code>
        <Value>Alcohol Swabs, (200 Pcs/Box)</Value>
        <ValueType>Other</ValueType>
      </Observation>
    </Activity>
    <Activity>
      <ID>D5-11</ID>
      <Start>29/09/2013 00:00</Start>
      <End>29/09/2013 00:00</End>
      <Code>A4218</Code>
      <Type>4</Type>
      <Quantity>2</Quantity>
      <Net>0</Net>
      <Clinician>DHA-P-0246865</Clinician>
      <PriorAuthorizationID>57766</PriorAuthorizationID>
      <Observation>
        <Type>Text</Type>
        <Code>Non-Standard-Code</Code>
        <Value>INV010020008</Value>
        <ValueType>Other</ValueType>
      </Observation>
      <Observation>
        <Type>Text</Type>
        <Code>Description</Code>
        <Value>Medicine cup - 30ML</Value>
        <ValueType>Other</ValueType>
      </Observation>
    </Activity>
    <Activity>
      <ID>D5-12</ID>
      <Start>29/09/2013 00:00</Start>
      <End>29/09/2013 00:00</End>
      <Code>A0382</Code>
      <Type>4</Type>
      <Quantity>5</Quantity>
      <Net>0</Net>
      <Clinician>DHA-P-0246865</Clinician>
      <PriorAuthorizationID>57766</PriorAuthorizationID>
      <Observation>
        <Type>Text</Type>
        <Code>Non-Standard-Code</Code>
        <Value>INV010020671</Value>
        <ValueType>Other</ValueType>
      </Observation>
      <Observation>
        <Type>Text</Type>
        <Code>Description</Code>
        <Value>Combi- Stopper Closing Cone # 4495101</Value>
        <ValueType>Other</ValueType>
      </Observation>
    </Activity>
    <Activity>
      <ID>D5-13</ID>
      <Start>29/09/2013 00:00</Start>
      <End>29/09/2013 00:00</End>
      <Code>A4209</Code>
      <Type>4</Type>
      <Quantity>5</Quantity>
      <Net>0</Net>
      <Clinician>DHA-P-0246865</Clinician>
      <PriorAuthorizationID>57766</PriorAuthorizationID>
      <Observation>
        <Type>Text</Type>
        <Code>Non-Standard-Code</Code>
        <Value>INV010020529</Value>
        <ValueType>Other</ValueType>
      </Observation>
      <Observation>
        <Type>Text</Type>
        <Code>Description</Code>
        <Value>Syringe with needle sterile disposable size 5ML</Value>
        <ValueType>Other</ValueType>
      </Observation>
    </Activity>
    <Activity>
      <ID>D5-14</ID>
      <Start>29/09/2013 00:00</Start>
      <End>29/09/2013 00:00</End>
      <Code>A7003</Code>
      <Type>4</Type>
      <Quantity>1</Quantity>
      <Net>0</Net>
      <Clinician>DHA-P-0246865</Clinician>
      <PriorAuthorizationID>57766</PriorAuthorizationID>
      <Observation>
        <Type>Text</Type>
        <Code>Non-Standard-Code</Code>
        <Value>INV010020252</Value>
        <ValueType>Other</ValueType>
      </Observation>
      <Observation>
        <Type>Text</Type>
        <Code>Description</Code>
        <Value>IV ADMINISTRATION SET - 20ML (INFUSION SET)</Value>
        <ValueType>Other</ValueType>
      </Observation>
    </Activity>
    <Activity>
      <ID>D5-15</ID>
      <Start>29/09/2013 00:00</Start>
      <End>29/09/2013 00:00</End>
      <Code>A4927</Code>
      <Type>4</Type>
      <Quantity>20</Quantity>
      <Net>0</Net>
      <Clinician>DHA-P-0246865</Clinician>
      <PriorAuthorizationID>57766</PriorAuthorizationID>
      <Observation>
        <Type>Text</Type>
        <Code>Non-Standard-Code</Code>
        <Value>INV010020588</Value>
        <ValueType>Other</ValueType>
      </Observation>
      <Observation>
        <Type>Text</Type>
        <Code>Description</Code>
        <Value>Examination Gloves, Powder Free, Non-Sterile, Size: Large, 1</Value>
        <ValueType>Other</ValueType>
      </Observation>
    </Activity>
    <Activity>
      <ID>D5-2</ID>
      <Start>29/09/2013 00:00</Start>
      <End>29/09/2013 00:00</End>
      <Code>A4245</Code>
      <Type>4</Type>
      <Quantity>3</Quantity>
      <Net>0</Net>
      <Clinician>DHA-P-0246865</Clinician>
      <PriorAuthorizationID>57766</PriorAuthorizationID>
      <Observation>
        <Type>Text</Type>
        <Code>Non-Standard-Code</Code>
        <Value>INV010020577</Value>
        <ValueType>Other</ValueType>
      </Observation>
      <Observation>
        <Type>Text</Type>
        <Code>Description</Code>
        <Value>Alcohol Swabs, (200 Pcs/Box)</Value>
        <ValueType>Other</ValueType>
      </Observation>
    </Activity>
    <Activity>
      <ID>D5-3</ID>
      <Start>29/09/2013 00:00</Start>
      <End>29/09/2013 00:00</End>
      <Code>A4927</Code>
      <Type>4</Type>
      <Quantity>27</Quantity>
      <Net>0</Net>
      <Clinician>DHA-P-0246865</Clinician>
      <PriorAuthorizationID>57766</PriorAuthorizationID>
      <Observation>
        <Type>Text</Type>
        <Code>Non-Standard-Code</Code>
        <Value>INV010020589</Value>
        <ValueType>Other</ValueType>
      </Observation>
      <Observation>
        <Type>Text</Type>
        <Code>Description</Code>
        <Value>Examination Gloves, Powder Free, Non-Sterile, Size: Small, 1</Value>
        <ValueType>Other</ValueType>
      </Observation>
    </Activity>
    <Activity>
      <ID>D5-4</ID>
      <Start>29/09/2013 00:00</Start>
      <End>29/09/2013 00:00</End>
      <Code>A4615</Code>
      <Type>4</Type>
      <Quantity>1</Quantity>
      <Net>0</Net>
      <Clinician>DHA-P-0246865</Clinician>
      <PriorAuthorizationID>57766</PriorAuthorizationID>
      <Observation>
        <Type>Text</Type>
        <Code>Non-Standard-Code</Code>
        <Value>INV010020230</Value>
        <ValueType>Other</ValueType>
      </Observation>
      <Observation>
        <Type>Text</Type>
        <Code>Description</Code>
        <Value>I.V Cannula - 22G # 391451 (BD)</Value>
        <ValueType>Other</ValueType>
      </Observation>
    </Activity>
    <Activity>
      <ID>D5-5</ID>
      <Start>29/09/2013 00:00</Start>
      <End>29/09/2013 00:00</End>
      <Code>A6413</Code>
      <Type>4</Type>
      <Quantity>1</Quantity>
      <Net>0</Net>
      <Clinician>DHA-P-0246865</Clinician>
      <PriorAuthorizationID>57766</PriorAuthorizationID>
      <Observation>
        <Type>Text</Type>
        <Code>Non-Standard-Code</Code>
        <Value>INV010020232</Value>
        <ValueType>Other</ValueType>
      </Observation>
      <Observation>
        <Type>Text</Type>
        <Code>Description</Code>
        <Value>I.V dressing (plaster) # 392020</Value>
        <ValueType>Other</ValueType>
      </Observation>
    </Activity>
    <Activity>
      <ID>D5-6</ID>
      <Start>29/09/2013 00:00</Start>
      <End>29/09/2013 00:00</End>
      <Code>A7003</Code>
      <Type>4</Type>
      <Quantity>1</Quantity>
      <Net>0</Net>
      <Clinician>DHA-P-0246865</Clinician>
      <PriorAuthorizationID>57766</PriorAuthorizationID>
      <Observation>
        <Type>Text</Type>
        <Code>Non-Standard-Code</Code>
        <Value>INV010020252</Value>
        <ValueType>Other</ValueType>
      </Observation>
      <Observation>
        <Type>Text</Type>
        <Code>Description</Code>
        <Value>IV ADMINISTRATION SET - 20ML (INFUSION SET)</Value>
        <ValueType>Other</ValueType>
      </Observation>
    </Activity>
    <Activity>
      <ID>D5-7</ID>
      <Start>29/09/2013 00:00</Start>
      <End>29/09/2013 00:00</End>
      <Code>A4218</Code>
      <Type>4</Type>
      <Quantity>1</Quantity>
      <Net>0</Net>
      <Clinician>DHA-P-0246865</Clinician>
      <PriorAuthorizationID>57766</PriorAuthorizationID>
      <Observation>
        <Type>Text</Type>
        <Code>Non-Standard-Code</Code>
        <Value>INV010020008</Value>
        <ValueType>Other</ValueType>
      </Observation>
      <Observation>
        <Type>Text</Type>
        <Code>Description</Code>
        <Value>Medicine cup - 30ML</Value>
        <ValueType>Other</ValueType>
      </Observation>
    </Activity>
    <Activity>
      <ID>D5-8</ID>
      <Start>29/09/2013 00:00</Start>
      <End>29/09/2013 00:00</End>
      <Code>A0382</Code>
      <Type>4</Type>
      <Quantity>2</Quantity>
      <Net>0</Net>
      <Clinician>DHA-P-0246865</Clinician>
      <PriorAuthorizationID>57766</PriorAuthorizationID>
      <Observation>
        <Type>Text</Type>
        <Code>Non-Standard-Code</Code>
        <Value>INV010021257</Value>
        <ValueType>Other</ValueType>
      </Observation>
      <Observation>
        <Type>Text</Type>
        <Code>Description</Code>
        <Value>Female Luer Cap Ref: GS-8002</Value>
        <ValueType>Other</ValueType>
      </Observation>
    </Activity>
    <Activity>
      <ID>D5-9</ID>
      <Start>29/09/2013 00:00</Start>
      <End>29/09/2013 00:00</End>
      <Code>A0382</Code>
      <Type>4</Type>
      <Quantity>21</Quantity>
      <Net>0</Net>
      <Clinician>DHA-P-0246865</Clinician>
      <PriorAuthorizationID>57766</PriorAuthorizationID>
      <Observation>
        <Type>Text</Type>
        <Code>Non-Standard-Code</Code>
        <Value>INV010020671</Value>
        <ValueType>Other</ValueType>
      </Observation>
      <Observation>
        <Type>Text</Type>
        <Code>Description</Code>
        <Value>Combi- Stopper Closing Cone # 4495101</Value>
        <ValueType>Other</ValueType>
      </Observation>
    </Activity>
    <Activity>
      <ID>D7-1</ID>
      <Start>28/09/2013 00:00</Start>
      <End>28/09/2013 00:00</End>
      <Code>0011-106618-1001</Code>
      <Type>5</Type>
      <Quantity>2</Quantity>
      <Net>184</Net>
      <Clinician>DHA-P-0246865</Clinician>
      <PriorAuthorizationID>57766</PriorAuthorizationID>
      <Observation>
        <Type>Text</Type>
        <Code>Non-Standard-Code</Code>
        <Value>020020086</Value>
        <ValueType>Other</ValueType>
      </Observation>
      <Observation>
        <Type>Text</Type>
        <Code>Description</Code>
        <Value>PERFALGAN 1G INJ</Value>
        <ValueType>Other</ValueType>
      </Observation>
    </Activity>
    <Activity>
      <ID>D7-10</ID>
      <Start>29/09/2013 00:00</Start>
      <End>29/09/2013 00:00</End>
      <Code>0240-278403-1021</Code>
      <Type>5</Type>
      <Quantity>1</Quantity>
      <Net>32</Net>
      <Clinician>DHA-P-0246865</Clinician>
      <PriorAuthorizationID>57766</PriorAuthorizationID>
      <Observation>
        <Type>Text</Type>
        <Code>Non-Standard-Code</Code>
        <Value>020020104</Value>
        <ValueType>Other</ValueType>
      </Observation>
      <Observation>
        <Type>Text</Type>
        <Code>Description</Code>
        <Value>TRAMAL INJ</Value>
        <ValueType>Other</ValueType>
      </Observation>
    </Activity>
    <Activity>
      <ID>D7-3</ID>
      <Start>28/09/2013 00:00</Start>
      <End>28/09/2013 00:00</End>
      <Code>0095-149911-1021</Code>
      <Type>5</Type>
      <Quantity>1</Quantity>
      <Net>21</Net>
      <Clinician>DHA-P-0246865</Clinician>
      <PriorAuthorizationID>57766</PriorAuthorizationID>
      <Observation>
        <Type>Text</Type>
        <Code>Non-Standard-Code</Code>
        <Value>020020070</Value>
        <ValueType>Other</ValueType>
      </Observation>
      <Observation>
        <Type>Text</Type>
        <Code>Description</Code>
        <Value>OLFEN 75 MG INJ</Value>
        <ValueType>Other</ValueType>
      </Observation>
    </Activity>
    <Activity>
      <ID>D7-4</ID>
      <Start>29/09/2013 00:00</Start>
      <End>29/09/2013 00:00</End>
      <Code>0011-106618-1001</Code>
      <Type>5</Type>
      <Quantity>2</Quantity>
      <Net>184</Net>
      <Clinician>DHA-P-0246865</Clinician>
      <PriorAuthorizationID>57766</PriorAuthorizationID>
      <Observation>
        <Type>Text</Type>
        <Code>Non-Standard-Code</Code>
        <Value>020020086</Value>
        <ValueType>Other</ValueType>
      </Observation>
      <Observation>
        <Type>Text</Type>
        <Code>Description</Code>
        <Value>PERFALGAN 1G INJ</Value>
        <ValueType>Other</ValueType>
      </Observation>
    </Activity>
    <Activity>
      <ID>D7-5</ID>
      <Start>29/09/2013 00:00</Start>
      <End>29/09/2013 00:00</End>
      <Code>0240-278403-1021</Code>
      <Type>5</Type>
      <Quantity>1</Quantity>
      <Net>32</Net>
      <Clinician>DHA-P-0246865</Clinician>
      <PriorAuthorizationID>57766</PriorAuthorizationID>
      <Observation>
        <Type>Text</Type>
        <Code>Non-Standard-Code</Code>
        <Value>020020104</Value>
        <ValueType>Other</ValueType>
      </Observation>
      <Observation>
        <Type>Text</Type>
        <Code>Description</Code>
        <Value>TRAMAL INJ</Value>
        <ValueType>Other</ValueType>
      </Observation>
    </Activity>
    <Activity>
      <ID>D7-6</ID>
      <Start>29/09/2013 00:00</Start>
      <End>29/09/2013 00:00</End>
      <Code>0442-111911-1003</Code>
      <Type>5</Type>
      <Quantity>1</Quantity>
      <Net>3</Net>
      <Clinician>DHA-P-0246865</Clinician>
      <PriorAuthorizationID>57766</PriorAuthorizationID>
      <Observation>
        <Type>Text</Type>
        <Code>Non-Standard-Code</Code>
        <Value>100080035</Value>
        <ValueType>Other</ValueType>
      </Observation>
      <Observation>
        <Type>Text</Type>
        <Code>Description</Code>
        <Value>NS 100 ML</Value>
        <ValueType>Other</ValueType>
      </Observation>
    </Activity>
    <Activity>
      <ID>D7-7</ID>
      <Start>29/09/2013 00:00</Start>
      <End>29/09/2013 00:00</End>
      <Code>0186-143701-0062</Code>
      <Type>5</Type>
      <Quantity>10</Quantity>
      <Net>179</Net>
      <Clinician>DHA-P-0246865</Clinician>
      <PriorAuthorizationID>57766</PriorAuthorizationID>
      <Observation>
        <Type>Text</Type>
        <Code>Non-Standard-Code</Code>
        <Value>020020029</Value>
        <ValueType>Other</ValueType>
      </Observation>
      <Observation>
        <Type>Text</Type>
        <Code>Description</Code>
        <Value>CELEBREX 200 MG CAPS 30'S</Value>
        <ValueType>Other</ValueType>
      </Observation>
    </Activity>
    <Activity>
      <ID>D7-8</ID>
      <Start>29/09/2013 00:00</Start>
      <End>29/09/2013 00:00</End>
      <Code>0016-181302-1172</Code>
      <Type>5</Type>
      <Quantity>10</Quantity>
      <Net>15</Net>
      <Clinician>DHA-P-0246865</Clinician>
      <PriorAuthorizationID>57766</PriorAuthorizationID>
      <Observation>
        <Type>Text</Type>
        <Code>Non-Standard-Code</Code>
        <Value>020020088</Value>
        <ValueType>Other</ValueType>
      </Observation>
      <Observation>
        <Type>Text</Type>
        <Code>Description</Code>
        <Value>PONSTAN 500 MG TAB 20'S</Value>
        <ValueType>Other</ValueType>
      </Observation>
    </Activity>
    <Activity>
      <ID>D7-9</ID>
      <Start>29/09/2013 00:00</Start>
      <End>29/09/2013 00:00</End>
      <Code>0240-278402-1452</Code>
      <Type>5</Type>
      <Quantity>3</Quantity>
      <Net>15</Net>
      <Clinician>DHA-P-0246865</Clinician>
      <PriorAuthorizationID>57766</PriorAuthorizationID>
      <Observation>
        <Type>Text</Type>
        <Code>Non-Standard-Code</Code>
        <Value>020020103</Value>
        <ValueType>Other</ValueType>
      </Observation>
      <Observation>
        <Type>Text</Type>
        <Code>Description</Code>
        <Value>TRAMAL 50 MG CAPS 10'S</Value>
        <ValueType>Other</ValueType>
      </Observation>
    </Activity>
    <Activity>
      <ID>D8-1</ID>
      <Start>29/09/2013 00:00</Start>
      <End>29/09/2013 00:00</End>
      <Code>96374</Code>
      <Type>3</Type>
      <Quantity>1</Quantity>
      <Net>0</Net>
      <Clinician>DHA-P-0246865</Clinician>
      <PriorAuthorizationID>57766</PriorAuthorizationID>
      <Observation>
        <Type>Text</Type>
        <Code>Non-Standard-Code</Code>
        <Value>CPTER90774</Value>
        <ValueType>Other</ValueType>
      </Observation>
      <Observation>
        <Type>Text</Type>
        <Code>Description</Code>
        <Value>THER PROPH/DX NJX IV PUSH 1ST SBST/DRUG</Value>
        <ValueType>Other</ValueType>
      </Observation>
    </Activity>
    <Activity>
      <ID>D8-2</ID>
      <Start>29/09/2013 00:00</Start>
      <End>29/09/2013 00:00</End>
      <Code>96360</Code>
      <Type>3</Type>
      <Quantity>1</Quantity>
      <Net>0</Net>
      <Clinician>DHA-P-0246865</Clinician>
      <PriorAuthorizationID>57766</PriorAuthorizationID>
      <Observation>
        <Type>Text</Type>
        <Code>Non-Standard-Code</Code>
        <Value>CPTER90760</Value>
        <ValueType>Other</ValueType>
      </Observation>
      <Observation>
        <Type>Text</Type>
        <Code>Description</Code>
        <Value>IV INFUSION HYDRATION INITIAL 31 MIN-1 HR</Value>
        <ValueType>Other</ValueType>
      </Observation>
    </Activity>
    <Activity>
      <ID>D8-3</ID>
      <Start>29/09/2013 00:00</Start>
      <End>29/09/2013 00:00</End>
      <Code>96372</Code>
      <Type>3</Type>
      <Quantity>1</Quantity>
      <Net>0</Net>
      <Clinician>DHA-P-0246865</Clinician>
      <PriorAuthorizationID>57766</PriorAuthorizationID>
      <Observation>
        <Type>Text</Type>
        <Code>Non-Standard-Code</Code>
        <Value>CPTER90772</Value>
        <ValueType>Other</ValueType>
      </Observation>
      <Observation>
        <Type>Text</Type>
        <Code>Description</Code>
        <Value>THER PROPH/DX NJX SUBQ/IM</Value>
        <ValueType>Other</ValueType>
      </Observation>
    </Activity>
    <Activity>
      <ID>D8-4</ID>
      <Start>29/09/2013 00:00</Start>
      <End>29/09/2013 00:00</End>
      <Code>96374</Code>
      <Type>3</Type>
      <Quantity>1</Quantity>
      <Net>0</Net>
      <Clinician>DHA-P-0246865</Clinician>
      <PriorAuthorizationID>57766</PriorAuthorizationID>
      <Observation>
        <Type>Text</Type>
        <Code>Non-Standard-Code</Code>
        <Value>CPTER90774</Value>
        <ValueType>Other</ValueType>
      </Observation>
      <Observation>
        <Type>Text</Type>
        <Code>Description</Code>
        <Value>THER PROPH/DX NJX IV PUSH 1ST SBST/DRUG</Value>
        <ValueType>Other</ValueType>
      </Observation>
    </Activity>
    <Activity>
      <ID>D8-7</ID>
      <Start>28/09/2013 00:00</Start>
      <End>28/09/2013 00:00</End>
      <Code>99304</Code>
      <Type>3</Type>
      <Quantity>1</Quantity>
      <Net>0</Net>
      <Clinician>DHA-P-0246865</Clinician>
      <PriorAuthorizationID>57766</PriorAuthorizationID>
      <Observation>
        <Type>Text</Type>
        <Code>Non-Standard-Code</Code>
        <Value>PRONUR001</Value>
        <ValueType>Other</ValueType>
      </Observation>
      <Observation>
        <Type>Text</Type>
        <Code>Description</Code>
        <Value>Nursing Daily Care</Value>
        <ValueType>Other</ValueType>
      </Observation>
    </Activity>
    <Activity>
      <ID>D8-8</ID>
      <Start>29/09/2013 00:00</Start>
      <End>29/09/2013 00:00</End>
      <Code>99304</Code>
      <Type>3</Type>
      <Quantity>1</Quantity>
      <Net>0</Net>
      <Clinician>DHA-P-0246865</Clinician>
      <PriorAuthorizationID>57766</PriorAuthorizationID>
      <Observation>
        <Type>Text</Type>
        <Code>Non-Standard-Code</Code>
        <Value>PRONUR001</Value>
        <ValueType>Other</ValueType>
      </Observation>
      <Observation>
        <Type>Text</Type>
        <Code>Description</Code>
        <Value>Nursing Daily Care</Value>
        <ValueType>Other</ValueType>
      </Observation>
    </Activity>
  </Claim>
</Claim.Submission>
