<?xml version="1.0" encoding="UTF-8"?>
<Claim.Submission xsi:noNamespaceSchemaLocation="http://www.haad.ae/DataDictionary/CommonTypes/DataDictionary.xsd" xmlns:tns="http://www.haad.ae/DataDictionary/CommonTypes" xmlns:xsi="http://www.w3.org/2001/XMLSchema-instance">
  <Header>
    <SenderID>MF2270</SenderID>
    <ReceiverID>C004</ReceiverID>
    <DispositionFlag>PRODUCTION</DispositionFlag>
    <TransactionDate>24/10/2013 04:28</TransactionDate>
    <RecordCount>1</RecordCount>
  </Header>
  <Claim>
    <ID>SX30049391</ID>
    <IDPayer/>
    <MemberID>415167</MemberID>
    <PayerID>A012</PayerID>
    <ProviderID>MF2270</ProviderID>
    <EmiratesIDNumber>999-9999-9999999-9</EmiratesIDNumber>
    <Gross>1260.40</Gross>
    <PatientShare>0.00</PatientShare>
    <Net>1260.40</Net>
    <Encounter>
      <FacilityID>MF2270</FacilityID>
      <Type>1</Type>
      <PatientID>100081967</PatientID>
      <Start>28/09/2013 19:01</Start>
      <End>28/09/2013 19:01</End>
      <StartType>1</StartType>
      <EndType>1</EndType>
    </Encounter>
    <Contract>
      <PackageName>Arab Orient Ins Mednet</PackageName>
    </Contract>
    <Diagnosis>
      <Type>Secondary</Type>
      <Code>268.2</Code>
    </Diagnosis>
    <Diagnosis>
      <Type>Secondary</Type>
      <Code>285.9</Code>
    </Diagnosis>
    <Diagnosis>
      <Type>Secondary</Type>
      <Code>780.4</Code>
    </Diagnosis>
    <Diagnosis>
      <Type>Principal</Type>
      <Code>789.06</Code>
    </Diagnosis>
    <Activity>
      <ID>39994226</ID>
      <Start>28/09/2013 19:01</Start>
      <End>28/09/2013 19:01</End>
      <Code>76700</Code>
      <Type>3</Type>
      <Quantity>1</Quantity>
      <Net>696</Net>
      <Clinician>GD10331</Clinician>
    </Activity>
    <Activity>
      <ID>39994227</ID>
      <Start>28/09/2013 19:01</Start>
      <End>28/09/2013 19:01</End>
      <Code>76856</Code>
      <Type>3</Type>
      <Quantity>1</Quantity>
      <Net>619.2</Net>
      <Clinician>GD10331</Clinician>
    </Activity>
  </Claim>
</Claim.Submission>
