<?xml version="1.0"?><Claim.Submission xmlns:tns="http://www.eclaimlink.ae/DataDictionary/CommonTypes" xmlns:xsi="http://www.w3.org/2001/XMLSchema-instance" xsi:noNamespaceSchemaLocation="http://www.eclaimlink.ae/DataDictionary/CommonTypes/ClaimSubmission.xsd"><Header><SenderID>DHA-F-0000078</SenderID><ReceiverID>TPA009</ReceiverID><TransactionDate>29/10/2013 14:40</TransactionDate><RecordCount>1</RecordCount><DispositionFlag>PRODUCTION</DispositionFlag></Header><Claim><ID>OPC-R-2013-021326</ID><MemberID>097110160014927301</MemberID><PayerID>INS024</PayerID><ProviderID>DHA-F-0000078</ProviderID><EmiratesIDNumber>999-9999-9999999-9</EmiratesIDNumber><Gross>290.5</Gross><PatientShare>50</PatientShare><Net>240.5</Net><Encounter><FacilityID>DHA-F-0000078</FacilityID><Type>1</Type><PatientID>0000003118</PatientID><Start>11/09/2013 20:21</Start><End>11/09/2013 20:59</End><StartType>1</StartType><EndType>1</EndType></Encounter><Diagnosis><Type>Principal</Type><Code>J06.9</Code></Diagnosis><Activity><ID>OPRXX0099671038</ID><Start>11/09/2013 20:21</Start><Type>8</Type><Code>10</Code><Quantity>1</Quantity><Net>240.5</Net><Clinician>DHA-P-0246966</Clinician><Observation><Type>Text</Type><Code>Non-Standard-Code</Code><Value>DCF010</Value><ValueType>Other</ValueType></Observation><Observation><Type>Text</Type><Code>Description</Code><Value>SPECIALIST -NEW VISIT</Value><ValueType>Other</ValueType></Observation></Activity></Claim></Claim.Submission>