<?xml version="1.0" encoding="US-ASCII"?><Claim.Submission xsi:noNamespaceSchemaLocation="http://www.haad.ae/DataDictionary/CommonTypes/ClaimSubmission.xsd" xmlns:tns="http://www.haad.ae/DataDictionary/CommonTypes" xmlns:xsi="http://www.w3.org/2001/XMLSchema-instance">
<Header>
<SenderID>MF464</SenderID>
<ReceiverID>C004</ReceiverID>
<TransactionDate>30/10/2013 19:48</TransactionDate>
<RecordCount>5</RecordCount>
<DispositionFlag>PRODUCTION</DispositionFlag>
</Header>
<Claim>
<ID>APM-979498</ID>
<IDPayer/>
<MemberID>097110040019518001</MemberID>
<PayerID>A012</PayerID>
<ProviderID>MF464</ProviderID>
<EmiratesIDNumber>000-0000-0000000-0</EmiratesIDNumber>
<Gross>816.6</Gross>
<PatientShare>73.65</PatientShare>
<Net>742.95</Net>
<Encounter>
<FacilityID>MF464</FacilityID>
<Type>1</Type>
<PatientID>70868/01</PatientID>
<Start>04/09/2013 00:00</Start>
<End>04/09/2013 00:00</End>
<StartType>1</StartType>
<EndType>1</EndType>
<TransferSource/>
<TransferDestination/>
</Encounter>
<Diagnosis>
<Type>Principal</Type>
<Code>V72.83</Code>
</Diagnosis>
<Diagnosis>
<Type>Secondary</Type>
<Code>455.0</Code>
</Diagnosis>
<Diagnosis>
<Type>Secondary</Type>
<Code>565.0</Code>
</Diagnosis>
<Diagnosis>
<Type>Secondary</Type>
<Code>455.3</Code>
</Diagnosis>
<Activity>
<ID>5291698</ID>
<Start>04/09/2013 00:00</Start>
<Type>3</Type>
<Code>85610</Code>
<Quantity>1.0</Quantity>
<Net>32.2</Net>
<Clinician>D3154</Clinician>
<PriorAuthorizationID/>
</Activity>
<Activity>
<ID>5291699</ID>
<Start>04/09/2013 00:00</Start>
<Type>5</Type>
<Code>1489-2990-006</Code>
<Quantity>1.0</Quantity>
<Net>33.3</Net>
<Clinician>D3154</Clinician>
<PriorAuthorizationID/>
</Activity>
<Activity>
<ID>5291700</ID>
<Start>04/09/2013 00:00</Start>
<Type>5</Type>
<Code>1300-1614-004</Code>
<Quantity>2.0</Quantity>
<Net>224.1</Net>
<Clinician>D3154</Clinician>
<PriorAuthorizationID/>
</Activity>
<Activity>
<ID>5291701</ID>
<Start>04/09/2013 00:00</Start>
<Type>5</Type>
<Code>1279-4500-008</Code>
<Quantity>1.0</Quantity>
<Net>12.15</Net>
<Clinician>D3154</Clinician>
<PriorAuthorizationID/>
</Activity>
<Activity>
<ID>5291702</ID>
<Start>04/09/2013 00:00</Start>
<Type>3</Type>
<Code>85730</Code>
<Quantity>1.0</Quantity>
<Net>50.6</Net>
<Clinician>D3154</Clinician>
<PriorAuthorizationID/>
</Activity>
<Activity>
<ID>5291703</ID>
<Start>04/09/2013 00:00</Start>
<Type>3</Type>
<Code>99213</Code>
<Quantity>1.0</Quantity>
<Net>183.5</Net>
<Clinician>D3154</Clinician>
<PriorAuthorizationID/>
</Activity>
<Activity>
<ID>5291704</ID>
<Start>04/09/2013 00:00</Start>
<Type>5</Type>
<Code>1490-5979-002</Code>
<Quantity>1.0</Quantity>
<Net>13.05</Net>
<Clinician>D3154</Clinician>
<PriorAuthorizationID/>
</Activity>
<Activity>
<ID>5291705</ID>
<Start>04/09/2013 00:00</Start>
<Type>3</Type>
<Code>85025</Code>
<Quantity>1.0</Quantity>
<Net>64.4</Net>
<Clinician>D3154</Clinician>
<PriorAuthorizationID/>
</Activity>
<Activity>
<ID>5291706</ID>
<Start>04/09/2013 00:00</Start>
<Type>3</Type>
<Code>82950</Code>
<Quantity>1.0</Quantity>
<Net>39.1</Net>
<Clinician>D3154</Clinician>
<PriorAuthorizationID/>
</Activity>
<Activity>
<ID>5291707</ID>
<Start>04/09/2013 00:00</Start>
<Type>5</Type>
<Code>1552-3628-001</Code>
<Quantity>1.0</Quantity>
<Net>20.25</Net>
<Clinician>D3154</Clinician>
<PriorAuthorizationID/>
</Activity>
<Activity>
<ID>5291708</ID>
<Start>04/09/2013 00:00</Start>
<Type>3</Type>
<Code>81000</Code>
<Quantity>1.0</Quantity>
<Net>25.3</Net>
<Clinician>D3154</Clinician>
<PriorAuthorizationID/>
</Activity>
<Activity>
<ID>5291709</ID>
<Start>04/09/2013 00:00</Start>
<Type>5</Type>
<Code>1552-3628-002</Code>
<Quantity>2.0</Quantity>
<Net>45.0</Net>
<Clinician>D3154</Clinician>
<PriorAuthorizationID/>
</Activity>
<Contract>
<PackageName>Arab Orient - MedNet</PackageName>
</Contract>
</Claim>
<Claim>
<ID>APM-979509</ID>
<IDPayer/>
<MemberID>09710040043943502</MemberID>
<PayerID>@Orient</PayerID>
<ProviderID>MF464</ProviderID>
<EmiratesIDNumber>000-0000-0000000-0</EmiratesIDNumber>
<Gross>863.3</Gross>
<PatientShare>42.9</PatientShare>
<Net>820.4</Net>
<Encounter>
<FacilityID>MF464</FacilityID>
<Type>1</Type>
<PatientID>97064/01</PatientID>
<Start>07/09/2013 00:00</Start>
<End>07/09/2013 00:00</End>
<StartType>1</StartType>
<EndType>1</EndType>
<TransferSource/>
<TransferDestination/>
</Encounter>
<Diagnosis>
<Type>Principal</Type>
<Code>621.9</Code>
</Diagnosis>
<Diagnosis>
<Type>Secondary</Type>
<Code>465.9</Code>
</Diagnosis>
<Diagnosis>
<Type>Secondary</Type>
<Code>280.0</Code>
</Diagnosis>
<Diagnosis>
<Type>Secondary</Type>
<Code>626.4</Code>
</Diagnosis>
<Diagnosis>
<Type>Secondary</Type>
<Code>782.61</Code>
</Diagnosis>
<Activity>
<ID>5291856</ID>
<Start>07/09/2013 00:00</Start>
<Type>3</Type>
<Code>85610</Code>
<Quantity>1.0</Quantity>
<Net>32.2</Net>
<Clinician>D2618</Clinician>
<PriorAuthorizationID/>
</Activity>
<Activity>
<ID>5291857</ID>
<Start>07/09/2013 00:00</Start>
<Type>5</Type>
<Code>2209-6110-002</Code>
<Quantity>1.0</Quantity>
<Net>9.45</Net>
<Clinician>D2618</Clinician>
<PriorAuthorizationID/>
</Activity>
<Activity>
<ID>5291858</ID>
<Start>07/09/2013 00:00</Start>
<Type>3</Type>
<Code>86140</Code>
<Quantity>1.0</Quantity>
<Net>43.7</Net>
<Clinician>D2618</Clinician>
<PriorAuthorizationID/>
</Activity>
<Activity>
<ID>5291859</ID>
<Start>07/09/2013 00:00</Start>
<Type>3</Type>
<Code>83540</Code>
<Quantity>1.0</Quantity>
<Net>52.9</Net>
<Clinician>D2618</Clinician>
<PriorAuthorizationID/>
</Activity>
<Activity>
<ID>5291860</ID>
<Start>07/09/2013 00:00</Start>
<Type>3</Type>
<Code>85730</Code>
<Quantity>1.0</Quantity>
<Net>50.6</Net>
<Clinician>D2618</Clinician>
<PriorAuthorizationID/>
</Activity>
<Activity>
<ID>5291861</ID>
<Start>07/09/2013 00:00</Start>
<Type>3</Type>
<Code>84443</Code>
<Quantity>1.0</Quantity>
<Net>138.0</Net>
<Clinician>D2618</Clinician>
<PriorAuthorizationID/>
</Activity>
<Activity>
<ID>5291862</ID>
<Start>07/09/2013 00:00</Start>
<Type>3</Type>
<Code>99213</Code>
<Quantity>1.0</Quantity>
<Net>183.5</Net>
<Clinician>D2618</Clinician>
<PriorAuthorizationID/>
</Activity>
<Activity>
<ID>5291863</ID>
<Start>07/09/2013 00:00</Start>
<Type>3</Type>
<Code>87070</Code>
<Quantity>1.0</Quantity>
<Net>71.3</Net>
<Clinician>D2618</Clinician>
<PriorAuthorizationID/>
</Activity>
<Activity>
<ID>5291864</ID>
<Start>07/09/2013 00:00</Start>
<Type>3</Type>
<Code>85025</Code>
<Quantity>1.0</Quantity>
<Net>64.4</Net>
<Clinician>D2618</Clinician>
<PriorAuthorizationID/>
</Activity>
<Activity>
<ID>5291865</ID>
<Start>07/09/2013 00:00</Start>
<Type>5</Type>
<Code>1592-1540-005</Code>
<Quantity>1.0</Quantity>
<Net>61.65</Net>
<Clinician>D2618</Clinician>
<PriorAuthorizationID/>
</Activity>
<Activity>
<ID>5291866</ID>
<Start>07/09/2013 00:00</Start>
<Type>3</Type>
<Code>82728</Code>
<Quantity>1.0</Quantity>
<Net>112.7</Net>
<Clinician>D2618</Clinician>
<PriorAuthorizationID/>
</Activity>
<Contract>
<PackageName>Orient - Mednet</PackageName>
</Contract>
</Claim>
<Claim>
<ID>APM-979560</ID>
<IDPayer/>
<MemberID>097110040017686201</MemberID>
<PayerID>@Orient</PayerID>
<ProviderID>MF464</ProviderID>
<EmiratesIDNumber>000-0000-0000000-0</EmiratesIDNumber>
<Gross>287.3</Gross>
<PatientShare>50.85</PatientShare>
<Net>236.45</Net>
<Encounter>
<FacilityID>MF464</FacilityID>
<Type>1</Type>
<PatientID>43427/01</PatientID>
<Start>15/09/2013 00:00</Start>
<End>15/09/2013 00:00</End>
<StartType>1</StartType>
<EndType>1</EndType>
<TransferSource/>
<TransferDestination/>
</Encounter>
<Diagnosis>
<Type>Principal</Type>
<Code>477.9</Code>
</Diagnosis>
<Activity>
<ID>5292093</ID>
<Start>15/09/2013 00:00</Start>
<Type>3</Type>
<Code>99212</Code>
<Quantity>1.0</Quantity>
<Net>93.8</Net>
<Clinician>GD15704</Clinician>
<PriorAuthorizationID/>
</Activity>
<Activity>
<ID>5292094</ID>
<Start>15/09/2013 00:00</Start>
<Type>5</Type>
<Code>1635-4157-003</Code>
<Quantity>1.0</Quantity>
<Net>23.85</Net>
<Clinician>GD15704</Clinician>
<PriorAuthorizationID/>
</Activity>
<Activity>
<ID>5292095</ID>
<Start>15/09/2013 00:00</Start>
<Type>5</Type>
<Code>1552-3448-004</Code>
<Quantity>1.0</Quantity>
<Net>24.3</Net>
<Clinician>GD15704</Clinician>
<PriorAuthorizationID/>
</Activity>
<Activity>
<ID>5292096</ID>
<Start>15/09/2013 00:00</Start>
<Type>5</Type>
<Code>1592-1543-003</Code>
<Quantity>15.0</Quantity>
<Net>94.5</Net>
<Clinician>GD15704</Clinician>
<PriorAuthorizationID/>
</Activity>
<Contract>
<PackageName>Orient - Mednet</PackageName>
</Contract>
</Claim>
<Claim>
<ID>APM-979571</ID>
<IDPayer/>
<MemberID>097110040045683401</MemberID>
<PayerID>A012</PayerID>
<ProviderID>MF464</ProviderID>
<EmiratesIDNumber>000-0000-0000000-0</EmiratesIDNumber>
<Gross>131.1</Gross>
<PatientShare>35</PatientShare>
<Net>96.1</Net>
<Encounter>
<FacilityID>MF464</FacilityID>
<Type>1</Type>
<PatientID>97324/01</PatientID>
<Start>16/09/2013 12:00</Start>
<End>16/09/2013 12:00</End>
<StartType>1</StartType>
<EndType>1</EndType>
<TransferSource/>
<TransferDestination/>
</Encounter>
<Diagnosis>
<Type>Principal</Type>
<Code>779.32</Code>
</Diagnosis>
<Activity>
<ID>5429271</ID>
<Start>16/09/2013 12:00</Start>
<Type>3</Type>
<Code>99201</Code>
<Quantity>1.0</Quantity>
<Net>96.1</Net>
<Clinician>GD8995</Clinician>
<PriorAuthorizationID/>
</Activity>
<Contract>
<PackageName>Arab Orient - MedNet</PackageName>
</Contract>
</Claim>
<Claim>
<ID>APM-979584</ID>
<IDPayer/>
<MemberID>097110040040603702</MemberID>
<PayerID>@Orient</PayerID>
<ProviderID>MF464</ProviderID>
<EmiratesIDNumber>000-0000-0000000-0</EmiratesIDNumber>
<Gross>64.4</Gross>
<PatientShare>50</PatientShare>
<Net>14.4</Net>
<Encounter>
<FacilityID>MF464</FacilityID>
<Type>2</Type>
<PatientID>97364/01</PatientID>
<Start>18/09/2013 00:00</Start>
<End>18/09/2013 00:00</End>
<StartType>2</StartType>
<EndType>1</EndType>
<TransferSource/>
<TransferDestination/>
</Encounter>
<Diagnosis>
<Type>Principal</Type>
<Code>626.4</Code>
</Diagnosis>
<Diagnosis>
<Type>Secondary</Type>
<Code>621.30</Code>
</Diagnosis>
<Diagnosis>
<Type>Secondary</Type>
<Code>621.0</Code>
</Diagnosis>
<Activity>
<ID>5421422</ID>
<Start>18/09/2013 00:00</Start>
<Type>3</Type>
<Code>99281</Code>
<Quantity>1.0</Quantity>
<Net>14.4</Net>
<Clinician>GD15943</Clinician>
<PriorAuthorizationID/>
</Activity>
<Contract>
<PackageName>Orient - Mednet</PackageName>
</Contract>
</Claim>
</Claim.Submission>
