<?xml version="1.0" encoding="utf-8"?><Claim.Submission xmlns:tns="http://www.haad.ae/DataDictionary/CommonTypes" xmlns:xsi="http://www.w3.org/2001/XMLSchema-instance" xsi:noNamespaceSchemaLocation="http://www.shafafiya.org/dictionary/CommonTypes/DataDictionary.xsd"><Header><SenderID>MF404</SenderID><ReceiverID>C004</ReceiverID><TransactionDate>09/10/2013 00:00</TransactionDate><RecordCount>31</RecordCount><DispositionFlag>PRODUCTION</DispositionFlag></Header><Claim><ID>203661-0031</ID><MemberID>097110040018248902</MemberID><PayerID>A012</PayerID><ProviderID>MF404</ProviderID><EmiratesIDNumber>999-9999-9999999-9</EmiratesIDNumber><Gross>299.84</Gross><PatientShare>53.78</PatientShare><Net>246.06</Net><Encounter><FacilityID>MF404</FacilityID><Type>1</Type><PatientID>203661</PatientID><Start>01/09/2013 19:04</Start><End>01/09/2013 19:22</End><EndType>1</EndType><TransferSource>MF404</TransferSource></Encounter><Diagnosis><Type>Principal</Type><Code>357.9</Code></Diagnosis><Diagnosis><Type>Secondary</Type><Code>721.42</Code></Diagnosis><Diagnosis><Type>Secondary</Type><Code>692.89</Code></Diagnosis><Activity><ID>PROC-4860198</ID><Start>01/09/2013 19:18</Start><Type>3</Type><Code>99212</Code><Quantity>1</Quantity><Net>77</Net><Clinician>GD6406</Clinician></Activity><Activity><ID>MEDI-1943050</ID><Start>01/09/2013 19:21</Start><Type>5</Type><Code>1418-1854-001</Code><Quantity>2</Quantity><Net>36</Net><Clinician>GD6406</Clinician></Activity><Activity><ID>MEDI-1943046</ID><Start>01/09/2013 19:18</Start><Type>5</Type><Code>1581-2891-006</Code><Quantity>30</Quantity><Net>133.06</Net><Clinician>GD6406</Clinician></Activity></Claim><Claim><ID>223013-0005</ID><MemberID>097110330045426702</MemberID><PayerID>A020</PayerID><ProviderID>MF404</ProviderID><EmiratesIDNumber>999-9999-9999999-9</EmiratesIDNumber><Gross>218</Gross><PatientShare>50</PatientShare><Net>168</Net><Encounter><FacilityID>MF404</FacilityID><Type>1</Type><PatientID>223013</PatientID><Start>02/09/2013 10:49</Start><End>02/09/2013 11:27</End><EndType>1</EndType><TransferSource>MF404</TransferSource></Encounter><Diagnosis><Type>Principal</Type><Code>691.8</Code></Diagnosis><Diagnosis><Type>Secondary</Type><Code>V20.2</Code></Diagnosis><Activity><ID>PROC-4861384</ID><Start>02/09/2013 11:24</Start><Type>3</Type><Code>99213</Code><Quantity>1</Quantity><Net>140</Net><Clinician>GD15829</Clinician></Activity><Activity><ID>MEDI-1943420</ID><Start>02/09/2013 11:25</Start><Type>5</Type><Code>1743-2845-002</Code><Quantity>1</Quantity><Net>28</Net><Clinician>GD15829</Clinician></Activity></Claim><Claim><ID>92111-0013</ID><MemberID>097110040019402601</MemberID><PayerID>A012</PayerID><ProviderID>MF404</ProviderID><EmiratesIDNumber>999-9999-9999999-9</EmiratesIDNumber><Gross>482.01</Gross><PatientShare>51.72</PatientShare><Net>430.29</Net><Encounter><FacilityID>MF404</FacilityID><Type>1</Type><PatientID>92111</PatientID><Start>04/09/2013 01:20</Start><End>04/09/2013 03:38</End><EndType>1</EndType><TransferSource>MF404</TransferSource></Encounter><Diagnosis><Type>Principal</Type><Code>789.06</Code></Diagnosis><Diagnosis><Type>Secondary</Type><Code>786.50</Code></Diagnosis><Diagnosis><Type>Secondary</Type><Code>530.81</Code></Diagnosis><Diagnosis><Type>Secondary</Type><Code>493.90</Code></Diagnosis><Activity><ID>PROC-4865814</ID><Start>04/09/2013 02:10</Start><Type>5</Type><Code>1279-3234-005</Code><Quantity>1</Quantity><Net>49.38</Net><Clinician>GD10263</Clinician></Activity><Activity><ID>PROC-4865815</ID><Start>04/09/2013 02:10</Start><Type>5</Type><Code>1472-3919-005</Code><Quantity>1</Quantity><Net>1.43</Net><Clinician>GD10263</Clinician></Activity><Activity><ID>PROC-4865818</ID><Start>04/09/2013 02:10</Start><Type>3</Type><Code>84484</Code><Quantity>1</Quantity><Net>72</Net><Clinician>GD10263</Clinician></Activity><Activity><ID>PROC-4865817</ID><Start>04/09/2013 02:10</Start><Type>3</Type><Code>96372</Code><Quantity>1</Quantity><Net>40</Net><Clinician>GD10263</Clinician></Activity><Activity><ID>PROC-4865816</ID><Start>04/09/2013 02:10</Start><Type>3</Type><Code>96374</Code><Quantity>1</Quantity><Net>5</Net><Clinician>GD10263</Clinician></Activity><Activity><ID>PROC-4865813</ID><Start>04/09/2013 02:10</Start><Type>3</Type><Code>99212</Code><Quantity>1</Quantity><Net>112</Net><Clinician>GD10263</Clinician></Activity><Activity><ID>MEDI-1944946</ID><Start>04/09/2013 03:37</Start><Type>5</Type><Code>1284-2897-004</Code><Quantity>1</Quantity><Net>13.95</Net><Clinician>GD10263</Clinician></Activity><Activity><ID>MEDI-1944948</ID><Start>04/09/2013 03:38</Start><Type>5</Type><Code>1431-2068-001</Code><Quantity>2</Quantity><Net>132.3</Net><Clinician>GD10263</Clinician></Activity><Activity><ID>MEDI-1944947</ID><Start>04/09/2013 03:38</Start><Type>5</Type><Code>1464-1968-001</Code><Quantity>10</Quantity><Net>4.23</Net><Clinician>GD10263</Clinician></Activity></Claim><Claim><ID>229484-0001</ID><MemberID>097110040039145102</MemberID><PayerID>A012</PayerID><ProviderID>MF404</ProviderID><EmiratesIDNumber>999-9999-9999999-9</EmiratesIDNumber><Gross>776</Gross><PatientShare>35</PatientShare><Net>741</Net><Encounter><FacilityID>MF404</FacilityID><Type>1</Type><PatientID>229484</PatientID><Start>04/09/2013 23:11</Start><End>05/09/2013 00:03</End><EndType>1</EndType><TransferSource>MF404</TransferSource></Encounter><Diagnosis><Type>Principal</Type><Code>240.9</Code></Diagnosis><Diagnosis><Type>Secondary</Type><Code>784.0</Code></Diagnosis><Diagnosis><Type>Secondary</Type><Code>789.09</Code></Diagnosis><Diagnosis><Type>Secondary</Type><Code>780.79</Code></Diagnosis><Activity><ID>PROC-4867847</ID><Start>04/09/2013 23:55</Start><Type>3</Type><Code>76536</Code><Quantity>1</Quantity><Net>502</Net><Clinician>GD10263</Clinician></Activity><Activity><ID>PROC-4867853</ID><Start>05/09/2013 00:01</Start><Type>3</Type><Code>81001</Code><Quantity>1</Quantity><Net>22</Net><Clinician>GD10263</Clinician></Activity><Activity><ID>PROC-4867843</ID><Start>04/09/2013 23:55</Start><Type>3</Type><Code>85025</Code><Quantity>1</Quantity><Net>56</Net><Clinician>GD10263</Clinician></Activity><Activity><ID>PROC-4867841</ID><Start>04/09/2013 23:55</Start><Type>3</Type><Code>99202</Code><Quantity>1</Quantity><Net>161</Net><Clinician>GD10263</Clinician></Activity></Claim><Claim><ID>163807-0004</ID><MemberID>097110330034347101</MemberID><PayerID>A020</PayerID><ProviderID>MF404</ProviderID><EmiratesIDNumber>999-9999-9999999-9</EmiratesIDNumber><Gross>904.5</Gross><PatientShare>25</PatientShare><Net>879.5</Net><Encounter><FacilityID>MF404</FacilityID><Type>1</Type><PatientID>163807</PatientID><Start>05/09/2013 17:03</Start><End>05/09/2013 17:46</End><EndType>1</EndType><TransferSource>MF404</TransferSource></Encounter><Diagnosis><Type>Secondary</Type><Code>788.0</Code></Diagnosis><Diagnosis><Type>Secondary</Type><Code>788.1</Code></Diagnosis><Diagnosis><Type>Secondary</Type><Code>724.5</Code></Diagnosis><Diagnosis><Type>Principal</Type><Code>847.2</Code></Diagnosis><Diagnosis><Type>Secondary</Type><Code>530.11</Code></Diagnosis><Activity><ID>PROC-4869582</ID><Start>05/09/2013 17:39</Start><Type>3</Type><Code>76770</Code><Quantity>1</Quantity><Net>546</Net><Clinician>GD12400</Clinician></Activity><Activity><ID>PROC-4869581</ID><Start>05/09/2013 17:39</Start><Type>3</Type><Code>81001</Code><Quantity>1</Quantity><Net>22</Net><Clinician>GD12400</Clinician></Activity><Activity><ID>PROC-4869580</ID><Start>05/09/2013 17:39</Start><Type>3</Type><Code>82565</Code><Quantity>1</Quantity><Net>11</Net><Clinician>GD12400</Clinician></Activity><Activity><ID>PROC-4869583</ID><Start>05/09/2013 17:39</Start><Type>3</Type><Code>99213</Code><Quantity>1</Quantity><Net>190</Net><Clinician>GD12400</Clinician></Activity><Activity><ID>MEDI-1946356</ID><Start>05/09/2013 17:41</Start><Type>5</Type><Code>1279-3234-001</Code><Quantity>2</Quantity><Net>78.5</Net><Clinician>GD12400</Clinician></Activity><Activity><ID>MEDI-1946355</ID><Start>05/09/2013 17:41</Start><Type>5</Type><Code>1697-3724-002</Code><Quantity>2</Quantity><Net>32</Net><Clinician>GD12400</Clinician></Activity></Claim><Claim><ID>229484-0002</ID><MemberID>097110040039145102</MemberID><PayerID>A012</PayerID><ProviderID>MF404</ProviderID><EmiratesIDNumber>999-9999-9999999-9</EmiratesIDNumber><Gross>812</Gross><PatientShare>0</PatientShare><Net>812</Net><Encounter><FacilityID>MF404</FacilityID><Type>1</Type><PatientID>229484</PatientID><Start>05/09/2013 22:26</Start><End>05/09/2013 23:00</End><EndType>1</EndType><TransferSource>MF404</TransferSource></Encounter><Diagnosis><Type>Principal</Type><Code>599.0</Code></Diagnosis><Diagnosis><Type>Secondary</Type><Code>272.2</Code></Diagnosis><Diagnosis><Type>Secondary</Type><Code>789.69</Code></Diagnosis><Diagnosis><Type>Secondary</Type><Code>789.61</Code></Diagnosis><Diagnosis><Type>Secondary</Type><Code>594.8</Code></Diagnosis><Activity><ID>PROC-4870011</ID><Start>05/09/2013 22:26</Start><Type>3</Type><Code>76770</Code><Quantity>1</Quantity><Net>546</Net><Clinician>D4131</Clinician></Activity><Activity><ID>PROC-4870007</ID><Start>05/09/2013 22:26</Start><Type>3</Type><Code>80061</Code><Quantity>1</Quantity><Net>134</Net><Clinician>D4131</Clinician></Activity><Activity><ID>PROC-4870010</ID><Start>05/09/2013 22:26</Start><Type>3</Type><Code>82565</Code><Quantity>1</Quantity><Net>36</Net><Clinician>D4131</Clinician></Activity><Activity><ID>PROC-4870008</ID><Start>05/09/2013 22:26</Start><Type>3</Type><Code>84460</Code><Quantity>1</Quantity><Net>38</Net><Clinician>D4131</Clinician></Activity><Activity><ID>PROC-4870009</ID><Start>05/09/2013 22:26</Start><Type>3</Type><Code>87088</Code><Quantity>1</Quantity><Net>58</Net><Clinician>D4131</Clinician></Activity></Claim><Claim><ID>163807-0005</ID><MemberID>097110330034347101</MemberID><PayerID>A020</PayerID><ProviderID>MF404</ProviderID><EmiratesIDNumber>999-9999-9999999-9</EmiratesIDNumber><Gross>93.75</Gross><PatientShare>0</PatientShare><Net>93.75</Net><Encounter><FacilityID>MF404</FacilityID><Type>1</Type><PatientID>163807</PatientID><Start>07/09/2013 09:43</Start><End>07/09/2013 10:14</End><EndType>1</EndType><TransferSource>MF404</TransferSource></Encounter><Diagnosis><Type>Principal</Type><Code>724.5</Code></Diagnosis><Diagnosis><Type>Secondary</Type><Code>847.2</Code></Diagnosis><Activity><ID>MEDI-1947214</ID><Start>07/09/2013 10:13</Start><Type>5</Type><Code>1583-1553-002</Code><Quantity>1.5</Quantity><Net>93.75</Net><Clinician>GD12680</Clinician></Activity></Claim><Claim><ID>229657-0001</ID><MemberID>097110040043943502</MemberID><PayerID>A012</PayerID><ProviderID>MF404</ProviderID><EmiratesIDNumber>999-9999-9999999-9</EmiratesIDNumber><Gross>516</Gross><PatientShare>0</PatientShare><Net>516</Net><Encounter><FacilityID>MF404</FacilityID><Type>1</Type><PatientID>229657</PatientID><Start>08/09/2013 09:53</Start><End>08/09/2013 10:03</End><EndType>1</EndType><TransferSource>MF404</TransferSource></Encounter><Diagnosis><Type>Principal</Type><Code>V72.5</Code></Diagnosis><Activity><ID>PROC-4873767</ID><Start>08/09/2013 10:01</Start><Type>3</Type><Code>76856</Code><Quantity>1</Quantity><Net>516</Net><Clinician>D3401</Clinician></Activity></Claim><Claim><ID>78407-0033</ID><MemberID>097110040024727801</MemberID><PayerID>A012</PayerID><ProviderID>MF404</ProviderID><EmiratesIDNumber>999-9999-9999999-9</EmiratesIDNumber><Gross>236</Gross><PatientShare>39.6</PatientShare><Net>196.4</Net><Encounter><FacilityID>MF404</FacilityID><Type>1</Type><PatientID>78407</PatientID><Start>10/09/2013 15:57</Start><End>10/09/2013 16:57</End><EndType>1</EndType><TransferSource>MF404</TransferSource></Encounter><Diagnosis><Type>Principal</Type><Code>784.7</Code></Diagnosis><Diagnosis><Type>Secondary</Type><Code>477.8</Code></Diagnosis><Activity><ID>PROC-4880385</ID><Start>10/09/2013 16:45</Start><Type>3</Type><Code>99213</Code><Quantity>1</Quantity><Net>155</Net><Clinician>GD11390</Clinician></Activity><Activity><ID>MEDI-1950223</ID><Start>10/09/2013 16:47</Start><Type>5</Type><Code>1387-4824-001</Code><Quantity>1</Quantity><Net>18</Net><Clinician>GD11390</Clinician></Activity><Activity><ID>MEDI-1950225</ID><Start>10/09/2013 16:48</Start><Type>5</Type><Code>1472-1591-003</Code><Quantity>1</Quantity><Net>6.75</Net><Clinician>GD11390</Clinician></Activity><Activity><ID>MEDI-1950224</ID><Start>10/09/2013 16:47</Start><Type>5</Type><Code>1552-3448-005</Code><Quantity>1</Quantity><Net>16.65</Net><Clinician>GD11390</Clinician></Activity></Claim><Claim><ID>229484-0003</ID><MemberID>097110040039145102</MemberID><PayerID>A012</PayerID><ProviderID>MF404</ProviderID><EmiratesIDNumber>999-9999-9999999-9</EmiratesIDNumber><Gross>183.8</Gross><PatientShare>18.38</PatientShare><Net>165.42</Net><Encounter><FacilityID>MF404</FacilityID><Type>1</Type><PatientID>229484</PatientID><Start>10/09/2013 23:20</Start><End>10/09/2013 23:59</End><EndType>1</EndType><TransferSource>MF404</TransferSource></Encounter><Diagnosis><Type>Principal</Type><Code>599.0</Code></Diagnosis><Diagnosis><Type>Secondary</Type><Code>272.2</Code></Diagnosis><Diagnosis><Type>Secondary</Type><Code>789.69</Code></Diagnosis><Diagnosis><Type>Secondary</Type><Code>789.61</Code></Diagnosis><Diagnosis><Type>Secondary</Type><Code>594.8</Code></Diagnosis><Activity><ID>MEDI-1950461</ID><Start>10/09/2013 23:22</Start><Type>5</Type><Code>1379-2097-001</Code><Quantity>1</Quantity><Net>4.95</Net><Clinician>D4131</Clinician></Activity><Activity><ID>MEDI-1950460</ID><Start>10/09/2013 23:22</Start><Type>5</Type><Code>1750-4545-012</Code><Quantity>14</Quantity><Net>131.67</Net><Clinician>D4131</Clinician></Activity><Activity><ID>MEDI-1950459</ID><Start>10/09/2013 23:22</Start><Type>5</Type><Code>2409-3370-003</Code><Quantity>2</Quantity><Net>28.8</Net><Clinician>D4131</Clinician></Activity></Claim><Claim><ID>229820-0001</ID><MemberID>097110040045664001</MemberID><PayerID>A012</PayerID><ProviderID>MF404</ProviderID><EmiratesIDNumber>784-1988-5958391-0</EmiratesIDNumber><Gross>1195.73</Gross><PatientShare>50</PatientShare><Net>1145.73</Net><Encounter><FacilityID>MF404</FacilityID><Type>1</Type><PatientID>229820</PatientID><Start>11/09/2013 09:15</Start><End>11/09/2013 12:56</End><EndType>1</EndType><TransferSource>MF404</TransferSource></Encounter><Diagnosis><Type>Principal</Type><Code>009.0</Code></Diagnosis><Diagnosis><Type>Secondary</Type><Code>787.91</Code></Diagnosis><Diagnosis><Type>Secondary</Type><Code>276.51</Code></Diagnosis><Diagnosis><Type>Secondary</Type><Code>789.67</Code></Diagnosis><Diagnosis><Type>Secondary</Type><Code>787.01</Code></Diagnosis><Activity><ID>PROC-4881466</ID><Start>11/09/2013 10:32</Start><Type>5</Type><Code>1436-1715-001</Code><Quantity>1</Quantity><Net>9.5</Net><Clinician>D4131</Clinician></Activity><Activity><ID>PROC-4881485</ID><Start>11/09/2013 10:35</Start><Type>8</Type><Code>17-24</Code><Quantity>1</Quantity><Net>400</Net><Clinician>D4131</Clinician></Activity><Activity><ID>PROC-4881467</ID><Start>11/09/2013 10:33</Start><Type>5</Type><Code>2219-3520-003</Code><Quantity>1</Quantity><Net>15.33</Net><Clinician>D4131</Clinician></Activity><Activity><ID>PROC-4881475</ID><Start>11/09/2013 10:33</Start><Type>3</Type><Code>85025</Code><Quantity>1</Quantity><Net>56</Net><Clinician>D4131</Clinician></Activity><Activity><ID>PROC-4881480</ID><Start>11/09/2013 10:34</Start><Type>3</Type><Code>87209</Code><Quantity>1</Quantity><Net>128</Net><Clinician>D4131</Clinician></Activity><Activity><ID>PROC-4881483</ID><Start>11/09/2013 10:34</Start><Type>3</Type><Code>87425</Code><Quantity>1</Quantity><Net>86</Net><Clinician>D4131</Clinician></Activity><Activity><ID>PROC-4881465</ID><Start>11/09/2013 10:32</Start><Type>3</Type><Code>96360</Code><Quantity>1</Quantity><Net>142</Net><Clinician>D4131</Clinician></Activity><Activity><ID>PROC-4881469</ID><Start>11/09/2013 10:33</Start><Type>3</Type><Code>96374</Code><Quantity>1</Quantity><Net>40</Net><Clinician>D4131</Clinician></Activity><Activity><ID>PROC-4881464</ID><Start>11/09/2013 10:32</Start><Type>3</Type><Code>99203</Code><Quantity>1</Quantity><Net>234</Net><Clinician>D4131</Clinician></Activity><Activity><ID>MEDI-1950831</ID><Start>11/09/2013 12:54</Start><Type>5</Type><Code>1431-2063-005</Code><Quantity>2</Quantity><Net>8</Net><Clinician>D4131</Clinician></Activity><Activity><ID>MEDI-1950834</ID><Start>11/09/2013 12:54</Start><Type>5</Type><Code>1464-1968-001</Code><Quantity>20</Quantity><Net>9.4</Net><Clinician>D4131</Clinician></Activity><Activity><ID>MEDI-1950830</ID><Start>11/09/2013 12:54</Start><Type>5</Type><Code>1544-4647-001</Code><Quantity>5</Quantity><Net>17.5</Net><Clinician>D4131</Clinician></Activity></Claim><Claim><ID>20004-0010</ID><MemberID>097110330040244202</MemberID><PayerID>A020</PayerID><ProviderID>MF404</ProviderID><EmiratesIDNumber>999-9999-9999999-9</EmiratesIDNumber><Gross>1656</Gross><PatientShare>50</PatientShare><Net>1606</Net><Encounter><FacilityID>MF404</FacilityID><Type>1</Type><PatientID>20004</PatientID><Start>12/09/2013 09:30</Start><End>16/09/2013 15:27</End><EndType>1</EndType><TransferSource>MF404</TransferSource></Encounter><Diagnosis><Type>Secondary</Type><Code>V23.7</Code></Diagnosis><Diagnosis><Type>Secondary</Type><Code>268.9</Code></Diagnosis><Diagnosis><Type>Secondary</Type><Code>V28.6</Code></Diagnosis><Diagnosis><Type>Principal</Type><Code>V22.1</Code></Diagnosis><Activity><ID>PROC-4884049</ID><Start>12/09/2013 10:36</Start><Type>3</Type><Code>76805</Code><Quantity>1</Quantity><Net>614</Net><Clinician>GD6651</Clinician><PriorAuthorizationID>as per DR. Fatima</PriorAuthorizationID></Activity><Activity><ID>PROC-4884039</ID><Start>12/09/2013 10:35</Start><Type>3</Type><Code>81001</Code><Quantity>1</Quantity><Net>22</Net><Clinician>GD6651</Clinician><PriorAuthorizationID>as per DR. Fatima</PriorAuthorizationID></Activity><Activity><ID>PROC-4884047</ID><Start>12/09/2013 10:36</Start><Type>3</Type><Code>82306</Code><Quantity>1</Quantity><Net>212</Net><Clinician>GD6651</Clinician><PriorAuthorizationID>as per DR. Fatima</PriorAuthorizationID></Activity><Activity><ID>PROC-4884038</ID><Start>12/09/2013 10:35</Start><Type>3</Type><Code>85027</Code><Quantity>1</Quantity><Net>46</Net><Clinician>GD6651</Clinician><PriorAuthorizationID>as per DR. Fatima</PriorAuthorizationID></Activity><Activity><ID>PROC-4884036</ID><Start>12/09/2013 10:35</Start><Type>3</Type><Code>86592</Code><Quantity>1</Quantity><Net>30</Net><Clinician>GD6651</Clinician><PriorAuthorizationID>as per DR. Fatima</PriorAuthorizationID></Activity><Activity><ID>PROC-4884034</ID><Start>12/09/2013 10:35</Start><Type>3</Type><Code>86703</Code><Quantity>1</Quantity><Net>88</Net><Clinician>GD6651</Clinician><PriorAuthorizationID>as per DR. Fatima</PriorAuthorizationID></Activity><Activity><ID>PROC-4884037</ID><Start>12/09/2013 10:35</Start><Type>3</Type><Code>86762</Code><Quantity>1</Quantity><Net>104</Net><Clinician>GD6651</Clinician><PriorAuthorizationID>as per DR. Fatima</PriorAuthorizationID></Activity><Activity><ID>PROC-4884041</ID><Start>12/09/2013 10:35</Start><Type>3</Type><Code>86787</Code><Quantity>1</Quantity><Net>92</Net><Clinician>GD6651</Clinician><PriorAuthorizationID>as per DR. Fatima</PriorAuthorizationID></Activity><Activity><ID>PROC-4884040</ID><Start>12/09/2013 10:35</Start><Type>3</Type><Code>86886</Code><Quantity>1</Quantity><Net>38</Net><Clinician>GD6651</Clinician><PriorAuthorizationID>as per DR. Fatima</PriorAuthorizationID></Activity><Activity><ID>PROC-4884046</ID><Start>12/09/2013 10:36</Start><Type>3</Type><Code>87088</Code><Quantity>1</Quantity><Net>58</Net><Clinician>GD6651</Clinician><PriorAuthorizationID>as per DR. Fatima</PriorAuthorizationID></Activity><Activity><ID>PROC-4884035</ID><Start>12/09/2013 10:35</Start><Type>3</Type><Code>87340</Code><Quantity>1</Quantity><Net>68</Net><Clinician>GD6651</Clinician><PriorAuthorizationID>as per DR. Fatima</PriorAuthorizationID></Activity><Activity><ID>PROC-4884055</ID><Start>12/09/2013 10:37</Start><Type>3</Type><Code>99203</Code><Quantity>1</Quantity><Net>234</Net><Clinician>GD6651</Clinician><PriorAuthorizationID>as per DR. Fatima</PriorAuthorizationID></Activity></Claim><Claim><ID>229820-0002</ID><MemberID>097110040045664001</MemberID><PayerID>A012</PayerID><ProviderID>MF404</ProviderID><EmiratesIDNumber>784-1988-5958391-0</EmiratesIDNumber><Gross>121.34</Gross><PatientShare>0</PatientShare><Net>121.34</Net><Encounter><FacilityID>MF404</FacilityID><Type>1</Type><PatientID>229820</PatientID><Start>12/09/2013 09:05</Start><End>12/09/2013 09:27</End><EndType>1</EndType><TransferSource>MF404</TransferSource></Encounter><Diagnosis><Type>Principal</Type><Code>009.0</Code></Diagnosis><Activity><ID>PROC-4883799</ID><Start>12/09/2013 09:25</Start><Type>3</Type><Code>87046</Code><Quantity>1</Quantity><Net>68</Net><Clinician>D4131</Clinician></Activity><Activity><ID>MEDI-1951450</ID><Start>12/09/2013 09:25</Start><Type>5</Type><Code>1489-2990-006</Code><Quantity>21</Quantity><Net>32.34</Net><Clinician>D4131</Clinician></Activity><Activity><ID>MEDI-1951451</ID><Start>12/09/2013 09:25</Start><Type>5</Type><Code>1490-2756-001</Code><Quantity>2</Quantity><Net>21</Net><Clinician>D4131</Clinician></Activity></Claim><Claim><ID>224701-0002</ID><MemberID>097110040046083701</MemberID><PayerID>A019</PayerID><ProviderID>MF404</ProviderID><EmiratesIDNumber>999-9999-9999999-9</EmiratesIDNumber><Gross>273</Gross><PatientShare>50</PatientShare><Net>223</Net><Encounter><FacilityID>MF404</FacilityID><Type>1</Type><PatientID>224701</PatientID><Start>13/09/2013 17:03</Start><End>13/09/2013 17:49</End><EndType>1</EndType><TransferSource>MF404</TransferSource></Encounter><Diagnosis><Type>Principal</Type><Code>460</Code></Diagnosis><Diagnosis><Type>Secondary</Type><Code>691.8</Code></Diagnosis><Diagnosis><Type>Secondary</Type><Code>112.0</Code></Diagnosis><Diagnosis><Type>Secondary</Type><Code>553.1</Code></Diagnosis><Activity><ID>PROC-4886518</ID><Start>13/09/2013 17:34</Start><Type>3</Type><Code>99213</Code><Quantity>1</Quantity><Net>140</Net><Clinician>GD10158</Clinician></Activity><Activity><ID>MEDI-1952473</ID><Start>13/09/2013 17:37</Start><Type>5</Type><Code>1268-3123-001</Code><Quantity>1</Quantity><Net>9.5</Net><Clinician>GD10158</Clinician></Activity><Activity><ID>MEDI-1952471</ID><Start>13/09/2013 17:37</Start><Type>5</Type><Code>1552-2198-005</Code><Quantity>1</Quantity><Net>16.5</Net><Clinician>GD10158</Clinician></Activity><Activity><ID>MEDI-1952475</ID><Start>13/09/2013 17:39</Start><Type>5</Type><Code>1805-1375-007</Code><Quantity>1</Quantity><Net>17</Net><Clinician>GD10158</Clinician></Activity><Activity><ID>MEDI-1952479</ID><Start>13/09/2013 17:48</Start><Type>5</Type><Code>1961-5170-001</Code><Quantity>1</Quantity><Net>12</Net><Clinician>GD10158</Clinician></Activity><Activity><ID>MEDI-1952474</ID><Start>13/09/2013 17:39</Start><Type>5</Type><Code>1971-2847-001</Code><Quantity>1</Quantity><Net>28</Net><Clinician>GD10158</Clinician></Activity></Claim><Claim><ID>136921-0015</ID><MemberID>097110330038634901</MemberID><PayerID>A020</PayerID><ProviderID>MF404</ProviderID><EmiratesIDNumber>999-9999-9999999-9</EmiratesIDNumber><Gross>731</Gross><PatientShare>50</PatientShare><Net>681</Net><Encounter><FacilityID>MF404</FacilityID><Type>1</Type><PatientID>136921</PatientID><Start>14/09/2013 11:00</Start><End>14/09/2013 13:17</End><EndType>1</EndType><TransferSource>MF404</TransferSource></Encounter><Diagnosis><Type>Principal</Type><Code>272.2</Code></Diagnosis><Diagnosis><Type>Secondary</Type><Code>250.00</Code></Diagnosis><Activity><ID>PROC-4887933</ID><Start>14/09/2013 12:14</Start><Type>3</Type><Code>80061</Code><Quantity>1</Quantity><Net>134</Net><Clinician>D4987</Clinician></Activity><Activity><ID>PROC-4887951</ID><Start>14/09/2013 12:19</Start><Type>3</Type><Code>81001</Code><Quantity>1</Quantity><Net>22</Net><Clinician>D4987</Clinician></Activity><Activity><ID>PROC-4887952</ID><Start>14/09/2013 12:19</Start><Type>3</Type><Code>82043</Code><Quantity>1</Quantity><Net>42</Net><Clinician>D4987</Clinician><Observation><Type>LOINC</Type><Code>14957-5</Code><Value>37</Value><ValueType>mg/l</ValueType></Observation></Activity><Activity><ID>PROC-4887948</ID><Start>14/09/2013 12:19</Start><Type>3</Type><Code>82947</Code><Quantity>1</Quantity><Net>28</Net><Clinician>D4987</Clinician><Observation><Type>LOINC</Type><Code>14996-3</Code><Value>101.5</Value><ValueType>mg/dl</ValueType></Observation></Activity><Activity><ID>PROC-4887949</ID><Start>14/09/2013 12:19</Start><Type>3</Type><Code>83036</Code><Quantity>1</Quantity><Net>70</Net><Clinician>D4987</Clinician><Observation><Type>LOINC</Type><Code>4548-4</Code><Value>6.5</Value><ValueType>%</ValueType></Observation></Activity><Activity><ID>PROC-4887932</ID><Start>14/09/2013 12:06</Start><Type>3</Type><Code>99212</Code><Quantity>1</Quantity><Net>62</Net><Clinician>D4987</Clinician></Activity><Activity><ID>MEDI-1953015</ID><Start>14/09/2013 12:20</Start><Type>5</Type><Code>2319-2822-008</Code><Quantity>6</Quantity><Net>323</Net><Clinician>D4987</Clinician></Activity></Claim><Claim><ID>230105-0001</ID><MemberID>097110040044810701</MemberID><PayerID>A012</PayerID><ProviderID>MF404</ProviderID><EmiratesIDNumber>999-9999-9999999-9</EmiratesIDNumber><Gross>284</Gross><PatientShare>50</PatientShare><Net>234</Net><Encounter><FacilityID>MF404</FacilityID><Type>2</Type><PatientID>230105</PatientID><Start>15/09/2013 22:38</Start><End>15/09/2013 23:03</End><EndType>1</EndType><TransferSource>MF404</TransferSource></Encounter><Diagnosis><Type>Principal</Type><Code>883.0</Code></Diagnosis><Diagnosis><Type>Secondary</Type><Code>E849.0</Code></Diagnosis><Activity><ID>PROC-4891938</ID><Start>15/09/2013 22:56</Start><Type>3</Type><Code>99203</Code><Quantity>1</Quantity><Net>234</Net><Clinician>GD10133</Clinician></Activity></Claim><Claim><ID>20004-0011</ID><MemberID>097110330040244202</MemberID><PayerID>A020</PayerID><ProviderID>MF404</ProviderID><EmiratesIDNumber>999-9999-9999999-9</EmiratesIDNumber><Gross>47.4</Gross><PatientShare>0</PatientShare><Net>47.4</Net><Encounter><FacilityID>MF404</FacilityID><Type>1</Type><PatientID>20004</PatientID><Start>16/09/2013 15:27</Start><End>16/09/2013 15:27</End><EndType>1</EndType><TransferSource>MF404</TransferSource></Encounter><Diagnosis><Type>Principal</Type><Code>268.9</Code></Diagnosis><Activity><ID>MEDI-1954966</ID><Start>16/09/2013 15:27</Start><Type>5</Type><Code>2305-6569-001</Code><Quantity>30</Quantity><Net>47.4</Net><Clinician>GD6651</Clinician></Activity></Claim><Claim><ID>54351-0008</ID><MemberID>097110040017686201</MemberID><PayerID>A012</PayerID><ProviderID>MF404</ProviderID><EmiratesIDNumber>999-9999-9999999-9</EmiratesIDNumber><Gross>271.75</Gross><PatientShare>43.18</PatientShare><Net>228.57</Net><Encounter><FacilityID>MF404</FacilityID><Type>1</Type><PatientID>54351</PatientID><Start>16/09/2013 02:26</Start><End>16/09/2013 02:55</End><EndType>1</EndType><TransferSource>MF404</TransferSource></Encounter><Diagnosis><Type>Principal</Type><Code>460</Code></Diagnosis><Diagnosis><Type>Secondary</Type><Code>477.8</Code></Diagnosis><Diagnosis><Type>Secondary</Type><Code>780.96</Code></Diagnosis><Activity><ID>PROC-4892042</ID><Start>16/09/2013 02:53</Start><Type>3</Type><Code>99213</Code><Quantity>1</Quantity><Net>155</Net><Clinician>GD15561</Clinician></Activity><Activity><ID>MEDI-1954417</ID><Start>16/09/2013 02:54</Start><Type>5</Type><Code>1368-1961-010</Code><Quantity>1</Quantity><Net>7.87</Net><Clinician>GD15561</Clinician></Activity><Activity><ID>MEDI-1954418</ID><Start>16/09/2013 02:54</Start><Type>5</Type><Code>1650-3153-001</Code><Quantity>1</Quantity><Net>65.7</Net><Clinician>GD15561</Clinician></Activity></Claim><Claim><ID>219487-0010</ID><MemberID>097110040038341301</MemberID><PayerID>A012</PayerID><ProviderID>MF404</ProviderID><EmiratesIDNumber>784-1978-4963074-0</EmiratesIDNumber><Gross>528</Gross><PatientShare>52.8</PatientShare><Net>475.2</Net><Encounter><FacilityID>MF404</FacilityID><Type>1</Type><PatientID>219487</PatientID><Start>16/09/2013 20:46</Start><End>16/09/2013 23:59</End><EndType>1</EndType><TransferSource>MF404</TransferSource></Encounter><Diagnosis><Type>Principal</Type><Code>250.01</Code></Diagnosis><Diagnosis><Type>Secondary</Type><Code>272.2</Code></Diagnosis><Diagnosis><Type>Secondary</Type><Code>783.1</Code></Diagnosis><Diagnosis><Type>Secondary</Type><Code>V58.67</Code></Diagnosis><Diagnosis><Type>Secondary</Type><Code>V58.69</Code></Diagnosis><Activity><ID>MEDI-1955197</ID><Start>16/09/2013 20:48</Start><Type>5</Type><Code>1501-2530-005</Code><Quantity>12</Quantity><Net>475.2</Net><Clinician>GD10320</Clinician></Activity></Claim><Claim><ID>229484-0004</ID><MemberID>097110040039145102</MemberID><PayerID>A012</PayerID><ProviderID>MF404</ProviderID><EmiratesIDNumber>999-9999-9999999-9</EmiratesIDNumber><Gross>170</Gross><PatientShare>35</PatientShare><Net>135</Net><Encounter><FacilityID>MF404</FacilityID><Type>1</Type><PatientID>229484</PatientID><Start>18/09/2013 22:07</Start><End>18/09/2013 23:01</End><EndType>1</EndType><TransferSource>MF404</TransferSource></Encounter><Diagnosis><Type>Principal</Type><Code>599.0</Code></Diagnosis><Activity><ID>PROC-4899769</ID><Start>18/09/2013 22:58</Start><Type>3</Type><Code>87088</Code><Quantity>1</Quantity><Net>58</Net><Clinician>GD10263</Clinician><PriorAuthorizationID>203477</PriorAuthorizationID></Activity><Activity><ID>PROC-4899768</ID><Start>18/09/2013 22:57</Start><Type>3</Type><Code>99212</Code><Quantity>1</Quantity><Net>77</Net><Clinician>GD10263</Clinician><PriorAuthorizationID>203477</PriorAuthorizationID></Activity></Claim><Claim><ID>20004-0012</ID><MemberID>097110330040244202</MemberID><PayerID>A020</PayerID><ProviderID>MF404</ProviderID><EmiratesIDNumber>999-9999-9999999-9</EmiratesIDNumber><Gross>190</Gross><PatientShare>50</PatientShare><Net>140</Net><Encounter><FacilityID>MF404</FacilityID><Type>1</Type><PatientID>20004</PatientID><Start>19/09/2013 11:21</Start><End>19/09/2013 12:18</End><EndType>1</EndType><TransferSource>MF404</TransferSource></Encounter><Diagnosis><Type>Secondary</Type><Code>268.9</Code></Diagnosis><Diagnosis><Type>Principal</Type><Code>V23.89</Code></Diagnosis><Diagnosis><Type>Secondary</Type><Code>V23.7</Code></Diagnosis><Activity><ID>PROC-4900691</ID><Start>19/09/2013 12:17</Start><Type>3</Type><Code>99213</Code><Quantity>1</Quantity><Net>140</Net><Clinician>GD6651</Clinician></Activity></Claim><Claim><ID>146117-0014</ID><MemberID>097110040043131302</MemberID><PayerID>A012</PayerID><ProviderID>MF404</ProviderID><EmiratesIDNumber>999-9999-9999999-9</EmiratesIDNumber><Gross>1720.9</Gross><PatientShare>50</PatientShare><Net>1670.9</Net><Encounter><FacilityID>MF404</FacilityID><Type>1</Type><PatientID>146117</PatientID><Start>19/09/2013 14:25</Start><End>19/09/2013 15:16</End><EndType>1</EndType><TransferSource>MF404</TransferSource></Encounter><Diagnosis><Type>Principal</Type><Code>V23.89</Code></Diagnosis><Diagnosis><Type>Secondary</Type><Code>654.23</Code></Diagnosis><Diagnosis><Type>Secondary</Type><Code>V23.2</Code></Diagnosis><Diagnosis><Type>Secondary</Type><Code>268.9</Code></Diagnosis><Activity><ID>PROC-4901336</ID><Start>19/09/2013 15:10</Start><Type>3</Type><Code>76805</Code><Quantity>1</Quantity><Net>614</Net><Clinician>GD15562</Clinician></Activity><Activity><ID>PROC-4901329</ID><Start>19/09/2013 15:09</Start><Type>3</Type><Code>81001</Code><Quantity>1</Quantity><Net>22</Net><Clinician>GD15562</Clinician></Activity><Activity><ID>PROC-4901334</ID><Start>19/09/2013 15:10</Start><Type>3</Type><Code>82306</Code><Quantity>1</Quantity><Net>212</Net><Clinician>GD15562</Clinician></Activity><Activity><ID>PROC-4901332</ID><Start>19/09/2013 15:09</Start><Type>3</Type><Code>82950</Code><Quantity>1</Quantity><Net>34</Net><Clinician>GD15562</Clinician></Activity><Activity><ID>PROC-4901335</ID><Start>19/09/2013 15:10</Start><Type>3</Type><Code>83021</Code><Quantity>1</Quantity><Net>130</Net><Clinician>GD15562</Clinician></Activity><Activity><ID>PROC-4901328</ID><Start>19/09/2013 15:09</Start><Type>3</Type><Code>85027</Code><Quantity>1</Quantity><Net>46</Net><Clinician>GD15562</Clinician></Activity><Activity><ID>PROC-4901326</ID><Start>19/09/2013 15:09</Start><Type>3</Type><Code>86592</Code><Quantity>1</Quantity><Net>30</Net><Clinician>GD15562</Clinician></Activity><Activity><ID>PROC-4901324</ID><Start>19/09/2013 15:09</Start><Type>3</Type><Code>86703</Code><Quantity>1</Quantity><Net>38</Net><Clinician>GD15562</Clinician></Activity><Activity><ID>PROC-4901327</ID><Start>19/09/2013 15:09</Start><Type>3</Type><Code>86762</Code><Quantity>1</Quantity><Net>104</Net><Clinician>GD15562</Clinician></Activity><Activity><ID>PROC-4901331</ID><Start>19/09/2013 15:09</Start><Type>3</Type><Code>86787</Code><Quantity>1</Quantity><Net>92</Net><Clinician>GD15562</Clinician></Activity><Activity><ID>PROC-4901330</ID><Start>19/09/2013 15:09</Start><Type>3</Type><Code>86886</Code><Quantity>1</Quantity><Net>38</Net><Clinician>GD15562</Clinician></Activity><Activity><ID>PROC-4901325</ID><Start>19/09/2013 15:09</Start><Type>3</Type><Code>87340</Code><Quantity>1</Quantity><Net>68</Net><Clinician>GD15562</Clinician></Activity><Activity><ID>PROC-4901338</ID><Start>19/09/2013 15:11</Start><Type>3</Type><Code>99213</Code><Quantity>1</Quantity><Net>190</Net><Clinician>GD15562</Clinician></Activity><Activity><ID>MEDI-1957652</ID><Start>19/09/2013 15:12</Start><Type>5</Type><Code>1732-3442-002</Code><Quantity>1</Quantity><Net>28</Net><Clinician>GD15562</Clinician></Activity><Activity><ID>MEDI-1957655</ID><Start>19/09/2013 15:12</Start><Type>5</Type><Code>1848-5389-001</Code><Quantity>30</Quantity><Net>24.9</Net><Clinician>GD15562</Clinician></Activity></Claim><Claim><ID>146117-0016</ID><MemberID>097110040043131302</MemberID><PayerID>A012</PayerID><ProviderID>MF404</ProviderID><EmiratesIDNumber>999-9999-9999999-9</EmiratesIDNumber><Gross>7.35</Gross><PatientShare>0</PatientShare><Net>7.35</Net><Encounter><FacilityID>MF404</FacilityID><Type>1</Type><PatientID>146117</PatientID><Start>23/09/2013 13:53</Start><End>23/09/2013 13:59</End><EndType>1</EndType><TransferSource>MF404</TransferSource></Encounter><Diagnosis><Type>Principal</Type><Code>V13.02</Code></Diagnosis><Activity><ID>MEDI-1961019</ID><Start>23/09/2013 13:58</Start><Type>5</Type><Code>1490-2756-001</Code><Quantity>0.7</Quantity><Net>7.35</Net><Clinician>GD15562</Clinician></Activity></Claim><Claim><ID>20004-0013</ID><MemberID>097110330040244202</MemberID><PayerID>A020</PayerID><ProviderID>MF404</ProviderID><EmiratesIDNumber>999-9999-9999999-9</EmiratesIDNumber><Gross>534</Gross><PatientShare>50</PatientShare><Net>484</Net><Encounter><FacilityID>MF404</FacilityID><Type>1</Type><PatientID>20004</PatientID><Start>24/09/2013 17:28</Start><End>24/09/2013 18:07</End><EndType>1</EndType><TransferSource>MF404</TransferSource></Encounter><Diagnosis><Type>Secondary</Type><Code>268.9</Code></Diagnosis><Diagnosis><Type>Secondary</Type><Code>V23.7</Code></Diagnosis><Diagnosis><Type>Secondary</Type><Code>V23.89</Code></Diagnosis><Diagnosis><Type>Principal</Type><Code>644.13</Code></Diagnosis><Activity><ID>PROC-4914108</ID><Start>24/09/2013 18:06</Start><Type>3</Type><Code>59025</Code><Quantity>1</Quantity><Net>344</Net><Clinician>GD15562</Clinician></Activity><Activity><ID>PROC-4913926</ID><Start>24/09/2013 18:06</Start><Type>3</Type><Code>99213</Code><Quantity>1</Quantity><Net>140</Net><Clinician>GD15562</Clinician></Activity></Claim><Claim><ID>146117-0017</ID><MemberID>097110040043131302</MemberID><PayerID>A012</PayerID><ProviderID>MF404</ProviderID><EmiratesIDNumber>999-9999-9999999-9</EmiratesIDNumber><Gross>167.4</Gross><PatientShare>0</PatientShare><Net>167.4</Net><Encounter><FacilityID>MF404</FacilityID><Type>1</Type><PatientID>146117</PatientID><Start>25/09/2013 09:16</Start><End>25/09/2013 10:38</End><EndType>1</EndType><TransferSource>MF404</TransferSource></Encounter><Diagnosis><Type>Principal</Type><Code>790.29</Code></Diagnosis><Diagnosis><Type>Secondary</Type><Code>268.9</Code></Diagnosis><Activity><ID>PROC-4914773</ID><Start>25/09/2013 09:18</Start><Type>3</Type><Code>82947</Code><Quantity>1</Quantity><Net>28</Net><Clinician>GD15562</Clinician><Observation><Type>LOINC</Type><Code>14996-3</Code><Value>137.6</Value><ValueType>mg/dl</ValueType></Observation><Observation><Type>LOINC</Type><Code>14996-3</Code><Value>189.8</Value><ValueType>mg/dl</ValueType></Observation></Activity><Activity><ID>PROC-4914774</ID><Start>25/09/2013 09:18</Start><Type>3</Type><Code>82951</Code><Quantity>1</Quantity><Net>92</Net><Clinician>GD15562</Clinician><Observation><Type>LOINC</Type><Code>14995-5</Code><Value>189.8</Value><ValueType>mg/dl</ValueType></Observation><Observation><Type>LOINC</Type><Code>14995-5</Code><Value>137.6</Value><ValueType>mg/dl</ValueType></Observation><Observation><Type>LOINC</Type><Code>14995-5</Code><Value>101.1</Value><ValueType>mg/dl</ValueType></Observation><Observation><Type>LOINC</Type><Code>14995-5</Code><Value>90.2</Value><ValueType>mg/dl</ValueType></Observation><Observation><Type>LOINC</Type><Code>14995-5</Code><Value>189.8</Value><ValueType>mg/dl</ValueType></Observation><Observation><Type>LOINC</Type><Code>14995-5</Code><Value>137.6</Value><ValueType>mg/dl</ValueType></Observation><Observation><Type>LOINC</Type><Code>14995-5</Code><Value>101.1</Value><ValueType>mg/dl</ValueType></Observation><Observation><Type>LOINC</Type><Code>14995-5</Code><Value>90.2</Value><ValueType>mg/dl</ValueType></Observation></Activity><Activity><ID>MEDI-1962703</ID><Start>25/09/2013 09:37</Start><Type>5</Type><Code>2305-6569-001</Code><Quantity>30</Quantity><Net>47.4</Net><Clinician>GD5840</Clinician></Activity></Claim><Claim><ID>188429-0020</ID><MemberID>097110040045542901</MemberID><PayerID>A012</PayerID><ProviderID>MF404</ProviderID><EmiratesIDNumber>999-9999-9999999-9</EmiratesIDNumber><Gross>347</Gross><PatientShare>50.7</PatientShare><Net>296.3</Net><Encounter><FacilityID>MF404</FacilityID><Type>1</Type><PatientID>188429</PatientID><Start>25/09/2013 17:06</Start><End>25/09/2013 18:23</End><EndType>1</EndType><TransferSource>MF404</TransferSource></Encounter><Diagnosis><Type>Principal</Type><Code>536.8</Code></Diagnosis><Diagnosis><Type>Secondary</Type><Code>530.81</Code></Diagnosis><Diagnosis><Type>Secondary</Type><Code>847.1</Code></Diagnosis><Activity><ID>PROC-4916591</ID><Start>25/09/2013 18:18</Start><Type>3</Type><Code>99213</Code><Quantity>1</Quantity><Net>155</Net><Clinician>GD15561</Clinician></Activity><Activity><ID>MEDI-1963334</ID><Start>25/09/2013 18:19</Start><Type>5</Type><Code>1279-3234-001</Code><Quantity>4</Quantity><Net>141.3</Net><Clinician>GD15561</Clinician></Activity></Claim><Claim><ID>230586-0002</ID><MemberID>097110040042357801</MemberID><PayerID>A020</PayerID><ProviderID>MF404</ProviderID><EmiratesIDNumber>999-9999-9999999-9</EmiratesIDNumber><Gross>690</Gross><PatientShare>50</PatientShare><Net>640</Net><Encounter><FacilityID>MF404</FacilityID><Type>1</Type><PatientID>230586</PatientID><Start>25/09/2013 13:34</Start><End>25/09/2013 14:26</End><EndType>1</EndType><TransferSource>MF404</TransferSource></Encounter><Diagnosis><Type>Principal</Type><Code>401.1</Code></Diagnosis><Diagnosis><Type>Secondary</Type><Code>272.2</Code></Diagnosis><Diagnosis><Type>Secondary</Type><Code>785.1</Code></Diagnosis><Activity><ID>PROC-4915923</ID><Start>25/09/2013 14:13</Start><Type>3</Type><Code>80061</Code><Quantity>1</Quantity><Net>134</Net><Clinician>D4491</Clinician></Activity><Activity><ID>PROC-4915930</ID><Start>25/09/2013 14:17</Start><Type>3</Type><Code>81001</Code><Quantity>1</Quantity><Net>22</Net><Clinician>D4491</Clinician></Activity><Activity><ID>PROC-4915927</ID><Start>25/09/2013 14:15</Start><Type>3</Type><Code>82565</Code><Quantity>1</Quantity><Net>36</Net><Clinician>D4491</Clinician></Activity><Activity><ID>PROC-4915926</ID><Start>25/09/2013 14:13</Start><Type>3</Type><Code>82947</Code><Quantity>1</Quantity><Net>28</Net><Clinician>D4491</Clinician><Observation><Type>LOINC</Type><Code>14996-3</Code><Value>83.5</Value><ValueType>mg/dl</ValueType></Observation></Activity><Activity><ID>PROC-4915928</ID><Start>25/09/2013 14:16</Start><Type>3</Type><Code>85025</Code><Quantity>1</Quantity><Net>56</Net><Clinician>D4491</Clinician></Activity><Activity><ID>PROC-4915965</ID><Start>25/09/2013 14:24</Start><Type>3</Type><Code>93000</Code><Quantity>1</Quantity><Net>130</Net><Clinician>D4491</Clinician></Activity><Activity><ID>PROC-4915950</ID><Start>25/09/2013 14:18</Start><Type>3</Type><Code>99203</Code><Quantity>1</Quantity><Net>234</Net><Clinician>D4491</Clinician></Activity></Claim><Claim><ID>80723-0083</ID><MemberID>097110040029493402</MemberID><PayerID>A012</PayerID><ProviderID>MF404</ProviderID><EmiratesIDNumber>999-9999-9999999-9</EmiratesIDNumber><Gross>483.62</Gross><PatientShare>48.36</PatientShare><Net>435.26</Net><Encounter><FacilityID>MF404</FacilityID><Type>1</Type><PatientID>80723</PatientID><Start>28/09/2013 17:44</Start><End>28/09/2013 23:59</End><EndType>1</EndType><TransferSource>MF404</TransferSource></Encounter><Diagnosis><Type>Principal</Type><Code>250.62</Code></Diagnosis><Diagnosis><Type>Secondary</Type><Code>272.2</Code></Diagnosis><Diagnosis><Type>Secondary</Type><Code>357.2</Code></Diagnosis><Activity><ID>MEDI-1965694</ID><Start>28/09/2013 17:47</Start><Type>5</Type><Code>1525-3228-002</Code><Quantity>3</Quantity><Net>24.3</Net><Clinician>GD6406</Clinician></Activity><Activity><ID>MEDI-1965696</ID><Start>28/09/2013 17:47</Start><Type>5</Type><Code>1531-4675-001</Code><Quantity>56</Quantity><Net>265.61</Net><Clinician>GD6406</Clinician></Activity><Activity><ID>MEDI-1965695</ID><Start>28/09/2013 17:47</Start><Type>5</Type><Code>2319-2822-008</Code><Quantity>3</Quantity><Net>145.35</Net><Clinician>GD6406</Clinician></Activity></Claim><Claim><ID>158781-0037</ID><MemberID>097110030038138402</MemberID><PayerID>A009</PayerID><ProviderID>MF404</ProviderID><EmiratesIDNumber>999-9999-9999999-9</EmiratesIDNumber><Gross>1394.5</Gross><PatientShare>54.4</PatientShare><Net>1340.1</Net><Encounter><FacilityID>MF404</FacilityID><Type>1</Type><PatientID>158781</PatientID><Start>29/09/2013 21:03</Start><End>29/09/2013 23:01</End><EndType>1</EndType><TransferSource>MF404</TransferSource></Encounter><Diagnosis><Type>Principal</Type><Code>789.03</Code></Diagnosis><Diagnosis><Type>Secondary</Type><Code>276.51</Code></Diagnosis><Diagnosis><Type>Secondary</Type><Code>626.0</Code></Diagnosis><Diagnosis><Type>Secondary</Type><Code>780.61</Code></Diagnosis><Activity><ID>PROC-4925389</ID><Start>29/09/2013 21:38</Start><Type>5</Type><Code>1436-4008-002</Code><Quantity>1</Quantity><Net>4.5</Net><Clinician>GD12774</Clinician><PriorAuthorizationID>203692</PriorAuthorizationID></Activity><Activity><ID>PROC-4925383</ID><Start>29/09/2013 21:36</Start><Type>3</Type><Code>76700</Code><Quantity>1</Quantity><Net>580</Net><Clinician>GD12774</Clinician><PriorAuthorizationID>203692</PriorAuthorizationID></Activity><Activity><ID>PROC-4925410</ID><Start>29/09/2013 22:15</Start><Type>3</Type><Code>81001</Code><Quantity>1</Quantity><Net>22</Net><Clinician>GD12774</Clinician><PriorAuthorizationID>203692</PriorAuthorizationID></Activity><Activity><ID>PROC-4925386</ID><Start>29/09/2013 21:37</Start><Type>3</Type><Code>84702</Code><Quantity>1</Quantity><Net>108</Net><Clinician>GD12774</Clinician><PriorAuthorizationID>203692</PriorAuthorizationID></Activity><Activity><ID>PROC-4925384</ID><Start>29/09/2013 21:37</Start><Type>3</Type><Code>85025</Code><Quantity>1</Quantity><Net>56</Net><Clinician>GD12774</Clinician><PriorAuthorizationID>203692</PriorAuthorizationID></Activity><Activity><ID>PROC-4925385</ID><Start>29/09/2013 21:37</Start><Type>3</Type><Code>86140</Code><Quantity>1</Quantity><Net>38</Net><Clinician>GD12774</Clinician><PriorAuthorizationID>203692</PriorAuthorizationID></Activity><Activity><ID>PROC-4925387</ID><Start>29/09/2013 21:37</Start><Type>3</Type><Code>96360</Code><Quantity>1</Quantity><Net>142</Net><Clinician>GD12774</Clinician><PriorAuthorizationID>203692</PriorAuthorizationID></Activity><Activity><ID>PROC-4925388</ID><Start>29/09/2013 21:37</Start><Type>3</Type><Code>96360</Code><Quantity>1</Quantity><Net>142</Net><Clinician>GD12774</Clinician><PriorAuthorizationID>203692</PriorAuthorizationID></Activity><Activity><ID>PROC-4925381</ID><Start>29/09/2013 21:36</Start><Type>3</Type><Code>99214</Code><Quantity>1</Quantity><Net>230</Net><Clinician>GD12774</Clinician><PriorAuthorizationID>203692</PriorAuthorizationID></Activity><Activity><ID>MEDI-1966773</ID><Start>29/09/2013 23:01</Start><Type>5</Type><Code>1317-1465-001</Code><Quantity>2</Quantity><Net>9.6</Net><Clinician>GD12774</Clinician><PriorAuthorizationID>203692</PriorAuthorizationID></Activity><Activity><ID>MEDI-1966772</ID><Start>29/09/2013 23:01</Start><Type>5</Type><Code>1680-3904-002</Code><Quantity>20</Quantity><Net>8</Net><Clinician>GD12774</Clinician><PriorAuthorizationID>203692</PriorAuthorizationID></Activity></Claim><Claim><ID>224701-0003</ID><MemberID>097110040046083701</MemberID><PayerID>A019</PayerID><ProviderID>MF404</ProviderID><EmiratesIDNumber>999-9999-9999999-9</EmiratesIDNumber><Gross>263.75</Gross><PatientShare>50</PatientShare><Net>213.75</Net><Encounter><FacilityID>MF404</FacilityID><Type>1</Type><PatientID>224701</PatientID><Start>29/09/2013 17:38</Start><End>29/09/2013 19:03</End><EndType>1</EndType><TransferSource>MF404</TransferSource></Encounter><Diagnosis><Type>Principal</Type><Code>780.60</Code></Diagnosis><Diagnosis><Type>Secondary</Type><Code>691.8</Code></Diagnosis><Diagnosis><Type>Secondary</Type><Code>787.3</Code></Diagnosis><Diagnosis><Type>Secondary</Type><Code>460</Code></Diagnosis><Activity><ID>PROC-4925130</ID><Start>29/09/2013 18:23</Start><Type>5</Type><Code>1368-2083-004</Code><Quantity>1</Quantity><Net>0.75</Net><Clinician>D1625</Clinician></Activity><Activity><ID>PROC-4925211</ID><Start>29/09/2013 18:57</Start><Type>3</Type><Code>99213</Code><Quantity>1</Quantity><Net>140</Net><Clinician>D1625</Clinician></Activity><Activity><ID>MEDI-1966632</ID><Start>29/09/2013 19:01</Start><Type>5</Type><Code>1405-2606-001</Code><Quantity>1</Quantity><Net>23</Net><Clinician>D1625</Clinician></Activity><Activity><ID>MEDI-1966633</ID><Start>29/09/2013 19:02</Start><Type>5</Type><Code>1472-1058-001</Code><Quantity>1</Quantity><Net>6.5</Net><Clinician>D1625</Clinician></Activity><Activity><ID>MEDI-1966629</ID><Start>29/09/2013 19:01</Start><Type>5</Type><Code>1552-3448-002</Code><Quantity>1</Quantity><Net>15.5</Net><Clinician>D1625</Clinician></Activity><Activity><ID>MEDI-1966630</ID><Start>29/09/2013 19:01</Start><Type>5</Type><Code>1971-2847-001</Code><Quantity>1</Quantity><Net>28</Net><Clinician>D1625</Clinician></Activity></Claim><Claim><ID>218558-0010</ID><MemberID>097110040018004501</MemberID><PayerID>A012</PayerID><ProviderID>MF404</ProviderID><EmiratesIDNumber>784-1970-4651381-4</EmiratesIDNumber><Gross>1050.48</Gross><PatientShare>96.65</PatientShare><Net>953.83</Net><Encounter><FacilityID>MF404</FacilityID><Type>1</Type><PatientID>218558</PatientID><Start>30/09/2013 11:56</Start><End>30/09/2013 13:34</End><EndType>1</EndType><TransferSource>MF404</TransferSource></Encounter><Diagnosis><Type>Principal</Type><Code>401.1</Code></Diagnosis><Diagnosis><Type>Secondary</Type><Code>272.2</Code></Diagnosis><Diagnosis><Type>Secondary</Type><Code>790.21</Code></Diagnosis><Diagnosis><Type>Secondary</Type><Code>477.8</Code></Diagnosis><Diagnosis><Type>Secondary</Type><Code>493.90</Code></Diagnosis><Diagnosis><Type>Secondary</Type><Code>571.8</Code></Diagnosis><Activity><ID>PROC-4926742</ID><Start>30/09/2013 13:30</Start><Type>3</Type><Code>80061</Code><Quantity>1</Quantity><Net>134</Net><Clinician>D4987</Clinician></Activity><Activity><ID>PROC-4926744</ID><Start>30/09/2013 13:30</Start><Type>3</Type><Code>82947</Code><Quantity>1</Quantity><Net>28</Net><Clinician>D4987</Clinician><Observation><Type>LOINC</Type><Code>14996-3</Code><Value>93.1</Value><ValueType>mg/dl</ValueType></Observation></Activity><Activity><ID>PROC-4926766</ID><Start>30/09/2013 13:33</Start><Type>3</Type><Code>84450</Code><Quantity>1</Quantity><Net>38</Net><Clinician>D4987</Clinician></Activity><Activity><ID>PROC-4926770</ID><Start>30/09/2013 13:34</Start><Type>3</Type><Code>84460</Code><Quantity>1</Quantity><Net>38</Net><Clinician>D4987</Clinician></Activity><Activity><ID>PROC-4926741</ID><Start>30/09/2013 13:23</Start><Type>3</Type><Code>99202</Code><Quantity>1</Quantity><Net>161</Net><Clinician>D4987</Clinician></Activity><Activity><ID>MEDI-1967226</ID><Start>30/09/2013 13:32</Start><Type>5</Type><Code>1556-6164-007</Code><Quantity>56</Quantity><Net>476.98</Net><Clinician>D4987</Clinician></Activity><Activity><ID>MEDI-1967227</ID><Start>30/09/2013 13:32</Start><Type>5</Type><Code>1750-5182-001</Code><Quantity>1</Quantity><Net>77.85</Net><Clinician>D4987</Clinician></Activity></Claim></Claim.Submission>