<?xml version="1.0" encoding="UTF-8"?>
<Claim.Submission xsi:noNamespaceSchemaLocation="http://www.haad.ae/DataDictionary/CommonTypes/DataDictionary.xsd" xmlns:tns="http://www.haad.ae/DataDictionary/CommonTypes" xmlns:xsi="http://www.w3.org/2001/XMLSchema-instance">
  <Header>
    <SenderID>DHA-F-0000078</SenderID>
    <ReceiverID>C004</ReceiverID>
    <DispositionFlag>PRODUCTION</DispositionFlag>
    <TransactionDate>28/10/2013 19:23</TransactionDate>
    <RecordCount>2</RecordCount>
  </Header>
  <Claim>
    <ID>OPC-R-2013-021344</ID>
    <MemberID>451227</MemberID>
    <PayerID>A037</PayerID>
    <ProviderID>DHA-F-0000078</ProviderID>
    <EmiratesIDNumber>999-9999-9999999-9</EmiratesIDNumber>
    <Gross>213.5</Gross>
    <PatientShare>50</PatientShare>
    <Net>163.5</Net>
    <Encounter>
      <FacilityID>DHA-F-0000078</FacilityID>
      <Type>1</Type>
      <PatientID>0000007109</PatientID>
      <Start>12/09/2013 11:19</Start>
      <End>12/09/2013 12:12</End>
      <StartType>1</StartType>
      <EndType>1</EndType>
    </Encounter>
    <Diagnosis>
      <Type>Principal</Type>
      <Code>E22.1</Code>
    </Diagnosis>
    <Diagnosis>
      <Type>Secondary</Type>
      <Code>N92.6</Code>
    </Diagnosis>
    <Activity>
      <ID>OPRXX0099791039</ID>
      <Start>12/09/2013 11:19</Start>
      <End>12/09/2013 11:19</End>
      <Code>10</Code>
      <Type>8</Type>
      <Quantity>1</Quantity>
      <Net>303</Net>
      <Clinician>DHA-P-0249215</Clinician>
      <Observation>
        <Type>Text</Type>
        <Code>Non-Standard-Code</Code>
        <Value>DCF011</Value>
        <ValueType>Other</ValueType>
      </Observation>
      <Observation>
        <Type>Text</Type>
        <Code>Description</Code>
        <Value>SPECIALIST - REPEAT VISIT</Value>
        <ValueType>Other</ValueType>
      </Observation>
    </Activity>
  </Claim>
  <Claim>
    <ID>OPC-R-2013-021058</ID>
    <MemberID>451227</MemberID>
    <PayerID>A037</PayerID>
    <ProviderID>DHA-F-0000078</ProviderID>
    <EmiratesIDNumber>999-9999-9999999-9</EmiratesIDNumber>
    <Gross>619.5</Gross>
    <PatientShare>50</PatientShare>
    <Net>569.5</Net>
    <Encounter>
      <FacilityID>DHA-F-0000078</FacilityID>
      <Type>1</Type>
      <PatientID>0000007109</PatientID>
      <Start>05/09/2013 18:53</Start>
      <End>05/09/2013 19:34</End>
      <StartType>1</StartType>
      <EndType>1</EndType>
    </Encounter>
    <Diagnosis>
      <Type>Principal</Type>
      <Code>N86</Code>
    </Diagnosis>
    <Diagnosis>
      <Type>Secondary</Type>
      <Code>N92.5</Code>
    </Diagnosis>
    <Activity>
      <ID>OPRXX0097361038</ID>
      <Start>05/09/2013 18:53</Start>
      <End>05/09/2013 18:53</End>
      <Code>10</Code>
      <Type>8</Type>
      <Quantity>1</Quantity>
      <Net>413</Net>
      <Clinician>DHA-P-0249215</Clinician>
      <Observation>
        <Type>Text</Type>
        <Code>Non-Standard-Code</Code>
        <Value>DCF010</Value>
        <ValueType>Other</ValueType>
      </Observation>
      <Observation>
        <Type>Text</Type>
        <Code>Description</Code>
        <Value>SPECIALIST -NEW VISIT</Value>
        <ValueType>Other</ValueType>
      </Observation>
    </Activity>
  </Claim>
</Claim.Submission>
