<?xml version="1.0"?><Claim.Submission xmlns:tns="http://www.eclaimlink.ae/DataDictionary/CommonTypes" xmlns:xsi="http://www.w3.org/2001/XMLSchema-instance" xsi:noNamespaceSchemaLocation="http://www.eclaimlink.ae/DataDictionary/CommonTypes/ClaimSubmission.xsd"><Header><SenderID>DHA-F-0000078</SenderID><ReceiverID>TPA009</ReceiverID><TransactionDate>28/10/2013 19:23</TransactionDate><RecordCount>3</RecordCount><DispositionFlag>PRODUCTION</DispositionFlag></Header><Claim><ID>OPC-R-2013-021344</ID><MemberID>097110110045122702</MemberID><PayerID>INS007</PayerID><ProviderID>DHA-F-0000078</ProviderID><EmiratesIDNumber>999-9999-9999999-9</EmiratesIDNumber><Gross>213.5</Gross><PatientShare>50</PatientShare><Net>163.5</Net><Encounter><FacilityID>DHA-F-0000078</FacilityID><Type>1</Type><PatientID>0000007109</PatientID><Start>12/09/2013 11:19</Start><End>12/09/2013 12:12</End><StartType>1</StartType><EndType>1</EndType></Encounter><Diagnosis><Type>Principal</Type><Code>E22.1</Code></Diagnosis><Diagnosis><Type>Secondary</Type><Code>N92.6</Code></Diagnosis><Activity><ID>OPRXX0099791039</ID><Start>12/09/2013 11:19</Start><Type>8</Type><Code>10</Code><Quantity>1</Quantity><Net>163.5</Net><Clinician>DHA-P-0249215</Clinician><Observation><Type>Text</Type><Code>Non-Standard-Code</Code><Value>DCF011</Value><ValueType>Other</ValueType></Observation><Observation><Type>Text</Type><Code>Description</Code><Value>SPECIALIST - REPEAT VISIT</Value><ValueType>Other</ValueType></Observation></Activity></Claim><Claim><ID>OPC-R-2013-021167</ID><MemberID>097110110045122702</MemberID><PayerID>INS007</PayerID><ProviderID>DHA-F-0000078</ProviderID><EmiratesIDNumber>999-9999-9999999-9</EmiratesIDNumber><Gross>1059.1</Gross><PatientShare>0</PatientShare><Net>1059.1</Net><Encounter><FacilityID>DHA-F-0000078</FacilityID><Type>1</Type><PatientID>0000007109</PatientID><Start>09/09/2013 09:43</Start><End>09/09/2013 09:47</End><StartType>1</StartType><EndType>1</EndType></Encounter><Diagnosis><Type>Principal</Type><Code>N92.6</Code></Diagnosis><Diagnosis><Type>Secondary</Type><Code>E04.9</Code></Diagnosis><Activity><ID>BILXX0067200336</ID><Start>09/09/2013 09:46</Start><Type>3</Type><Code>84443</Code><Quantity>1</Quantity><Net>423.5</Net><Clinician>DHA-P-0249215</Clinician><Observation><Type>Text</Type><Code>Non-Standard-Code</Code><Value>LEN061</Value><ValueType>Other</ValueType></Observation><Observation><Type>Text</Type><Code>Description</Code><Value>THYROID PROFILE (FT3+FT4+TSH)</Value><ValueType>Other</ValueType></Observation></Activity><Activity><ID>BILXX0067200324</ID><Start>09/09/2013 09:46</Start><Type>3</Type><Code>84146</Code><Quantity>1</Quantity><Net>177.1</Net><Clinician>DHA-P-0249215</Clinician><Observation><Type>Text</Type><Code>Non-Standard-Code</Code><Value>LEN049</Value><ValueType>Other</ValueType></Observation><Observation><Type>Text</Type><Code>Description</Code><Value>PROLACTIN </Value><ValueType>Other</ValueType></Observation></Activity><Activity><ID>BILXX006720C004</ID><Start>09/09/2013 09:46</Start><Type>3</Type><Code>85027</Code><Quantity>1</Quantity><Net>81.2</Net><Clinician>DHA-P-0249215</Clinician><Observation><Type>Text</Type><Code>Non-Standard-Code</Code><Value>LHA023</Value><ValueType>Other</ValueType></Observation><Observation><Type>Text</Type><Code>Description</Code><Value>CBC</Value><ValueType>Other</ValueType></Observation></Activity><Activity><ID>BILXX0067200310</ID><Start>09/09/2013 09:46</Start><Type>3</Type><Code>83001</Code><Quantity>1</Quantity><Net>177.1</Net><Clinician>DHA-P-0249215</Clinician><Observation><Type>Text</Type><Code>Non-Standard-Code</Code><Value>LEN035</Value><ValueType>Other</ValueType></Observation><Observation><Type>Text</Type><Code>Description</Code><Value>FSH (FOLLICLE STIMULATING HORMONE) </Value><ValueType>Other</ValueType></Observation></Activity><Activity><ID>BILXX0067200320</ID><Start>09/09/2013 09:46</Start><Type>3</Type><Code>83002</Code><Quantity>1</Quantity><Net>200.2</Net><Clinician>DHA-P-0249215</Clinician><Observation><Type>Text</Type><Code>Non-Standard-Code</Code><Value>LEN045</Value><ValueType>Other</ValueType></Observation><Observation><Type>Text</Type><Code>Description</Code><Value>LH (LUTEINISING HORMONE) </Value><ValueType>Other</ValueType></Observation></Activity></Claim><Claim><ID>OPC-R-2013-021058</ID><MemberID>097110110045122702</MemberID><PayerID>INS007</PayerID><ProviderID>DHA-F-0000078</ProviderID><EmiratesIDNumber>999-9999-9999999-9</EmiratesIDNumber><Gross>619.5</Gross><PatientShare>50</PatientShare><Net>569.5</Net><Encounter><FacilityID>DHA-F-0000078</FacilityID><Type>1</Type><PatientID>0000007109</PatientID><Start>05/09/2013 18:53</Start><End>05/09/2013 19:34</End><StartType>1</StartType><EndType>1</EndType></Encounter><Diagnosis><Type>Principal</Type><Code>N86</Code></Diagnosis><Diagnosis><Type>Secondary</Type><Code>N92.5</Code></Diagnosis><Activity><ID>OPRXX0097361038</ID><Start>05/09/2013 18:53</Start><Type>8</Type><Code>10</Code><Quantity>1</Quantity><Net>240.5</Net><Clinician>DHA-P-0249215</Clinician><Observation><Type>Text</Type><Code>Non-Standard-Code</Code><Value>DCF010</Value><ValueType>Other</ValueType></Observation><Observation><Type>Text</Type><Code>Description</Code><Value>SPECIALIST -NEW VISIT</Value><ValueType>Other</ValueType></Observation></Activity><Activity><ID>BILXX0066650510</ID><Start>05/09/2013 19:33</Start><Type>3</Type><Code>88141</Code><Quantity>1</Quantity><Net>154</Net><Clinician>DHA-P-0249215</Clinician><Observation><Type>Text</Type><Code>Non-Standard-Code</Code><Value>LHI018</Value><ValueType>Other</ValueType></Observation><Observation><Type>Text</Type><Code>Description</Code><Value>PAP SMEAR (CYTOLOGY)</Value><ValueType>Other</ValueType></Observation></Activity><Activity><ID>BILXX0066650825</ID><Start>05/09/2013 19:33</Start><Type>3</Type><Code>76857</Code><Quantity>1</Quantity><Net>175</Net><Clinician>DHA-P-0249215</Clinician><Observation><Type>Text</Type><Code>Non-Standard-Code</Code><Value>RAD091</Value><ValueType>Other</ValueType></Observation><Observation><Type>Text</Type><Code>Description</Code><Value>ULTRASOUND SCREENING</Value><ValueType>Other</ValueType></Observation></Activity></Claim></Claim.Submission>