<?xml version="1.0" encoding="utf-8"?>
<Claim.Submission xsi:noNamespaceSchemaLocation="http://www.haad.ae/DataDictionary/CommonTypes/DataDictionary.xsd" xmlns:tns="http://www.haad.ae/DataDictionary/CommonTypes" xmlns:xs="http://www.w3.org/2001/XMLSchema" xmlns:xsi="http://www.w3.org/2001/XMLSchema-instance">
	<Header>
		<SenderID>PF1259</SenderID>
		<ReceiverID>C004</ReceiverID>
		<TransactionDate>13/10/2013 20:47</TransactionDate>
		<RecordCount>65</RecordCount>
		<DispositionFlag>PRODUCTION</DispositionFlag>
	</Header>
	<Claim>
		<ID>1503303</ID>
		<IDPayer>
		</IDPayer>
		<MemberID>097110040039887701</MemberID>
		<PayerID>A012</PayerID>
		<ProviderID>PF1259</ProviderID>
		<EmiratesIDNumber>000-0000-0000000-0</EmiratesIDNumber>
		<Gross>146.5</Gross>
		<PatientShare>14.65</PatientShare>
		<Net>131.85</Net>
		<Encounter>
			<FacilityID>PF1259</FacilityID>
			<Type>1</Type>
			<PatientID>287756</PatientID>
			<Start>01/09/2013 10:53</Start>
			<End>01/09/2013 10:53</End>
		</Encounter>
		<Diagnosis>
			<Type>Principal</Type>
			<Code>564.1</Code>
		</Diagnosis>
		<Diagnosis>
			<Type>Secondary</Type>
			<Code>535.00</Code>
		</Diagnosis>
		<Diagnosis>
			<Type>Secondary</Type>
			<Code>789.06</Code>
		</Diagnosis>
		<Diagnosis>
			<Type>Secondary</Type>
			<Code>789.07</Code>
		</Diagnosis>
		<Activity>
			<ID>1</ID>
			<Start>01/09/2013 10:53</Start>
			<Type>5</Type>
			<Code>1464-2993-001</Code>
			<Quantity>2</Quantity>
			<Net>28.8</Net>
			<Clinician>GD6347</Clinician>
		</Activity>
		<Activity>
			<ID>2</ID>
			<Start>01/09/2013 10:53</Start>
			<Type>5</Type>
			<Code>2325-3485-011</Code>
			<Quantity>1</Quantity>
			<Net>103.05</Net>
			<Clinician>GD6347</Clinician>
		</Activity>
	</Claim>
	<Claim>
		<ID>1503417</ID>
		<IDPayer>
		</IDPayer>
		<MemberID>097110040035126302</MemberID>
		<PayerID>A012</PayerID>
		<ProviderID>PF1259</ProviderID>
		<EmiratesIDNumber>000-0000-0000000-0</EmiratesIDNumber>
		<Gross>40</Gross>
		<PatientShare>4</PatientShare>
		<Net>36</Net>
		<Encounter>
			<FacilityID>PF1259</FacilityID>
			<Type>1</Type>
			<PatientID>221084</PatientID>
			<Start>01/09/2013 22:40</Start>
			<End>01/09/2013 22:40</End>
		</Encounter>
		<Diagnosis>
			<Type>Principal</Type>
			<Code>626.4</Code>
		</Diagnosis>
		<Diagnosis>
			<Type>Secondary</Type>
			<Code>250.00</Code>
		</Diagnosis>
		<Diagnosis>
			<Type>Secondary</Type>
			<Code>780.4</Code>
		</Diagnosis>
		<Diagnosis>
			<Type>Secondary</Type>
			<Code>280.9</Code>
		</Diagnosis>
		<Activity>
			<ID>1</ID>
			<Start>01/09/2013 22:40</Start>
			<Type>5</Type>
			<Code>1472-2279-003</Code>
			<Quantity>2</Quantity>
			<Net>10.8</Net>
			<Clinician>GD6159</Clinician>
		</Activity>
		<Activity>
			<ID>2</ID>
			<Start>01/09/2013 22:40</Start>
			<Type>5</Type>
			<Code>1528-2401-003</Code>
			<Quantity>2</Quantity>
			<Net>25.2</Net>
			<Clinician>GD6159</Clinician>
		</Activity>
	</Claim>
	<Claim>
		<ID>1505526</ID>
		<IDPayer>
		</IDPayer>
		<MemberID>097110040038964101</MemberID>
		<PayerID>A012</PayerID>
		<ProviderID>PF1259</ProviderID>
		<EmiratesIDNumber>000-0000-0000000-0</EmiratesIDNumber>
		<Gross>265.5</Gross>
		<PatientShare>0</PatientShare>
		<Net>265.5</Net>
		<Encounter>
			<FacilityID>PF1259</FacilityID>
			<Type>1</Type>
			<PatientID>247826</PatientID>
			<Start>03/09/2013 10:53</Start>
			<End>03/09/2013 10:53</End>
		</Encounter>
		<Diagnosis>
			<Type>Principal</Type>
			<Code>487.8</Code>
		</Diagnosis>
		<Diagnosis>
			<Type>Secondary</Type>
			<Code>466.0</Code>
		</Diagnosis>
		<Activity>
			<ID>1</ID>
			<Start>03/09/2013 10:53</Start>
			<Type>5</Type>
			<Code>1552-3971-001</Code>
			<Quantity>1</Quantity>
			<Net>25</Net>
			<Clinician>GD6137</Clinician>
		</Activity>
		<Activity>
			<ID>2</ID>
			<Start>03/09/2013 10:53</Start>
			<Type>5</Type>
			<Code>1556-4476-011</Code>
			<Quantity>1</Quantity>
			<Net>62</Net>
			<Clinician>GD6137</Clinician>
		</Activity>
		<Activity>
			<ID>3</ID>
			<Start>03/09/2013 10:53</Start>
			<Type>5</Type>
			<Code>1300-1299-003</Code>
			<Quantity>1</Quantity>
			<Net>134</Net>
			<Clinician>GD6137</Clinician>
		</Activity>
		<Activity>
			<ID>4</ID>
			<Start>03/09/2013 10:53</Start>
			<Type>5</Type>
			<Code>1650-1643-001</Code>
			<Quantity>1</Quantity>
			<Net>29.5</Net>
			<Clinician>GD6137</Clinician>
		</Activity>
		<Activity>
			<ID>5</ID>
			<Start>03/09/2013 10:53</Start>
			<Type>5</Type>
			<Code>1472-3095-003</Code>
			<Quantity>2</Quantity>
			<Net>15</Net>
			<Clinician>GD6137</Clinician>
		</Activity>
	</Claim>
	<Claim>
		<ID>1505490</ID>
		<IDPayer>
		</IDPayer>
		<MemberID>097110040041852501</MemberID>
		<PayerID>A012</PayerID>
		<ProviderID>PF1259</ProviderID>
		<EmiratesIDNumber>000-0000-0000000-0</EmiratesIDNumber>
		<Gross>678</Gross>
		<PatientShare>67.8</PatientShare>
		<Net>610.2</Net>
		<Encounter>
			<FacilityID>PF1259</FacilityID>
			<Type>1</Type>
			<PatientID>220318</PatientID>
			<Start>03/09/2013 12:27</Start>
			<End>03/09/2013 12:27</End>
		</Encounter>
		<Diagnosis>
			<Type>Principal</Type>
			<Code>250.62</Code>
		</Diagnosis>
		<Diagnosis>
			<Type>Secondary</Type>
			<Code>V58.69</Code>
		</Diagnosis>
		<Diagnosis>
			<Type>Secondary</Type>
			<Code>719.40</Code>
		</Diagnosis>
		<Diagnosis>
			<Type>Secondary</Type>
			<Code>357.2</Code>
		</Diagnosis>
		<Activity>
			<ID>1</ID>
			<Start>03/09/2013 12:27</Start>
			<Type>5</Type>
			<Code>1732-5583-001</Code>
			<Quantity>2</Quantity>
			<Net>79.2</Net>
			<Clinician>GD11973</Clinician>
			<PriorAuthorizationID>274462</PriorAuthorizationID>
		</Activity>
		<Activity>
			<ID>2</ID>
			<Start>03/09/2013 12:27</Start>
			<Type>5</Type>
			<Code>1531-4675-001</Code>
			<Quantity>2</Quantity>
			<Net>531</Net>
			<Clinician>GD11973</Clinician>
			<PriorAuthorizationID>274462</PriorAuthorizationID>
		</Activity>
	</Claim>
	<Claim>
		<ID>1505575</ID>
		<IDPayer>
		</IDPayer>
		<MemberID>097110050039114101</MemberID>
		<PayerID>A036</PayerID>
		<ProviderID>PF1259</ProviderID>
		<EmiratesIDNumber>000-0000-0000000-0</EmiratesIDNumber>
		<Gross>657</Gross>
		<PatientShare>0</PatientShare>
		<Net>657</Net>
		<Encounter>
			<FacilityID>PF1259</FacilityID>
			<Type>1</Type>
			<PatientID>287393</PatientID>
			<Start>03/09/2013 14:10</Start>
			<End>03/09/2013 14:10</End>
		</Encounter>
		<Diagnosis>
			<Type>Principal</Type>
			<Code>272.4</Code>
		</Diagnosis>
		<Activity>
			<ID>1</ID>
			<Start>03/09/2013 14:10</Start>
			<Type>5</Type>
			<Code>1280-1752-001</Code>
			<Quantity>2</Quantity>
			<Net>265</Net>
			<Clinician>GD11973</Clinician>
			<PriorAuthorizationID>274480</PriorAuthorizationID>
		</Activity>
		<Activity>
			<ID>2</ID>
			<Start>03/09/2013 14:10</Start>
			<Type>5</Type>
			<Code>1531-2160-001</Code>
			<Quantity>2</Quantity>
			<Net>392</Net>
			<Clinician>GD11973</Clinician>
			<PriorAuthorizationID>274480</PriorAuthorizationID>
		</Activity>
	</Claim>
	<Claim>
		<ID>1505745</ID>
		<IDPayer>
		</IDPayer>
		<MemberID>097110040031365102</MemberID>
		<PayerID>A012</PayerID>
		<ProviderID>PF1259</ProviderID>
		<EmiratesIDNumber>000-0000-0000000-0</EmiratesIDNumber>
		<Gross>23.5</Gross>
		<PatientShare>2.35</PatientShare>
		<Net>21.15</Net>
		<Encounter>
			<FacilityID>PF1259</FacilityID>
			<Type>1</Type>
			<PatientID>232836</PatientID>
			<Start>03/09/2013 21:08</Start>
			<End>03/09/2013 21:08</End>
		</Encounter>
		<Diagnosis>
			<Type>Principal</Type>
			<Code>796.2</Code>
		</Diagnosis>
		<Diagnosis>
			<Type>Secondary</Type>
			<Code>784.0</Code>
		</Diagnosis>
		<Activity>
			<ID>1</ID>
			<Start>03/09/2013 21:08</Start>
			<Type>5</Type>
			<Code>1527-1721-001</Code>
			<Quantity>1</Quantity>
			<Net>21.15</Net>
			<Clinician>GD6152</Clinician>
		</Activity>
	</Claim>
	<Claim>
		<ID>1506620</ID>
		<IDPayer>
		</IDPayer>
		<MemberID>097110040043446901</MemberID>
		<PayerID>A012</PayerID>
		<ProviderID>PF1259</ProviderID>
		<EmiratesIDNumber>000-0000-0000000-0</EmiratesIDNumber>
		<Gross>421.5</Gross>
		<PatientShare>0</PatientShare>
		<Net>421.5</Net>
		<Encounter>
			<FacilityID>PF1259</FacilityID>
			<Type>1</Type>
			<PatientID>168741</PatientID>
			<Start>04/09/2013 11:12</Start>
			<End>04/09/2013 11:12</End>
		</Encounter>
		<Diagnosis>
			<Type>Principal</Type>
			<Code>722.10</Code>
		</Diagnosis>
		<Diagnosis>
			<Type>Secondary</Type>
			<Code>724.4</Code>
		</Diagnosis>
		<Diagnosis>
			<Type>Secondary</Type>
			<Code>724.3</Code>
		</Diagnosis>
		<Diagnosis>
			<Type>Secondary</Type>
			<Code>729.1</Code>
		</Diagnosis>
		<Diagnosis>
			<Type>Secondary</Type>
			<Code>728.85</Code>
		</Diagnosis>
		<Activity>
			<ID>1</ID>
			<Start>04/09/2013 11:12</Start>
			<Type>5</Type>
			<Code>1697-1953-001</Code>
			<Quantity>3</Quantity>
			<Net>97.5</Net>
			<Clinician>D3414</Clinician>
		</Activity>
		<Activity>
			<ID>2</ID>
			<Start>04/09/2013 11:12</Start>
			<Type>5</Type>
			<Code>1556-4476-016</Code>
			<Quantity>3</Quantity>
			<Net>153</Net>
			<Clinician>D3414</Clinician>
		</Activity>
		<Activity>
			<ID>3</ID>
			<Start>04/09/2013 11:12</Start>
			<Type>5</Type>
			<Code>1531-1235-006</Code>
			<Quantity>1</Quantity>
			<Net>171</Net>
			<Clinician>D3414</Clinician>
		</Activity>
	</Claim>
	<Claim>
		<ID>1506848</ID>
		<IDPayer>
		</IDPayer>
		<MemberID>097110040031783601</MemberID>
		<PayerID>A012</PayerID>
		<ProviderID>PF1259</ProviderID>
		<EmiratesIDNumber>000-0000-0000000-0</EmiratesIDNumber>
		<Gross>232</Gross>
		<PatientShare>23.2</PatientShare>
		<Net>208.8</Net>
		<Encounter>
			<FacilityID>PF1259</FacilityID>
			<Type>1</Type>
			<PatientID>179750</PatientID>
			<Start>04/09/2013 20:51</Start>
			<End>04/09/2013 20:51</End>
		</Encounter>
		<Diagnosis>
			<Type>Principal</Type>
			<Code>487.1</Code>
		</Diagnosis>
		<Diagnosis>
			<Type>Secondary</Type>
			<Code>394.9</Code>
		</Diagnosis>
		<Diagnosis>
			<Type>Secondary</Type>
			<Code>511.0</Code>
		</Diagnosis>
		<Activity>
			<ID>1</ID>
			<Start>04/09/2013 20:51</Start>
			<Type>5</Type>
			<Code>1527-1723-001</Code>
			<Quantity>2</Quantity>
			<Net>61.2</Net>
			<Clinician>GD6152</Clinician>
		</Activity>
		<Activity>
			<ID>2</ID>
			<Start>04/09/2013 20:51</Start>
			<Type>5</Type>
			<Code>1967-3064-001</Code>
			<Quantity>1</Quantity>
			<Net>24.3</Net>
			<Clinician>GD6152</Clinician>
		</Activity>
		<Activity>
			<ID>3</ID>
			<Start>04/09/2013 20:51</Start>
			<Type>5</Type>
			<Code>1635-4143-007</Code>
			<Quantity>1</Quantity>
			<Net>123.3</Net>
			<Clinician>GD6152</Clinician>
		</Activity>
	</Claim>
	<Claim>
		<ID>1507697</ID>
		<IDPayer>
		</IDPayer>
		<MemberID>097110040031165101</MemberID>
		<PayerID>A012</PayerID>
		<ProviderID>PF1259</ProviderID>
		<EmiratesIDNumber>000-0000-0000000-0</EmiratesIDNumber>
		<Gross>218</Gross>
		<PatientShare>21.8</PatientShare>
		<Net>196.2</Net>
		<Encounter>
			<FacilityID>PF1259</FacilityID>
			<Type>2</Type>
			<PatientID>224461</PatientID>
			<Start>05/09/2013 07:43</Start>
			<End>05/09/2013 07:43</End>
		</Encounter>
		<Diagnosis>
			<Type>Principal</Type>
			<Code>460</Code>
		</Diagnosis>
		<Diagnosis>
			<Type>Secondary</Type>
			<Code>477.9</Code>
		</Diagnosis>
		<Diagnosis>
			<Type>Secondary</Type>
			<Code>780.60</Code>
		</Diagnosis>
		<Diagnosis>
			<Type>Secondary</Type>
			<Code>786.2</Code>
		</Diagnosis>
		<Activity>
			<ID>1</ID>
			<Start>05/09/2013 07:43</Start>
			<Type>5</Type>
			<Code>2209-6110-002</Code>
			<Quantity>1</Quantity>
			<Net>9.45</Net>
			<Clinician>GD10808</Clinician>
		</Activity>
		<Activity>
			<ID>2</ID>
			<Start>05/09/2013 07:43</Start>
			<Type>5</Type>
			<Code>1552-3448-007</Code>
			<Quantity>1</Quantity>
			<Net>28.8</Net>
			<Clinician>GD10808</Clinician>
		</Activity>
		<Activity>
			<ID>3</ID>
			<Start>05/09/2013 07:43</Start>
			<Type>5</Type>
			<Code>1320-3098-005</Code>
			<Quantity>2</Quantity>
			<Net>29.7</Net>
			<Clinician>GD10808</Clinician>
		</Activity>
		<Activity>
			<ID>4</ID>
			<Start>05/09/2013 07:43</Start>
			<Type>5</Type>
			<Code>1631-1758-002</Code>
			<Quantity>1</Quantity>
			<Net>80.1</Net>
			<Clinician>GD10808</Clinician>
		</Activity>
		<Activity>
			<ID>5</ID>
			<Start>05/09/2013 07:43</Start>
			<Type>5</Type>
			<Code>1650-1643-001</Code>
			<Quantity>1</Quantity>
			<Net>26.55</Net>
			<Clinician>GD10808</Clinician>
		</Activity>
		<Activity>
			<ID>6</ID>
			<Start>05/09/2013 07:43</Start>
			<Type>5</Type>
			<Code>1241-1457-013</Code>
			<Quantity>1</Quantity>
			<Net>21.6</Net>
			<Clinician>GD10808</Clinician>
		</Activity>
	</Claim>
	<Claim>
		<ID>1507734</ID>
		<IDPayer>
		</IDPayer>
		<MemberID>097110040046058002</MemberID>
		<PayerID>A012</PayerID>
		<ProviderID>PF1259</ProviderID>
		<EmiratesIDNumber>000-0000-0000000-0</EmiratesIDNumber>
		<Gross>197.08</Gross>
		<PatientShare>19.71</PatientShare>
		<Net>177.37</Net>
		<Encounter>
			<FacilityID>PF1259</FacilityID>
			<Type>1</Type>
			<PatientID>285027</PatientID>
			<Start>05/09/2013 21:06</Start>
			<End>05/09/2013 21:06</End>
		</Encounter>
		<Diagnosis>
			<Type>Principal</Type>
			<Code>655.73</Code>
		</Diagnosis>
		<Diagnosis>
			<Type>Secondary</Type>
			<Code>789.05</Code>
		</Diagnosis>
		<Diagnosis>
			<Type>Secondary</Type>
			<Code>356.8</Code>
		</Diagnosis>
		<Diagnosis>
			<Type>Secondary</Type>
			<Code>646.43</Code>
		</Diagnosis>
		<Activity>
			<ID>1</ID>
			<Start>05/09/2013 21:06</Start>
			<Type>5</Type>
			<Code>1489-4261-003</Code>
			<Quantity>1</Quantity>
			<Net>31.5</Net>
			<Clinician>GD12235</Clinician>
		</Activity>
		<Activity>
			<ID>2</ID>
			<Start>05/09/2013 21:06</Start>
			<Type>5</Type>
			<Code>1732-4855-002</Code>
			<Quantity>1</Quantity>
			<Net>35.1</Net>
			<Clinician>GD12235</Clinician>
		</Activity>
		<Activity>
			<ID>3</ID>
			<Start>05/09/2013 21:06</Start>
			<Type>5</Type>
			<Code>1118-5550-001</Code>
			<Quantity>1</Quantity>
			<Net>71.1</Net>
			<Clinician>GD12235</Clinician>
		</Activity>
		<Activity>
			<ID>4</ID>
			<Start>05/09/2013 21:06</Start>
			<Type>5</Type>
			<Code>1379-1865-002</Code>
			<Quantity>.04</Quantity>
			<Net>9.07</Net>
			<Clinician>GD12235</Clinician>
		</Activity>
		<Activity>
			<ID>5</ID>
			<Start>05/09/2013 21:06</Start>
			<Type>5</Type>
			<Code>1732-2204-002</Code>
			<Quantity>1</Quantity>
			<Net>30.6</Net>
			<Clinician>GD12235</Clinician>
		</Activity>
	</Claim>
	<Claim>
		<ID>1509460</ID>
		<IDPayer>
		</IDPayer>
		<MemberID>097110040045871901</MemberID>
		<PayerID>A012</PayerID>
		<ProviderID>PF1259</ProviderID>
		<EmiratesIDNumber>000-0000-0000000-0</EmiratesIDNumber>
		<Gross>168.5</Gross>
		<PatientShare>16.85</PatientShare>
		<Net>151.65</Net>
		<Encounter>
			<FacilityID>PF1259</FacilityID>
			<Type>1</Type>
			<PatientID>288754</PatientID>
			<Start>07/09/2013 16:32</Start>
			<End>07/09/2013 16:32</End>
		</Encounter>
		<Diagnosis>
			<Type>Principal</Type>
			<Code>373.11</Code>
		</Diagnosis>
		<Diagnosis>
			<Type>Secondary</Type>
			<Code>372.03</Code>
		</Diagnosis>
		<Diagnosis>
			<Type>Secondary</Type>
			<Code>372.14</Code>
		</Diagnosis>
		<Activity>
			<ID>1</ID>
			<Start>07/09/2013 16:32</Start>
			<Type>5</Type>
			<Code>1254-4220-001</Code>
			<Quantity>1</Quantity>
			<Net>23.85</Net>
			<Clinician>GD6092</Clinician>
		</Activity>
		<Activity>
			<ID>2</ID>
			<Start>07/09/2013 16:32</Start>
			<Type>5</Type>
			<Code>1671-1293-003</Code>
			<Quantity>1</Quantity>
			<Net>110.25</Net>
			<Clinician>GD6092</Clinician>
		</Activity>
		<Activity>
			<ID>3</ID>
			<Start>07/09/2013 16:32</Start>
			<Type>5</Type>
			<Code>1254-4220-002</Code>
			<Quantity>1</Quantity>
			<Net>17.55</Net>
			<Clinician>GD6092</Clinician>
		</Activity>
	</Claim>
	<Claim>
		<ID>1509271</ID>
		<IDPayer>
		</IDPayer>
		<MemberID>097110040038964101</MemberID>
		<PayerID>A012</PayerID>
		<ProviderID>PF1259</ProviderID>
		<EmiratesIDNumber>000-0000-0000000-0</EmiratesIDNumber>
		<Gross>41.5</Gross>
		<PatientShare>0</PatientShare>
		<Net>41.5</Net>
		<Encounter>
			<FacilityID>PF1259</FacilityID>
			<Type>1</Type>
			<PatientID>247826</PatientID>
			<Start>07/09/2013 18:17</Start>
			<End>07/09/2013 18:17</End>
		</Encounter>
		<Diagnosis>
			<Type>Principal</Type>
			<Code>692.89</Code>
		</Diagnosis>
		<Diagnosis>
			<Type>Secondary</Type>
			<Code>041.9</Code>
		</Diagnosis>
		<Activity>
			<ID>1</ID>
			<Start>07/09/2013 18:17</Start>
			<Type>5</Type>
			<Code>1497-2305-002</Code>
			<Quantity>1</Quantity>
			<Net>41.5</Net>
			<Clinician>GD6584</Clinician>
		</Activity>
	</Claim>
	<Claim>
		<ID>1510605</ID>
		<IDPayer>
		</IDPayer>
		<MemberID>097110330029578001</MemberID>
		<PayerID>A020</PayerID>
		<ProviderID>PF1259</ProviderID>
		<EmiratesIDNumber>000-0000-0000000-0</EmiratesIDNumber>
		<Gross>339.5</Gross>
		<PatientShare>0</PatientShare>
		<Net>339.5</Net>
		<Encounter>
			<FacilityID>PF1259</FacilityID>
			<Type>1</Type>
			<PatientID>24144</PatientID>
			<Start>08/09/2013 11:38</Start>
			<End>08/09/2013 11:38</End>
		</Encounter>
		<Diagnosis>
			<Type>Principal</Type>
			<Code>250.62</Code>
		</Diagnosis>
		<Diagnosis>
			<Type>Secondary</Type>
			<Code>357.2</Code>
		</Diagnosis>
		<Diagnosis>
			<Type>Secondary</Type>
			<Code>719.40</Code>
		</Diagnosis>
		<Diagnosis>
			<Type>Secondary</Type>
			<Code>V58.69</Code>
		</Diagnosis>
		<Diagnosis>
			<Type>Secondary</Type>
			<Code>268.9</Code>
		</Diagnosis>
		<Activity>
			<ID>1</ID>
			<Start>08/09/2013 11:38</Start>
			<Type>5</Type>
			<Code>1531-4675-001</Code>
			<Quantity>1</Quantity>
			<Net>295</Net>
			<Clinician>GD11973</Clinician>
		</Activity>
		<Activity>
			<ID>2</ID>
			<Start>08/09/2013 11:38</Start>
			<Type>5</Type>
			<Code>1283-1143-002</Code>
			<Quantity>1</Quantity>
			<Net>44.5</Net>
			<Clinician>GD11973</Clinician>
		</Activity>
	</Claim>
	<Claim>
		<ID>1510664</ID>
		<IDPayer>
		</IDPayer>
		<MemberID>097110040046058002</MemberID>
		<PayerID>A012</PayerID>
		<ProviderID>PF1259</ProviderID>
		<EmiratesIDNumber>000-0000-0000000-0</EmiratesIDNumber>
		<Gross>61</Gross>
		<PatientShare>6.1</PatientShare>
		<Net>54.9</Net>
		<Encounter>
			<FacilityID>PF1259</FacilityID>
			<Type>1</Type>
			<PatientID>285027</PatientID>
			<Start>08/09/2013 13:46</Start>
			<End>08/09/2013 13:46</End>
		</Encounter>
		<Diagnosis>
			<Type>Principal</Type>
			<Code>655.73</Code>
		</Diagnosis>
		<Diagnosis>
			<Type>Secondary</Type>
			<Code>789.05</Code>
		</Diagnosis>
		<Diagnosis>
			<Type>Secondary</Type>
			<Code>724.5</Code>
		</Diagnosis>
		<Diagnosis>
			<Type>Secondary</Type>
			<Code>649.53</Code>
		</Diagnosis>
		<Diagnosis>
			<Type>Secondary</Type>
			<Code>653.43</Code>
		</Diagnosis>
		<Diagnosis>
			<Type>Secondary</Type>
			<Code>787.3</Code>
		</Diagnosis>
		<Diagnosis>
			<Type>Secondary</Type>
			<Code>676.13</Code>
		</Diagnosis>
		<Diagnosis>
			<Type>Secondary</Type>
			<Code>648.73</Code>
		</Diagnosis>
		<Activity>
			<ID>1</ID>
			<Start>08/09/2013 13:46</Start>
			<Type>5</Type>
			<Code>1317-1465-001</Code>
			<Quantity>1</Quantity>
			<Net>10.8</Net>
			<Clinician>GD12235</Clinician>
		</Activity>
		<Activity>
			<ID>2</ID>
			<Start>08/09/2013 13:46</Start>
			<Type>5</Type>
			<Code>1465-3082-001</Code>
			<Quantity>1</Quantity>
			<Net>19.35</Net>
			<Clinician>GD12235</Clinician>
		</Activity>
		<Activity>
			<ID>3</ID>
			<Start>08/09/2013 13:46</Start>
			<Type>5</Type>
			<Code>2209-6110-002</Code>
			<Quantity>1</Quantity>
			<Net>9.45</Net>
			<Clinician>GD12235</Clinician>
		</Activity>
		<Activity>
			<ID>4</ID>
			<Start>08/09/2013 13:46</Start>
			<Type>5</Type>
			<Code>1805-1375-007</Code>
			<Quantity>1</Quantity>
			<Net>15.3</Net>
			<Clinician>GD12235</Clinician>
		</Activity>
	</Claim>
	<Claim>
		<ID>1510686</ID>
		<IDPayer>
		</IDPayer>
		<MemberID>097110040043835702</MemberID>
		<PayerID>A012</PayerID>
		<ProviderID>PF1259</ProviderID>
		<EmiratesIDNumber>000-0000-0000000-0</EmiratesIDNumber>
		<Gross>20.5</Gross>
		<PatientShare>0</PatientShare>
		<Net>20.5</Net>
		<Encounter>
			<FacilityID>PF1259</FacilityID>
			<Type>2</Type>
			<PatientID>288903</PatientID>
			<Start>08/09/2013 14:31</Start>
			<End>08/09/2013 14:31</End>
		</Encounter>
		<Diagnosis>
			<Type>Principal</Type>
			<Code>945.16</Code>
		</Diagnosis>
		<Diagnosis>
			<Type>Secondary</Type>
			<Code>E924.0</Code>
		</Diagnosis>
		<Activity>
			<ID>1</ID>
			<Start>08/09/2013 14:31</Start>
			<Type>5</Type>
			<Code>1472-1058-004</Code>
			<Quantity>1</Quantity>
			<Net>5.5</Net>
			<Clinician>GD16112</Clinician>
		</Activity>
		<Activity>
			<ID>2</ID>
			<Start>08/09/2013 14:31</Start>
			<Type>5</Type>
			<Code>1680-2733-007</Code>
			<Quantity>1</Quantity>
			<Net>15</Net>
			<Clinician>GD16112</Clinician>
		</Activity>
	</Claim>
	<Claim>
		<ID>1510433</ID>
		<IDPayer>
		</IDPayer>
		<MemberID>097110040042159401</MemberID>
		<PayerID>A012</PayerID>
		<ProviderID>PF1259</ProviderID>
		<EmiratesIDNumber>000-0000-0000000-0</EmiratesIDNumber>
		<Gross>223</Gross>
		<PatientShare>0</PatientShare>
		<Net>223</Net>
		<Encounter>
			<FacilityID>PF1259</FacilityID>
			<Type>1</Type>
			<PatientID>13282</PatientID>
			<Start>08/09/2013 19:19</Start>
			<End>08/09/2013 19:19</End>
		</Encounter>
		<Diagnosis>
			<Type>Principal</Type>
			<Code>722.10</Code>
		</Diagnosis>
		<Diagnosis>
			<Type>Secondary</Type>
			<Code>724.3</Code>
		</Diagnosis>
		<Diagnosis>
			<Type>Secondary</Type>
			<Code>724.4</Code>
		</Diagnosis>
		<Diagnosis>
			<Type>Secondary</Type>
			<Code>355.8</Code>
		</Diagnosis>
		<Diagnosis>
			<Type>Secondary</Type>
			<Code>728.85</Code>
		</Diagnosis>
		<Activity>
			<ID>1</ID>
			<Start>08/09/2013 19:19</Start>
			<Type>5</Type>
			<Code>1284-3638-003</Code>
			<Quantity>2</Quantity>
			<Net>34</Net>
			<Clinician>GD9904</Clinician>
		</Activity>
		<Activity>
			<ID>2</ID>
			<Start>08/09/2013 19:19</Start>
			<Type>5</Type>
			<Code>1121-6116-001</Code>
			<Quantity>3</Quantity>
			<Net>84</Net>
			<Clinician>GD9904</Clinician>
		</Activity>
		<Activity>
			<ID>3</ID>
			<Start>08/09/2013 19:19</Start>
			<Type>5</Type>
			<Code>1489-4261-003</Code>
			<Quantity>3</Quantity>
			<Net>105</Net>
			<Clinician>GD9904</Clinician>
		</Activity>
	</Claim>
	<Claim>
		<ID>1510450</ID>
		<IDPayer>
		</IDPayer>
		<MemberID>097110330036759402</MemberID>
		<PayerID>A020</PayerID>
		<ProviderID>PF1259</ProviderID>
		<EmiratesIDNumber>000-0000-0000000-0</EmiratesIDNumber>
		<Gross>413</Gross>
		<PatientShare>82.6</PatientShare>
		<Net>330.4</Net>
		<Encounter>
			<FacilityID>PF1259</FacilityID>
			<Type>1</Type>
			<PatientID>232694</PatientID>
			<Start>08/09/2013 21:31</Start>
			<End>08/09/2013 21:31</End>
		</Encounter>
		<Diagnosis>
			<Type>Principal</Type>
			<Code>682.3</Code>
		</Diagnosis>
		<Diagnosis>
			<Type>Secondary</Type>
			<Code>692.9</Code>
		</Diagnosis>
		<Diagnosis>
			<Type>Secondary</Type>
			<Code>708.9</Code>
		</Diagnosis>
		<Diagnosis>
			<Type>Secondary</Type>
			<Code>599.0</Code>
		</Diagnosis>
		<Diagnosis>
			<Type>Secondary</Type>
			<Code>285.9</Code>
		</Diagnosis>
		<Diagnosis>
			<Type>Secondary</Type>
			<Code>788.42</Code>
		</Diagnosis>
		<Activity>
			<ID>1</ID>
			<Start>08/09/2013 21:31</Start>
			<Type>5</Type>
			<Code>1635-4157-006</Code>
			<Quantity>1</Quantity>
			<Net>44.8</Net>
			<Clinician>D4259</Clinician>
		</Activity>
		<Activity>
			<ID>2</ID>
			<Start>08/09/2013 21:31</Start>
			<Type>5</Type>
			<Code>1497-2305-002</Code>
			<Quantity>2</Quantity>
			<Net>66.4</Net>
			<Clinician>D4259</Clinician>
		</Activity>
		<Activity>
			<ID>3</ID>
			<Start>08/09/2013 21:31</Start>
			<Type>5</Type>
			<Code>1635-4143-007</Code>
			<Quantity>2</Quantity>
			<Net>219.2</Net>
			<Clinician>D4259</Clinician>
		</Activity>
	</Claim>
	<Claim>
		<ID>1511686</ID>
		<IDPayer>
		</IDPayer>
		<MemberID>097110040045871901</MemberID>
		<PayerID>A012</PayerID>
		<ProviderID>PF1259</ProviderID>
		<EmiratesIDNumber>000-0000-0000000-0</EmiratesIDNumber>
		<Gross>124.5</Gross>
		<PatientShare>12.45</PatientShare>
		<Net>112.05</Net>
		<Encounter>
			<FacilityID>PF1259</FacilityID>
			<Type>1</Type>
			<PatientID>288754</PatientID>
			<Start>09/09/2013 17:45</Start>
			<End>09/09/2013 17:45</End>
		</Encounter>
		<Diagnosis>
			<Type>Principal</Type>
			<Code>373.11</Code>
		</Diagnosis>
		<Diagnosis>
			<Type>Secondary</Type>
			<Code>372.03</Code>
		</Diagnosis>
		<Activity>
			<ID>1</ID>
			<Start>09/09/2013 17:45</Start>
			<Type>5</Type>
			<Code>1300-1614-004</Code>
			<Quantity>1</Quantity>
			<Net>112.05</Net>
			<Clinician>GD6092</Clinician>
		</Activity>
	</Claim>
	<Claim>
		<ID>1511749</ID>
		<IDPayer>
		</IDPayer>
		<MemberID>097110040040523901</MemberID>
		<PayerID>A012</PayerID>
		<ProviderID>PF1259</ProviderID>
		<EmiratesIDNumber>000-0000-0000000-0</EmiratesIDNumber>
		<Gross>389.5</Gross>
		<PatientShare>38.95</PatientShare>
		<Net>350.55</Net>
		<Encounter>
			<FacilityID>PF1259</FacilityID>
			<Type>1</Type>
			<PatientID>243383</PatientID>
			<Start>09/09/2013 19:53</Start>
			<End>09/09/2013 19:53</End>
		</Encounter>
		<Diagnosis>
			<Type>Principal</Type>
			<Code>535.00</Code>
		</Diagnosis>
		<Diagnosis>
			<Type>Secondary</Type>
			<Code>530.11</Code>
		</Diagnosis>
		<Activity>
			<ID>1</ID>
			<Start>09/09/2013 19:53</Start>
			<Type>5</Type>
			<Code>1465-3492-003</Code>
			<Quantity>4</Quantity>
			<Net>331.2</Net>
			<Clinician>GD11973</Clinician>
		</Activity>
		<Activity>
			<ID>2</ID>
			<Start>09/09/2013 19:53</Start>
			<Type>5</Type>
			<Code>1465-3082-001</Code>
			<Quantity>1</Quantity>
			<Net>19.35</Net>
			<Clinician>GD11973</Clinician>
		</Activity>
	</Claim>
	<Claim>
		<ID>1511805</ID>
		<IDPayer>
		</IDPayer>
		<MemberID>097110330036759402</MemberID>
		<PayerID>A020</PayerID>
		<ProviderID>PF1259</ProviderID>
		<EmiratesIDNumber>000-0000-0000000-0</EmiratesIDNumber>
		<Gross>141</Gross>
		<PatientShare>28.2</PatientShare>
		<Net>112.8</Net>
		<Encounter>
			<FacilityID>PF1259</FacilityID>
			<Type>1</Type>
			<PatientID>232694</PatientID>
			<Start>09/09/2013 20:22</Start>
			<End>09/09/2013 20:22</End>
		</Encounter>
		<Diagnosis>
			<Type>Principal</Type>
			<Code>682.3</Code>
		</Diagnosis>
		<Diagnosis>
			<Type>Secondary</Type>
			<Code>692.9</Code>
		</Diagnosis>
		<Diagnosis>
			<Type>Secondary</Type>
			<Code>708.9</Code>
		</Diagnosis>
		<Diagnosis>
			<Type>Secondary</Type>
			<Code>599.0</Code>
		</Diagnosis>
		<Diagnosis>
			<Type>Secondary</Type>
			<Code>616.10</Code>
		</Diagnosis>
		<Activity>
			<ID>1</ID>
			<Start>09/09/2013 20:22</Start>
			<Type>5</Type>
			<Code>1472-2437-003</Code>
			<Quantity>2</Quantity>
			<Net>28</Net>
			<Clinician>D4259</Clinician>
		</Activity>
		<Activity>
			<ID>2</ID>
			<Start>09/09/2013 20:22</Start>
			<Type>5</Type>
			<Code>1523-6595-001</Code>
			<Quantity>2</Quantity>
			<Net>84.8</Net>
			<Clinician>D4259</Clinician>
		</Activity>
	</Claim>
	<Claim>
		<ID>1511861</ID>
		<IDPayer>
		</IDPayer>
		<MemberID>097110040017710201</MemberID>
		<PayerID>A012</PayerID>
		<ProviderID>PF1259</ProviderID>
		<EmiratesIDNumber>000-0000-0000000-0</EmiratesIDNumber>
		<Gross>73</Gross>
		<PatientShare>7.3</PatientShare>
		<Net>65.7</Net>
		<Encounter>
			<FacilityID>PF1259</FacilityID>
			<Type>1</Type>
			<PatientID>155102</PatientID>
			<Start>09/09/2013 20:58</Start>
			<End>09/09/2013 20:58</End>
		</Encounter>
		<Diagnosis>
			<Type>Principal</Type>
			<Code>574.10</Code>
		</Diagnosis>
		<Diagnosis>
			<Type>Secondary</Type>
			<Code>789.01</Code>
		</Diagnosis>
		<Diagnosis>
			<Type>Secondary</Type>
			<Code>789.1</Code>
		</Diagnosis>
		<Activity>
			<ID>1</ID>
			<Start>09/09/2013 20:58</Start>
			<Type>5</Type>
			<Code>1129-2012-002</Code>
			<Quantity>1</Quantity>
			<Net>47.25</Net>
			<Clinician>GD12866</Clinician>
		</Activity>
		<Activity>
			<ID>2</ID>
			<Start>09/09/2013 20:58</Start>
			<Type>5</Type>
			<Code>1629-3858-002</Code>
			<Quantity>1</Quantity>
			<Net>18.45</Net>
			<Clinician>GD12866</Clinician>
		</Activity>
	</Claim>
	<Claim>
		<ID>1512701</ID>
		<IDPayer>
		</IDPayer>
		<MemberID>097110040017679801</MemberID>
		<PayerID>A012</PayerID>
		<ProviderID>PF1259</ProviderID>
		<EmiratesIDNumber>000-0000-0000000-0</EmiratesIDNumber>
		<Gross>286.5</Gross>
		<PatientShare>28.65</PatientShare>
		<Net>257.85</Net>
		<Encounter>
			<FacilityID>PF1259</FacilityID>
			<Type>1</Type>
			<PatientID>62320</PatientID>
			<Start>10/09/2013 13:56</Start>
			<End>10/09/2013 13:56</End>
		</Encounter>
		<Diagnosis>
			<Type>Principal</Type>
			<Code>274.00</Code>
		</Diagnosis>
		<Diagnosis>
			<Type>Secondary</Type>
			<Code>719.47</Code>
		</Diagnosis>
		<Activity>
			<ID>1</ID>
			<Start>10/09/2013 13:56</Start>
			<Type>5</Type>
			<Code>1556-4476-016</Code>
			<Quantity>2</Quantity>
			<Net>91.8</Net>
			<Clinician>GD9904</Clinician>
		</Activity>
		<Activity>
			<ID>2</ID>
			<Start>10/09/2013 13:56</Start>
			<Type>5</Type>
			<Code>1508-4331-001</Code>
			<Quantity>1</Quantity>
			<Net>60.3</Net>
			<Clinician>GD9904</Clinician>
		</Activity>
		<Activity>
			<ID>3</ID>
			<Start>10/09/2013 13:56</Start>
			<Type>5</Type>
			<Code>1697-1953-001</Code>
			<Quantity>2</Quantity>
			<Net>58.5</Net>
			<Clinician>GD9904</Clinician>
		</Activity>
		<Activity>
			<ID>4</ID>
			<Start>10/09/2013 13:56</Start>
			<Type>5</Type>
			<Code>1567-4599-002</Code>
			<Quantity>1</Quantity>
			<Net>47.25</Net>
			<Clinician>GD9904</Clinician>
		</Activity>
	</Claim>
	<Claim>
		<ID>1514125</ID>
		<IDPayer>
		</IDPayer>
		<MemberID>097110040044878501</MemberID>
		<PayerID>A012</PayerID>
		<ProviderID>PF1259</ProviderID>
		<EmiratesIDNumber>000-0000-0000000-0</EmiratesIDNumber>
		<Gross>30</Gross>
		<PatientShare>3</PatientShare>
		<Net>27</Net>
		<Encounter>
			<FacilityID>PF1259</FacilityID>
			<Type>1</Type>
			<PatientID>273942</PatientID>
			<Start>11/09/2013 18:19</Start>
			<End>11/09/2013 18:19</End>
		</Encounter>
		<Diagnosis>
			<Type>Principal</Type>
			<Code>783.22</Code>
		</Diagnosis>
		<Diagnosis>
			<Type>Secondary</Type>
			<Code>268.0</Code>
		</Diagnosis>
		<Diagnosis>
			<Type>Secondary</Type>
			<Code>285.9</Code>
		</Diagnosis>
		<Activity>
			<ID>1</ID>
			<Start>11/09/2013 18:19</Start>
			<Type>5</Type>
			<Code>1732-2204-001</Code>
			<Quantity>1</Quantity>
			<Net>27</Net>
			<Clinician>GD12020</Clinician>
		</Activity>
	</Claim>
	<Claim>
		<ID>1515248</ID>
		<IDPayer>
		</IDPayer>
		<MemberID>097110040045871901</MemberID>
		<PayerID>A012</PayerID>
		<ProviderID>PF1259</ProviderID>
		<EmiratesIDNumber>000-0000-0000000-0</EmiratesIDNumber>
		<Gross>122.5</Gross>
		<PatientShare>12.25</PatientShare>
		<Net>110.25</Net>
		<Encounter>
			<FacilityID>PF1259</FacilityID>
			<Type>1</Type>
			<PatientID>288754</PatientID>
			<Start>12/09/2013 14:56</Start>
			<End>12/09/2013 14:56</End>
		</Encounter>
		<Diagnosis>
			<Type>Principal</Type>
			<Code>373.11</Code>
		</Diagnosis>
		<Diagnosis>
			<Type>Secondary</Type>
			<Code>372.03</Code>
		</Diagnosis>
		<Activity>
			<ID>1</ID>
			<Start>12/09/2013 14:56</Start>
			<Type>5</Type>
			<Code>1671-1293-003</Code>
			<Quantity>1</Quantity>
			<Net>110.25</Net>
			<Clinician>GD6092</Clinician>
		</Activity>
	</Claim>
	<Claim>
		<ID>1515551</ID>
		<IDPayer>
		</IDPayer>
		<MemberID>097110040043694802</MemberID>
		<PayerID>A012</PayerID>
		<ProviderID>PF1259</ProviderID>
		<EmiratesIDNumber>000-0000-0000000-0</EmiratesIDNumber>
		<Gross>125.5</Gross>
		<PatientShare>0</PatientShare>
		<Net>125.5</Net>
		<Encounter>
			<FacilityID>PF1259</FacilityID>
			<Type>1</Type>
			<PatientID>262298</PatientID>
			<Start>13/09/2013 11:17</Start>
			<End>13/09/2013 11:17</End>
		</Encounter>
		<Diagnosis>
			<Type>Principal</Type>
			<Code>462</Code>
		</Diagnosis>
		<Diagnosis>
			<Type>Secondary</Type>
			<Code>382.9</Code>
		</Diagnosis>
		<Diagnosis>
			<Type>Secondary</Type>
			<Code>780.60</Code>
		</Diagnosis>
		<Activity>
			<ID>1</ID>
			<Start>13/09/2013 11:17</Start>
			<Type>5</Type>
			<Code>1250-3388-001</Code>
			<Quantity>1</Quantity>
			<Net>67</Net>
			<Clinician>GD11892</Clinician>
		</Activity>
		<Activity>
			<ID>2</ID>
			<Start>13/09/2013 11:17</Start>
			<Type>5</Type>
			<Code>2413-1457-011</Code>
			<Quantity>1</Quantity>
			<Net>12</Net>
			<Clinician>GD11892</Clinician>
		</Activity>
		<Activity>
			<ID>3</ID>
			<Start>13/09/2013 11:17</Start>
			<Type>5</Type>
			<Code>1556-4476-007</Code>
			<Quantity>1</Quantity>
			<Net>46.5</Net>
			<Clinician>GD11892</Clinician>
		</Activity>
	</Claim>
	<Claim>
		<ID>1515533</ID>
		<IDPayer>
		</IDPayer>
		<MemberID>097110040039203401</MemberID>
		<PayerID>A012</PayerID>
		<ProviderID>PF1259</ProviderID>
		<EmiratesIDNumber>000-0000-0000000-0</EmiratesIDNumber>
		<Gross>8.5</Gross>
		<PatientShare>.85</PatientShare>
		<Net>7.65</Net>
		<Encounter>
			<FacilityID>PF1259</FacilityID>
			<Type>1</Type>
			<PatientID>217168</PatientID>
			<Start>13/09/2013 11:33</Start>
			<End>13/09/2013 11:33</End>
		</Encounter>
		<Diagnosis>
			<Type>Principal</Type>
			<Code>787.91</Code>
		</Diagnosis>
		<Activity>
			<ID>1</ID>
			<Start>13/09/2013 11:33</Start>
			<Type>5</Type>
			<Code>1472-2700-001</Code>
			<Quantity>1</Quantity>
			<Net>7.65</Net>
			<Clinician>GD11892</Clinician>
		</Activity>
	</Claim>
	<Claim>
		<ID>1515555</ID>
		<IDPayer>
		</IDPayer>
		<MemberID>097110050042446602</MemberID>
		<PayerID>A036</PayerID>
		<ProviderID>PF1259</ProviderID>
		<EmiratesIDNumber>000-0000-0000000-0</EmiratesIDNumber>
		<Gross>5.5</Gross>
		<PatientShare>0</PatientShare>
		<Net>5.5</Net>
		<Encounter>
			<FacilityID>PF1259</FacilityID>
			<Type>2</Type>
			<PatientID>288859</PatientID>
			<Start>13/09/2013 13:00</Start>
			<End>13/09/2013 13:00</End>
		</Encounter>
		<Diagnosis>
			<Type>Principal</Type>
			<Code>535.00</Code>
		</Diagnosis>
		<Diagnosis>
			<Type>Secondary</Type>
			<Code>789.06</Code>
		</Diagnosis>
		<Diagnosis>
			<Type>Secondary</Type>
			<Code>276.51</Code>
		</Diagnosis>
		<Diagnosis>
			<Type>Secondary</Type>
			<Code>788.1</Code>
		</Diagnosis>
		<Diagnosis>
			<Type>Secondary</Type>
			<Code>643.90</Code>
		</Diagnosis>
		<Diagnosis>
			<Type>Secondary</Type>
			<Code>787.01</Code>
		</Diagnosis>
		<Activity>
			<ID>1</ID>
			<Start>13/09/2013 13:00</Start>
			<Type>5</Type>
			<Code>1713-3160-001</Code>
			<Quantity>1</Quantity>
			<Net>5.5</Net>
			<Clinician>GD10808</Clinician>
		</Activity>
	</Claim>
	<Claim>
		<ID>1515574</ID>
		<IDPayer>
		</IDPayer>
		<MemberID>097110330045873401</MemberID>
		<PayerID>A020</PayerID>
		<ProviderID>PF1259</ProviderID>
		<EmiratesIDNumber>000-0000-0000000-0</EmiratesIDNumber>
		<Gross>83</Gross>
		<PatientShare>16.6</PatientShare>
		<Net>66.4</Net>
		<Encounter>
			<FacilityID>PF1259</FacilityID>
			<Type>1</Type>
			<PatientID>289758</PatientID>
			<Start>13/09/2013 19:26</Start>
			<End>13/09/2013 19:26</End>
		</Encounter>
		<Diagnosis>
			<Type>Principal</Type>
			<Code>723.1</Code>
		</Diagnosis>
		<Diagnosis>
			<Type>Secondary</Type>
			<Code>723.3</Code>
		</Diagnosis>
		<Activity>
			<ID>1</ID>
			<Start>13/09/2013 19:26</Start>
			<Type>5</Type>
			<Code>1556-4476-016</Code>
			<Quantity>1</Quantity>
			<Net>40.8</Net>
			<Clinician>GD6132</Clinician>
		</Activity>
		<Activity>
			<ID>2</ID>
			<Start>13/09/2013 19:26</Start>
			<Type>5</Type>
			<Code>1697-3724-002</Code>
			<Quantity>1</Quantity>
			<Net>25.6</Net>
			<Clinician>GD6132</Clinician>
		</Activity>
	</Claim>
	<Claim>
		<ID>1516832</ID>
		<IDPayer>
		</IDPayer>
		<MemberID>097110040046058002</MemberID>
		<PayerID>A012</PayerID>
		<ProviderID>PF1259</ProviderID>
		<EmiratesIDNumber>000-0000-0000000-0</EmiratesIDNumber>
		<Gross>227.5</Gross>
		<PatientShare>22.75</PatientShare>
		<Net>204.75</Net>
		<Encounter>
			<FacilityID>PF1259</FacilityID>
			<Type>1</Type>
			<PatientID>285027</PatientID>
			<Start>14/09/2013 12:01</Start>
			<End>14/09/2013 12:01</End>
		</Encounter>
		<Diagnosis>
			<Type>Principal</Type>
			<Code>V67.09</Code>
		</Diagnosis>
		<Diagnosis>
			<Type>Secondary</Type>
			<Code>724.5</Code>
		</Diagnosis>
		<Diagnosis>
			<Type>Secondary</Type>
			<Code>789.05</Code>
		</Diagnosis>
		<Diagnosis>
			<Type>Secondary</Type>
			<Code>787.3</Code>
		</Diagnosis>
		<Diagnosis>
			<Type>Secondary</Type>
			<Code>786.05</Code>
		</Diagnosis>
		<Diagnosis>
			<Type>Secondary</Type>
			<Code>564.00</Code>
		</Diagnosis>
		<Diagnosis>
			<Type>Secondary</Type>
			<Code>676.14</Code>
		</Diagnosis>
		<Diagnosis>
			<Type>Secondary</Type>
			<Code>719.49</Code>
		</Diagnosis>
		<Diagnosis>
			<Type>Secondary</Type>
			<Code>575.0</Code>
		</Diagnosis>
		<Activity>
			<ID>1</ID>
			<Start>14/09/2013 12:01</Start>
			<Type>5</Type>
			<Code>2209-6110-001</Code>
			<Quantity>1</Quantity>
			<Net>5.85</Net>
			<Clinician>GD12235</Clinician>
		</Activity>
		<Activity>
			<ID>2</ID>
			<Start>14/09/2013 12:01</Start>
			<Type>5</Type>
			<Code>1523-2932-005</Code>
			<Quantity>1</Quantity>
			<Net>72.9</Net>
			<Clinician>GD12235</Clinician>
		</Activity>
		<Activity>
			<ID>3</ID>
			<Start>14/09/2013 12:01</Start>
			<Type>5</Type>
			<Code>1472-1660-003</Code>
			<Quantity>1</Quantity>
			<Net>37.8</Net>
			<Clinician>GD12235</Clinician>
		</Activity>
		<Activity>
			<ID>4</ID>
			<Start>14/09/2013 12:01</Start>
			<Type>5</Type>
			<Code>1464-1968-001</Code>
			<Quantity>1</Quantity>
			<Net>12.6</Net>
			<Clinician>GD12235</Clinician>
		</Activity>
		<Activity>
			<ID>5</ID>
			<Start>14/09/2013 12:01</Start>
			<Type>5</Type>
			<Code>1387-2410-003</Code>
			<Quantity>2</Quantity>
			<Net>18</Net>
			<Clinician>GD12235</Clinician>
		</Activity>
		<Activity>
			<ID>6</ID>
			<Start>14/09/2013 12:01</Start>
			<Type>5</Type>
			<Code>1317-1465-001</Code>
			<Quantity>1</Quantity>
			<Net>10.8</Net>
			<Clinician>GD12235</Clinician>
		</Activity>
		<Activity>
			<ID>7</ID>
			<Start>14/09/2013 12:01</Start>
			<Type>5</Type>
			<Code>1489-2990-006</Code>
			<Quantity>1</Quantity>
			<Net>33.3</Net>
			<Clinician>GD12235</Clinician>
		</Activity>
		<Activity>
			<ID>8</ID>
			<Start>14/09/2013 12:01</Start>
			<Type>5</Type>
			<Code>1472-3642-001</Code>
			<Quantity>1</Quantity>
			<Net>13.5</Net>
			<Clinician>GD12235</Clinician>
		</Activity>
	</Claim>
	<Claim>
		<ID>1517018</ID>
		<IDPayer>
		</IDPayer>
		<MemberID>097110040029540702</MemberID>
		<PayerID>A012</PayerID>
		<ProviderID>PF1259</ProviderID>
		<EmiratesIDNumber>000-0000-0000000-0</EmiratesIDNumber>
		<Gross>99.5</Gross>
		<PatientShare>9.95</PatientShare>
		<Net>89.55</Net>
		<Encounter>
			<FacilityID>PF1259</FacilityID>
			<Type>1</Type>
			<PatientID>145850</PatientID>
			<Start>14/09/2013 18:12</Start>
			<End>14/09/2013 18:12</End>
		</Encounter>
		<Diagnosis>
			<Type>Principal</Type>
			<Code>478.9</Code>
		</Diagnosis>
		<Diagnosis>
			<Type>Secondary</Type>
			<Code>382.9</Code>
		</Diagnosis>
		<Diagnosis>
			<Type>Secondary</Type>
			<Code>477.9</Code>
		</Diagnosis>
		<Activity>
			<ID>1</ID>
			<Start>14/09/2013 18:12</Start>
			<Type>5</Type>
			<Code>1523-4583-002</Code>
			<Quantity>2</Quantity>
			<Net>75.6</Net>
			<Clinician>GD12020</Clinician>
		</Activity>
		<Activity>
			<ID>2</ID>
			<Start>14/09/2013 18:12</Start>
			<Type>5</Type>
			<Code>1552-3448-002</Code>
			<Quantity>1</Quantity>
			<Net>13.95</Net>
			<Clinician>GD12020</Clinician>
		</Activity>
	</Claim>
	<Claim>
		<ID>1518074</ID>
		<IDPayer>
		</IDPayer>
		<MemberID>097110040045871901</MemberID>
		<PayerID>A012</PayerID>
		<ProviderID>PF1259</ProviderID>
		<EmiratesIDNumber>000-0000-0000000-0</EmiratesIDNumber>
		<Gross>72.5</Gross>
		<PatientShare>7.25</PatientShare>
		<Net>65.25</Net>
		<Encounter>
			<FacilityID>PF1259</FacilityID>
			<Type>1</Type>
			<PatientID>288754</PatientID>
			<Start>15/09/2013 16:54</Start>
			<End>15/09/2013 16:54</End>
		</Encounter>
		<Diagnosis>
			<Type>Principal</Type>
			<Code>373.11</Code>
		</Diagnosis>
		<Diagnosis>
			<Type>Secondary</Type>
			<Code>372.03</Code>
		</Diagnosis>
		<Diagnosis>
			<Type>Secondary</Type>
			<Code>372.14</Code>
		</Diagnosis>
		<Activity>
			<ID>1</ID>
			<Start>15/09/2013 16:54</Start>
			<Type>5</Type>
			<Code>1254-4220-002</Code>
			<Quantity>1</Quantity>
			<Net>17.55</Net>
			<Clinician>GD6092</Clinician>
		</Activity>
		<Activity>
			<ID>2</ID>
			<Start>15/09/2013 16:54</Start>
			<Type>5</Type>
			<Code>1254-4220-001</Code>
			<Quantity>2</Quantity>
			<Net>47.7</Net>
			<Clinician>GD6092</Clinician>
		</Activity>
	</Claim>
	<Claim>
		<ID>1519361</ID>
		<IDPayer>
		</IDPayer>
		<MemberID>097110040039650702</MemberID>
		<PayerID>A012</PayerID>
		<ProviderID>PF1259</ProviderID>
		<EmiratesIDNumber>000-0000-0000000-0</EmiratesIDNumber>
		<Gross>416</Gross>
		<PatientShare>41.6</PatientShare>
		<Net>374.4</Net>
		<Encounter>
			<FacilityID>PF1259</FacilityID>
			<Type>1</Type>
			<PatientID>228375</PatientID>
			<Start>16/09/2013 12:10</Start>
			<End>16/09/2013 12:10</End>
		</Encounter>
		<Diagnosis>
			<Type>Principal</Type>
			<Code>493.00</Code>
		</Diagnosis>
		<Diagnosis>
			<Type>Secondary</Type>
			<Code>465.8</Code>
		</Diagnosis>
		<Diagnosis>
			<Type>Secondary</Type>
			<Code>528.2</Code>
		</Diagnosis>
		<Diagnosis>
			<Type>Secondary</Type>
			<Code>389.06</Code>
		</Diagnosis>
		<Activity>
			<ID>1</ID>
			<Start>16/09/2013 12:10</Start>
			<Type>5</Type>
			<Code>1241-2728-004</Code>
			<Quantity>1</Quantity>
			<Net>71.55</Net>
			<Clinician>GD6137</Clinician>
		</Activity>
		<Activity>
			<ID>2</ID>
			<Start>16/09/2013 12:10</Start>
			<Type>5</Type>
			<Code>1531-3976-001</Code>
			<Quantity>1</Quantity>
			<Net>172.35</Net>
			<Clinician>GD6137</Clinician>
		</Activity>
		<Activity>
			<ID>3</ID>
			<Start>16/09/2013 12:10</Start>
			<Type>5</Type>
			<Code>1650-1078-001</Code>
			<Quantity>2</Quantity>
			<Net>64.8</Net>
			<Clinician>GD6137</Clinician>
		</Activity>
		<Activity>
			<ID>4</ID>
			<Start>16/09/2013 12:10</Start>
			<Type>5</Type>
			<Code>1650-3153-001</Code>
			<Quantity>1</Quantity>
			<Net>65.7</Net>
			<Clinician>GD6137</Clinician>
		</Activity>
	</Claim>
	<Claim>
		<ID>1519433</ID>
		<IDPayer>
		</IDPayer>
		<MemberID>097110040045871901</MemberID>
		<PayerID>A012</PayerID>
		<ProviderID>PF1259</ProviderID>
		<EmiratesIDNumber>000-0000-0000000-0</EmiratesIDNumber>
		<Gross>204</Gross>
		<PatientShare>20.4</PatientShare>
		<Net>183.6</Net>
		<Encounter>
			<FacilityID>PF1259</FacilityID>
			<Type>1</Type>
			<PatientID>288754</PatientID>
			<Start>16/09/2013 17:28</Start>
			<End>16/09/2013 17:28</End>
		</Encounter>
		<Diagnosis>
			<Type>Principal</Type>
			<Code>372.14</Code>
		</Diagnosis>
		<Diagnosis>
			<Type>Secondary</Type>
			<Code>371.9</Code>
		</Diagnosis>
		<Diagnosis>
			<Type>Secondary</Type>
			<Code>372.03</Code>
		</Diagnosis>
		<Activity>
			<ID>1</ID>
			<Start>16/09/2013 17:28</Start>
			<Type>5</Type>
			<Code>2453-6424-002</Code>
			<Quantity>3</Quantity>
			<Net>183.6</Net>
			<Clinician>GD6092</Clinician>
		</Activity>
	</Claim>
	<Claim>
		<ID>1519235</ID>
		<IDPayer>
		</IDPayer>
		<MemberID>097110330039342602</MemberID>
		<PayerID>A020</PayerID>
		<ProviderID>PF1259</ProviderID>
		<EmiratesIDNumber>000-0000-0000000-0</EmiratesIDNumber>
		<Gross>47.5</Gross>
		<PatientShare>9.5</PatientShare>
		<Net>38</Net>
		<Encounter>
			<FacilityID>PF1259</FacilityID>
			<Type>1</Type>
			<PatientID>131483</PatientID>
			<Start>16/09/2013 21:20</Start>
			<End>16/09/2013 21:20</End>
		</Encounter>
		<Diagnosis>
			<Type>Principal</Type>
			<Code>626.1</Code>
		</Diagnosis>
		<Diagnosis>
			<Type>Secondary</Type>
			<Code>789.05</Code>
		</Diagnosis>
		<Diagnosis>
			<Type>Secondary</Type>
			<Code>780.79</Code>
		</Diagnosis>
		<Diagnosis>
			<Type>Secondary</Type>
			<Code>253.1</Code>
		</Diagnosis>
		<Diagnosis>
			<Type>Secondary</Type>
			<Code>611.6</Code>
		</Diagnosis>
		<Activity>
			<ID>1</ID>
			<Start>16/09/2013 21:20</Start>
			<Type>5</Type>
			<Code>1601-1973-001</Code>
			<Quantity>1</Quantity>
			<Net>38</Net>
			<Clinician>GD12235</Clinician>
		</Activity>
	</Claim>
	<Claim>
		<ID>1520503</ID>
		<IDPayer>
		</IDPayer>
		<MemberID>097110330040751602</MemberID>
		<PayerID>A020</PayerID>
		<ProviderID>PF1259</ProviderID>
		<EmiratesIDNumber>000-0000-0000000-0</EmiratesIDNumber>
		<Gross>421</Gross>
		<PatientShare>84.2</PatientShare>
		<Net>336.8</Net>
		<Encounter>
			<FacilityID>PF1259</FacilityID>
			<Type>1</Type>
			<PatientID>266628</PatientID>
			<Start>17/09/2013 22:53</Start>
			<End>17/09/2013 22:53</End>
		</Encounter>
		<Diagnosis>
			<Type>Principal</Type>
			<Code>462</Code>
		</Diagnosis>
		<Diagnosis>
			<Type>Secondary</Type>
			<Code>465.9</Code>
		</Diagnosis>
		<Diagnosis>
			<Type>Secondary</Type>
			<Code>786.2</Code>
		</Diagnosis>
		<Diagnosis>
			<Type>Secondary</Type>
			<Code>009.0</Code>
		</Diagnosis>
		<Diagnosis>
			<Type>Secondary</Type>
			<Code>535.00</Code>
		</Diagnosis>
		<Diagnosis>
			<Type>Secondary</Type>
			<Code>530.11</Code>
		</Diagnosis>
		<Activity>
			<ID>1</ID>
			<Start>17/09/2013 22:53</Start>
			<Type>5</Type>
			<Code>1241-2728-005</Code>
			<Quantity>1</Quantity>
			<Net>150.8</Net>
			<Clinician>GD15708</Clinician>
		</Activity>
		<Activity>
			<ID>2</ID>
			<Start>17/09/2013 22:53</Start>
			<Type>5</Type>
			<Code>1650-1643-001</Code>
			<Quantity>1</Quantity>
			<Net>23.6</Net>
			<Clinician>GD15708</Clinician>
		</Activity>
		<Activity>
			<ID>3</ID>
			<Start>17/09/2013 22:53</Start>
			<Type>5</Type>
			<Code>1665-3464-020</Code>
			<Quantity>1</Quantity>
			<Net>10.8</Net>
			<Clinician>GD15708</Clinician>
		</Activity>
		<Activity>
			<ID>4</ID>
			<Start>17/09/2013 22:53</Start>
			<Type>5</Type>
			<Code>1320-3098-005</Code>
			<Quantity>1</Quantity>
			<Net>13.2</Net>
			<Clinician>GD15708</Clinician>
		</Activity>
		<Activity>
			<ID>5</ID>
			<Start>17/09/2013 22:53</Start>
			<Type>5</Type>
			<Code>2325-3485-007</Code>
			<Quantity>2</Quantity>
			<Net>114.4</Net>
			<Clinician>GD15708</Clinician>
		</Activity>
		<Activity>
			<ID>6</ID>
			<Start>17/09/2013 22:53</Start>
			<Type>5</Type>
			<Code>1317-1465-001</Code>
			<Quantity>1</Quantity>
			<Net>9.6</Net>
			<Clinician>GD15708</Clinician>
		</Activity>
		<Activity>
			<ID>7</ID>
			<Start>17/09/2013 22:53</Start>
			<Type>5</Type>
			<Code>2214-2228-007</Code>
			<Quantity>1</Quantity>
			<Net>14.4</Net>
			<Clinician>GD15708</Clinician>
		</Activity>
	</Claim>
	<Claim>
		<ID>1521542</ID>
		<IDPayer>
		</IDPayer>
		<MemberID>097110040019354601</MemberID>
		<PayerID>A012</PayerID>
		<ProviderID>PF1259</ProviderID>
		<EmiratesIDNumber>000-0000-0000000-0</EmiratesIDNumber>
		<Gross>232.5</Gross>
		<PatientShare>23.25</PatientShare>
		<Net>209.25</Net>
		<Encounter>
			<FacilityID>PF1259</FacilityID>
			<Type>1</Type>
			<PatientID>73439</PatientID>
			<Start>18/09/2013 11:27</Start>
			<End>18/09/2013 11:27</End>
		</Encounter>
		<Diagnosis>
			<Type>Principal</Type>
			<Code>461.9</Code>
		</Diagnosis>
		<Diagnosis>
			<Type>Secondary</Type>
			<Code>477.8</Code>
		</Diagnosis>
		<Diagnosis>
			<Type>Secondary</Type>
			<Code>784.0</Code>
		</Diagnosis>
		<Diagnosis>
			<Type>Secondary</Type>
			<Code>786.2</Code>
		</Diagnosis>
		<Activity>
			<ID>1</ID>
			<Start>18/09/2013 11:27</Start>
			<Type>5</Type>
			<Code>2405-6584-001</Code>
			<Quantity>1</Quantity>
			<Net>39.15</Net>
			<Clinician>D5921</Clinician>
		</Activity>
		<Activity>
			<ID>2</ID>
			<Start>18/09/2013 11:27</Start>
			<Type>5</Type>
			<Code>1556-4622-003</Code>
			<Quantity>1</Quantity>
			<Net>63.45</Net>
			<Clinician>D5921</Clinician>
		</Activity>
		<Activity>
			<ID>3</ID>
			<Start>18/09/2013 11:27</Start>
			<Type>5</Type>
			<Code>1650-1643-001</Code>
			<Quantity>1</Quantity>
			<Net>26.55</Net>
			<Clinician>D5921</Clinician>
		</Activity>
		<Activity>
			<ID>4</ID>
			<Start>18/09/2013 11:27</Start>
			<Type>5</Type>
			<Code>1631-1758-002</Code>
			<Quantity>1</Quantity>
			<Net>80.1</Net>
			<Clinician>D5921</Clinician>
		</Activity>
	</Claim>
	<Claim>
		<ID>1521654</ID>
		<IDPayer>
		</IDPayer>
		<MemberID>097110040026981801</MemberID>
		<PayerID>A012</PayerID>
		<ProviderID>PF1259</ProviderID>
		<EmiratesIDNumber>000-0000-0000000-0</EmiratesIDNumber>
		<Gross>133.26</Gross>
		<PatientShare>13.33</PatientShare>
		<Net>119.93</Net>
		<Encounter>
			<FacilityID>PF1259</FacilityID>
			<Type>1</Type>
			<PatientID>130358</PatientID>
			<Start>18/09/2013 13:27</Start>
			<End>18/09/2013 13:27</End>
		</Encounter>
		<Diagnosis>
			<Type>Principal</Type>
			<Code>461.9</Code>
		</Diagnosis>
		<Diagnosis>
			<Type>Secondary</Type>
			<Code>462</Code>
		</Diagnosis>
		<Diagnosis>
			<Type>Secondary</Type>
			<Code>786.2</Code>
		</Diagnosis>
		<Diagnosis>
			<Type>Secondary</Type>
			<Code>490</Code>
		</Diagnosis>
		<Activity>
			<ID>1</ID>
			<Start>18/09/2013 13:27</Start>
			<Type>5</Type>
			<Code>1556-4622-003</Code>
			<Quantity>.5</Quantity>
			<Net>31.73</Net>
			<Clinician>D5921</Clinician>
		</Activity>
		<Activity>
			<ID>2</ID>
			<Start>18/09/2013 13:27</Start>
			<Type>5</Type>
			<Code>1650-1643-001</Code>
			<Quantity>1</Quantity>
			<Net>26.55</Net>
			<Clinician>D5921</Clinician>
		</Activity>
		<Activity>
			<ID>3</ID>
			<Start>18/09/2013 13:27</Start>
			<Type>5</Type>
			<Code>1552-3971-001</Code>
			<Quantity>1</Quantity>
			<Net>22.5</Net>
			<Clinician>D5921</Clinician>
		</Activity>
		<Activity>
			<ID>4</ID>
			<Start>18/09/2013 13:27</Start>
			<Type>5</Type>
			<Code>2405-6584-001</Code>
			<Quantity>1</Quantity>
			<Net>39.15</Net>
			<Clinician>D5921</Clinician>
		</Activity>
	</Claim>
	<Claim>
		<ID>1521655</ID>
		<IDPayer>
		</IDPayer>
		<MemberID>097110040026981801</MemberID>
		<PayerID>A012</PayerID>
		<ProviderID>PF1259</ProviderID>
		<EmiratesIDNumber>000-0000-0000000-0</EmiratesIDNumber>
		<Gross>592</Gross>
		<PatientShare>59.2</PatientShare>
		<Net>532.8</Net>
		<Encounter>
			<FacilityID>PF1259</FacilityID>
			<Type>1</Type>
			<PatientID>130358</PatientID>
			<Start>18/09/2013 13:28</Start>
			<End>18/09/2013 13:28</End>
		</Encounter>
		<Diagnosis>
			<Type>Principal</Type>
			<Code>682.7</Code>
		</Diagnosis>
		<Diagnosis>
			<Type>Secondary</Type>
			<Code>110.4</Code>
		</Diagnosis>
		<Diagnosis>
			<Type>Secondary</Type>
			<Code>728.71</Code>
		</Diagnosis>
		<Diagnosis>
			<Type>Secondary</Type>
			<Code>338.19</Code>
		</Diagnosis>
		<Activity>
			<ID>1</ID>
			<Start>18/09/2013 13:28</Start>
			<Type>5</Type>
			<Code>1635-4143-007</Code>
			<Quantity>1</Quantity>
			<Net>123.3</Net>
			<Clinician>D4259</Clinician>
			<PriorAuthorizationID>276302</PriorAuthorizationID>
		</Activity>
		<Activity>
			<ID>2</ID>
			<Start>18/09/2013 13:28</Start>
			<Type>5</Type>
			<Code>1583-1553-002</Code>
			<Quantity>2</Quantity>
			<Net>112.5</Net>
			<Clinician>D4259</Clinician>
			<PriorAuthorizationID>276302</PriorAuthorizationID>
		</Activity>
		<Activity>
			<ID>3</ID>
			<Start>18/09/2013 13:28</Start>
			<Type>5</Type>
			<Code>1497-2307-001</Code>
			<Quantity>1</Quantity>
			<Net>22.05</Net>
			<Clinician>D4259</Clinician>
			<PriorAuthorizationID>276302</PriorAuthorizationID>
		</Activity>
		<Activity>
			<ID>4</ID>
			<Start>18/09/2013 13:28</Start>
			<Type>5</Type>
			<Code>1464-2761-001</Code>
			<Quantity>1</Quantity>
			<Net>108.9</Net>
			<Clinician>D4259</Clinician>
			<PriorAuthorizationID>276302</PriorAuthorizationID>
		</Activity>
		<Activity>
			<ID>5</ID>
			<Start>18/09/2013 13:28</Start>
			<Type>5</Type>
			<Code>1552-2762-003</Code>
			<Quantity>3</Quantity>
			<Net>166.05</Net>
			<Clinician>D4259</Clinician>
			<PriorAuthorizationID>276302</PriorAuthorizationID>
		</Activity>
	</Claim>
	<Claim>
		<ID>1521664</ID>
		<IDPayer>
		</IDPayer>
		<MemberID>097110040032914201</MemberID>
		<PayerID>A012</PayerID>
		<ProviderID>PF1259</ProviderID>
		<EmiratesIDNumber>000-0000-0000000-0</EmiratesIDNumber>
		<Gross>159</Gross>
		<PatientShare>0</PatientShare>
		<Net>159</Net>
		<Encounter>
			<FacilityID>PF1259</FacilityID>
			<Type>1</Type>
			<PatientID>99541</PatientID>
			<Start>18/09/2013 18:54</Start>
			<End>18/09/2013 18:54</End>
		</Encounter>
		<Diagnosis>
			<Type>Principal</Type>
			<Code>682.0</Code>
		</Diagnosis>
		<Diagnosis>
			<Type>Secondary</Type>
			<Code>692.9</Code>
		</Diagnosis>
		<Diagnosis>
			<Type>Secondary</Type>
			<Code>272.4</Code>
		</Diagnosis>
		<Diagnosis>
			<Type>Secondary</Type>
			<Code>V58.69</Code>
		</Diagnosis>
		<Diagnosis>
			<Type>Secondary</Type>
			<Code>041.9</Code>
		</Diagnosis>
		<Diagnosis>
			<Type>Secondary</Type>
			<Code>706.0</Code>
		</Diagnosis>
		<Activity>
			<ID>1</ID>
			<Start>18/09/2013 18:54</Start>
			<Type>5</Type>
			<Code>1523-6595-001</Code>
			<Quantity>3</Quantity>
			<Net>159</Net>
			<Clinician>D4259</Clinician>
		</Activity>
	</Claim>
	<Claim>
		<ID>1521796</ID>
		<IDPayer>
		</IDPayer>
		<MemberID>097110040017679801</MemberID>
		<PayerID>A012</PayerID>
		<ProviderID>PF1259</ProviderID>
		<EmiratesIDNumber>000-0000-0000000-0</EmiratesIDNumber>
		<Gross>249</Gross>
		<PatientShare>24.9</PatientShare>
		<Net>224.1</Net>
		<Encounter>
			<FacilityID>PF1259</FacilityID>
			<Type>1</Type>
			<PatientID>62320</PatientID>
			<Start>18/09/2013 20:01</Start>
			<End>18/09/2013 20:01</End>
		</Encounter>
		<Diagnosis>
			<Type>Principal</Type>
			<Code>600.00</Code>
		</Diagnosis>
		<Diagnosis>
			<Type>Secondary</Type>
			<Code>788.69</Code>
		</Diagnosis>
		<Diagnosis>
			<Type>Secondary</Type>
			<Code>593.9</Code>
		</Diagnosis>
		<Activity>
			<ID>1</ID>
			<Start>18/09/2013 20:01</Start>
			<Type>5</Type>
			<Code>1300-1614-004</Code>
			<Quantity>2</Quantity>
			<Net>224.1</Net>
			<Clinician>GD12429</Clinician>
		</Activity>
	</Claim>
	<Claim>
		<ID>1521743</ID>
		<IDPayer>
		</IDPayer>
		<MemberID>097110040039201502</MemberID>
		<PayerID>A012</PayerID>
		<ProviderID>PF1259</ProviderID>
		<EmiratesIDNumber>000-0000-0000000-0</EmiratesIDNumber>
		<Gross>119.67</Gross>
		<PatientShare>11.97</PatientShare>
		<Net>107.7</Net>
		<Encounter>
			<FacilityID>PF1259</FacilityID>
			<Type>1</Type>
			<PatientID>284667</PatientID>
			<Start>18/09/2013 20:23</Start>
			<End>18/09/2013 20:23</End>
		</Encounter>
		<Diagnosis>
			<Type>Principal</Type>
			<Code>646.43</Code>
		</Diagnosis>
		<Diagnosis>
			<Type>Secondary</Type>
			<Code>789.05</Code>
		</Diagnosis>
		<Diagnosis>
			<Type>Secondary</Type>
			<Code>356.8</Code>
		</Diagnosis>
		<Diagnosis>
			<Type>Secondary</Type>
			<Code>724.5</Code>
		</Diagnosis>
		<Diagnosis>
			<Type>Secondary</Type>
			<Code>787.3</Code>
		</Diagnosis>
		<Diagnosis>
			<Type>Secondary</Type>
			<Code>648.73</Code>
		</Diagnosis>
		<Activity>
			<ID>1</ID>
			<Start>18/09/2013 20:23</Start>
			<Type>5</Type>
			<Code>1489-4261-003</Code>
			<Quantity>1</Quantity>
			<Net>31.5</Net>
			<Clinician>GD12235</Clinician>
		</Activity>
		<Activity>
			<ID>2</ID>
			<Start>18/09/2013 20:23</Start>
			<Type>5</Type>
			<Code>2090-5457-002</Code>
			<Quantity>1</Quantity>
			<Net>26.1</Net>
			<Clinician>GD12235</Clinician>
		</Activity>
		<Activity>
			<ID>3</ID>
			<Start>18/09/2013 20:23</Start>
			<Type>5</Type>
			<Code>1317-1465-001</Code>
			<Quantity>1</Quantity>
			<Net>10.8</Net>
			<Clinician>GD12235</Clinician>
		</Activity>
		<Activity>
			<ID>4</ID>
			<Start>18/09/2013 20:23</Start>
			<Type>5</Type>
			<Code>1121-6116-001</Code>
			<Quantity>1</Quantity>
			<Net>25.2</Net>
			<Clinician>GD12235</Clinician>
		</Activity>
		<Activity>
			<ID>5</ID>
			<Start>18/09/2013 20:23</Start>
			<Type>5</Type>
			<Code>1526-3225-001</Code>
			<Quantity>.33</Quantity>
			<Net>4.65</Net>
			<Clinician>GD12235</Clinician>
		</Activity>
		<Activity>
			<ID>6</ID>
			<Start>18/09/2013 20:23</Start>
			<Type>5</Type>
			<Code>2209-6110-002</Code>
			<Quantity>1</Quantity>
			<Net>9.45</Net>
			<Clinician>GD12235</Clinician>
		</Activity>
	</Claim>
	<Claim>
		<ID>1521768</ID>
		<IDPayer>
		</IDPayer>
		<MemberID>097110330040751602</MemberID>
		<PayerID>A020</PayerID>
		<ProviderID>PF1259</ProviderID>
		<EmiratesIDNumber>000-0000-0000000-0</EmiratesIDNumber>
		<Gross>169</Gross>
		<PatientShare>33.8</PatientShare>
		<Net>135.2</Net>
		<Encounter>
			<FacilityID>PF1259</FacilityID>
			<Type>1</Type>
			<PatientID>266628</PatientID>
			<Start>18/09/2013 23:00</Start>
			<End>18/09/2013 23:00</End>
		</Encounter>
		<Diagnosis>
			<Type>Principal</Type>
			<Code>462</Code>
		</Diagnosis>
		<Diagnosis>
			<Type>Secondary</Type>
			<Code>465.9</Code>
		</Diagnosis>
		<Diagnosis>
			<Type>Secondary</Type>
			<Code>786.2</Code>
		</Diagnosis>
		<Diagnosis>
			<Type>Secondary</Type>
			<Code>009.0</Code>
		</Diagnosis>
		<Diagnosis>
			<Type>Secondary</Type>
			<Code>535.00</Code>
		</Diagnosis>
		<Diagnosis>
			<Type>Secondary</Type>
			<Code>530.11</Code>
		</Diagnosis>
		<Diagnosis>
			<Type>Secondary</Type>
			<Code>477.9</Code>
		</Diagnosis>
		<Activity>
			<ID>1</ID>
			<Start>18/09/2013 23:00</Start>
			<Type>5</Type>
			<Code>2324-6448-001</Code>
			<Quantity>2</Quantity>
			<Net>135.2</Net>
			<Clinician>GD15708</Clinician>
			<PriorAuthorizationID>276389</PriorAuthorizationID>
		</Activity>
	</Claim>
	<Claim>
		<ID>1522783</ID>
		<IDPayer>
		</IDPayer>
		<MemberID>097110040043628702</MemberID>
		<PayerID>A012</PayerID>
		<ProviderID>PF1259</ProviderID>
		<EmiratesIDNumber>000-0000-0000000-0</EmiratesIDNumber>
		<Gross>43.5</Gross>
		<PatientShare>0</PatientShare>
		<Net>43.5</Net>
		<Encounter>
			<FacilityID>PF1259</FacilityID>
			<Type>1</Type>
			<PatientID>290783</PatientID>
			<Start>19/09/2013 10:57</Start>
			<End>19/09/2013 10:57</End>
		</Encounter>
		<Diagnosis>
			<Type>Principal</Type>
			<Code>682.0</Code>
		</Diagnosis>
		<Activity>
			<ID>1</ID>
			<Start>19/09/2013 10:57</Start>
			<Type>5</Type>
			<Code>1743-4544-001</Code>
			<Quantity>1</Quantity>
			<Net>43.5</Net>
			<Clinician>D2733</Clinician>
		</Activity>
	</Claim>
	<Claim>
		<ID>1522941</ID>
		<IDPayer>
		</IDPayer>
		<MemberID>097110040035052702</MemberID>
		<PayerID>A012</PayerID>
		<ProviderID>PF1259</ProviderID>
		<EmiratesIDNumber>000-0000-0000000-0</EmiratesIDNumber>
		<Gross>13</Gross>
		<PatientShare>1.3</PatientShare>
		<Net>11.7</Net>
		<Encounter>
			<FacilityID>PF1259</FacilityID>
			<Type>1</Type>
			<PatientID>246717</PatientID>
			<Start>19/09/2013 21:08</Start>
			<End>19/09/2013 21:08</End>
		</Encounter>
		<Diagnosis>
			<Type>Principal</Type>
			<Code>493.82</Code>
		</Diagnosis>
		<Diagnosis>
			<Type>Secondary</Type>
			<Code>780.60</Code>
		</Diagnosis>
		<Activity>
			<ID>1</ID>
			<Start>19/09/2013 21:08</Start>
			<Type>5</Type>
			<Code>1523-1456-001</Code>
			<Quantity>1</Quantity>
			<Net>5.85</Net>
			<Clinician>GD11892</Clinician>
		</Activity>
		<Activity>
			<ID>2</ID>
			<Start>19/09/2013 21:08</Start>
			<Type>5</Type>
			<Code>1472-2260-001</Code>
			<Quantity>1</Quantity>
			<Net>5.85</Net>
			<Clinician>GD11892</Clinician>
		</Activity>
	</Claim>
	<Claim>
		<ID>1522942</ID>
		<IDPayer>
		</IDPayer>
		<MemberID>097110040035052602</MemberID>
		<PayerID>A012</PayerID>
		<ProviderID>PF1259</ProviderID>
		<EmiratesIDNumber>000-0000-0000000-0</EmiratesIDNumber>
		<Gross>13</Gross>
		<PatientShare>1.3</PatientShare>
		<Net>11.7</Net>
		<Encounter>
			<FacilityID>PF1259</FacilityID>
			<Type>1</Type>
			<PatientID>246714</PatientID>
			<Start>19/09/2013 21:08</Start>
			<End>19/09/2013 21:08</End>
		</Encounter>
		<Diagnosis>
			<Type>Principal</Type>
			<Code>493.82</Code>
		</Diagnosis>
		<Diagnosis>
			<Type>Secondary</Type>
			<Code>780.60</Code>
		</Diagnosis>
		<Activity>
			<ID>1</ID>
			<Start>19/09/2013 21:08</Start>
			<Type>5</Type>
			<Code>1472-2260-001</Code>
			<Quantity>1</Quantity>
			<Net>5.85</Net>
			<Clinician>GD11892</Clinician>
		</Activity>
		<Activity>
			<ID>2</ID>
			<Start>19/09/2013 21:08</Start>
			<Type>5</Type>
			<Code>1523-1456-001</Code>
			<Quantity>1</Quantity>
			<Net>5.85</Net>
			<Clinician>GD11892</Clinician>
		</Activity>
	</Claim>
	<Claim>
		<ID>1524446</ID>
		<IDPayer>
		</IDPayer>
		<MemberID>097110040045571402</MemberID>
		<PayerID>A012</PayerID>
		<ProviderID>PF1259</ProviderID>
		<EmiratesIDNumber>000-0000-0000000-0</EmiratesIDNumber>
		<Gross>45.5</Gross>
		<PatientShare>4.55</PatientShare>
		<Net>40.95</Net>
		<Encounter>
			<FacilityID>PF1259</FacilityID>
			<Type>1</Type>
			<PatientID>280118</PatientID>
			<Start>21/09/2013 19:24</Start>
			<End>21/09/2013 19:24</End>
		</Encounter>
		<Diagnosis>
			<Type>Principal</Type>
			<Code>690.18</Code>
		</Diagnosis>
		<Diagnosis>
			<Type>Secondary</Type>
			<Code>692.9</Code>
		</Diagnosis>
		<Diagnosis>
			<Type>Secondary</Type>
			<Code>477.9</Code>
		</Diagnosis>
		<Activity>
			<ID>1</ID>
			<Start>21/09/2013 19:24</Start>
			<Type>5</Type>
			<Code>1542-3391-001</Code>
			<Quantity>1</Quantity>
			<Net>6.3</Net>
			<Clinician>GD12020</Clinician>
		</Activity>
		<Activity>
			<ID>2</ID>
			<Start>21/09/2013 19:24</Start>
			<Type>5</Type>
			<Code>1497-2307-001</Code>
			<Quantity>1</Quantity>
			<Net>22.05</Net>
			<Clinician>GD12020</Clinician>
		</Activity>
		<Activity>
			<ID>3</ID>
			<Start>21/09/2013 19:24</Start>
			<Type>5</Type>
			<Code>1552-4417-001</Code>
			<Quantity>1</Quantity>
			<Net>12.6</Net>
			<Clinician>GD12020</Clinician>
		</Activity>
	</Claim>
	<Claim>
		<ID>1525795</ID>
		<IDPayer>
		</IDPayer>
		<MemberID>097110040044305201</MemberID>
		<PayerID>A012</PayerID>
		<ProviderID>PF1259</ProviderID>
		<EmiratesIDNumber>000-0000-0000000-0</EmiratesIDNumber>
		<Gross>41.5</Gross>
		<PatientShare>4.15</PatientShare>
		<Net>37.35</Net>
		<Encounter>
			<FacilityID>PF1259</FacilityID>
			<Type>1</Type>
			<PatientID>284652</PatientID>
			<Start>22/09/2013 14:43</Start>
			<End>22/09/2013 14:43</End>
		</Encounter>
		<Diagnosis>
			<Type>Principal</Type>
			<Code>692.89</Code>
		</Diagnosis>
		<Diagnosis>
			<Type>Secondary</Type>
			<Code>041.9</Code>
		</Diagnosis>
		<Activity>
			<ID>1</ID>
			<Start>22/09/2013 14:43</Start>
			<Type>5</Type>
			<Code>1497-2305-002</Code>
			<Quantity>1</Quantity>
			<Net>37.35</Net>
			<Clinician>GD6584</Clinician>
		</Activity>
	</Claim>
	<Claim>
		<ID>1525548</ID>
		<IDPayer>
		</IDPayer>
		<MemberID>097110040040511901</MemberID>
		<PayerID>A012</PayerID>
		<ProviderID>PF1259</ProviderID>
		<EmiratesIDNumber>000-0000-0000000-0</EmiratesIDNumber>
		<Gross>197.5</Gross>
		<PatientShare>19.75</PatientShare>
		<Net>177.75</Net>
		<Encounter>
			<FacilityID>PF1259</FacilityID>
			<Type>1</Type>
			<PatientID>237602</PatientID>
			<Start>22/09/2013 17:18</Start>
			<End>22/09/2013 17:18</End>
		</Encounter>
		<Diagnosis>
			<Type>Principal</Type>
			<Code>703.0</Code>
		</Diagnosis>
		<Diagnosis>
			<Type>Secondary</Type>
			<Code>681.10</Code>
		</Diagnosis>
		<Activity>
			<ID>1</ID>
			<Start>22/09/2013 17:18</Start>
			<Type>5</Type>
			<Code>1697-1953-001</Code>
			<Quantity>1</Quantity>
			<Net>29.25</Net>
			<Clinician>GD10445</Clinician>
		</Activity>
		<Activity>
			<ID>2</ID>
			<Start>22/09/2013 17:18</Start>
			<Type>5</Type>
			<Code>1497-2306-002</Code>
			<Quantity>1</Quantity>
			<Net>27.9</Net>
			<Clinician>GD10445</Clinician>
		</Activity>
		<Activity>
			<ID>3</ID>
			<Start>22/09/2013 17:18</Start>
			<Type>5</Type>
			<Code>1300-1299-003</Code>
			<Quantity>1</Quantity>
			<Net>120.6</Net>
			<Clinician>GD10445</Clinician>
		</Activity>
	</Claim>
	<Claim>
		<ID>1526619</ID>
		<IDPayer>
		</IDPayer>
		<MemberID>097110040027433902</MemberID>
		<PayerID>A012</PayerID>
		<ProviderID>PF1259</ProviderID>
		<EmiratesIDNumber>000-0000-0000000-0</EmiratesIDNumber>
		<Gross>200.5</Gross>
		<PatientShare>20.05</PatientShare>
		<Net>180.45</Net>
		<Encounter>
			<FacilityID>PF1259</FacilityID>
			<Type>1</Type>
			<PatientID>291561</PatientID>
			<Start>23/09/2013 19:13</Start>
			<End>23/09/2013 19:13</End>
		</Encounter>
		<Diagnosis>
			<Type>Principal</Type>
			<Code>789.06</Code>
		</Diagnosis>
		<Diagnosis>
			<Type>Secondary</Type>
			<Code>787.01</Code>
		</Diagnosis>
		<Diagnosis>
			<Type>Secondary</Type>
			<Code>268.9</Code>
		</Diagnosis>
		<Diagnosis>
			<Type>Secondary</Type>
			<Code>784.0</Code>
		</Diagnosis>
		<Diagnosis>
			<Type>Secondary</Type>
			<Code>275.49</Code>
		</Diagnosis>
		<Activity>
			<ID>1</ID>
			<Start>23/09/2013 19:13</Start>
			<Type>5</Type>
			<Code>1720-2771-001</Code>
			<Quantity>2</Quantity>
			<Net>166.5</Net>
			<Clinician>GD12866</Clinician>
		</Activity>
		<Activity>
			<ID>2</ID>
			<Start>23/09/2013 19:13</Start>
			<Type>5</Type>
			<Code>1284-2897-004</Code>
			<Quantity>1</Quantity>
			<Net>13.95</Net>
			<Clinician>GD12866</Clinician>
		</Activity>
	</Claim>
	<Claim>
		<ID>1527962</ID>
		<IDPayer>
		</IDPayer>
		<MemberID>097110330040751501</MemberID>
		<PayerID>A020</PayerID>
		<ProviderID>PF1259</ProviderID>
		<EmiratesIDNumber>000-0000-0000000-0</EmiratesIDNumber>
		<Gross>485</Gross>
		<PatientShare>97</PatientShare>
		<Net>388</Net>
		<Encounter>
			<FacilityID>PF1259</FacilityID>
			<Type>1</Type>
			<PatientID>250889</PatientID>
			<Start>24/09/2013 15:53</Start>
			<End>24/09/2013 15:53</End>
		</Encounter>
		<Diagnosis>
			<Type>Principal</Type>
			<Code>110.5</Code>
		</Diagnosis>
		<Activity>
			<ID>1</ID>
			<Start>24/09/2013 15:53</Start>
			<Type>5</Type>
			<Code>1464-2761-001</Code>
			<Quantity>1</Quantity>
			<Net>96.8</Net>
			<Clinician>D4259</Clinician>
			<PriorAuthorizationID>203483</PriorAuthorizationID>
		</Activity>
		<Activity>
			<ID>2</ID>
			<Start>24/09/2013 15:53</Start>
			<Type>5</Type>
			<Code>1464-2004-001</Code>
			<Quantity>4</Quantity>
			<Net>89.6</Net>
			<Clinician>D4259</Clinician>
			<PriorAuthorizationID>203483</PriorAuthorizationID>
		</Activity>
		<Activity>
			<ID>3</ID>
			<Start>24/09/2013 15:53</Start>
			<Type>5</Type>
			<Code>1650-2881-002</Code>
			<Quantity>3</Quantity>
			<Net>54</Net>
			<Clinician>D4259</Clinician>
			<PriorAuthorizationID>203483</PriorAuthorizationID>
		</Activity>
		<Activity>
			<ID>4</ID>
			<Start>24/09/2013 15:53</Start>
			<Type>5</Type>
			<Code>1552-2762-003</Code>
			<Quantity>3</Quantity>
			<Net>147.6</Net>
			<Clinician>D4259</Clinician>
			<PriorAuthorizationID>203483</PriorAuthorizationID>
		</Activity>
	</Claim>
	<Claim>
		<ID>1529172</ID>
		<IDPayer>
		</IDPayer>
		<MemberID>097110040040378102</MemberID>
		<PayerID>A012</PayerID>
		<ProviderID>PF1259</ProviderID>
		<EmiratesIDNumber>000-0000-0000000-0</EmiratesIDNumber>
		<Gross>83.08</Gross>
		<PatientShare>8.31</PatientShare>
		<Net>74.77</Net>
		<Encounter>
			<FacilityID>PF1259</FacilityID>
			<Type>1</Type>
			<PatientID>255614</PatientID>
			<Start>25/09/2013 18:00</Start>
			<End>25/09/2013 18:00</End>
		</Encounter>
		<Diagnosis>
			<Type>Principal</Type>
			<Code>646.83</Code>
		</Diagnosis>
		<Diagnosis>
			<Type>Secondary</Type>
			<Code>789.05</Code>
		</Diagnosis>
		<Diagnosis>
			<Type>Secondary</Type>
			<Code>786.05</Code>
		</Diagnosis>
		<Diagnosis>
			<Type>Secondary</Type>
			<Code>655.73</Code>
		</Diagnosis>
		<Activity>
			<ID>1</ID>
			<Start>25/09/2013 18:00</Start>
			<Type>5</Type>
			<Code>1732-4855-002</Code>
			<Quantity>1</Quantity>
			<Net>35.1</Net>
			<Clinician>GD12235</Clinician>
		</Activity>
		<Activity>
			<ID>2</ID>
			<Start>25/09/2013 18:00</Start>
			<Type>5</Type>
			<Code>1379-1865-002</Code>
			<Quantity>.04</Quantity>
			<Net>9.07</Net>
			<Clinician>GD12235</Clinician>
		</Activity>
		<Activity>
			<ID>3</ID>
			<Start>25/09/2013 18:00</Start>
			<Type>5</Type>
			<Code>1732-2204-002</Code>
			<Quantity>1</Quantity>
			<Net>30.6</Net>
			<Clinician>GD12235</Clinician>
		</Activity>
	</Claim>
	<Claim>
		<ID>1528983</ID>
		<IDPayer>
		</IDPayer>
		<MemberID>097110040027433902</MemberID>
		<PayerID>A012</PayerID>
		<ProviderID>PF1259</ProviderID>
		<EmiratesIDNumber>000-0000-0000000-0</EmiratesIDNumber>
		<Gross>506.76</Gross>
		<PatientShare>50.68</PatientShare>
		<Net>456.08</Net>
		<Encounter>
			<FacilityID>PF1259</FacilityID>
			<Type>1</Type>
			<PatientID>291561</PatientID>
			<Start>25/09/2013 19:00</Start>
			<End>25/09/2013 19:00</End>
		</Encounter>
		<Diagnosis>
			<Type>Principal</Type>
			<Code>789.06</Code>
		</Diagnosis>
		<Diagnosis>
			<Type>Secondary</Type>
			<Code>787.01</Code>
		</Diagnosis>
		<Diagnosis>
			<Type>Secondary</Type>
			<Code>784.0</Code>
		</Diagnosis>
		<Diagnosis>
			<Type>Secondary</Type>
			<Code>275.49</Code>
		</Diagnosis>
		<Diagnosis>
			<Type>Secondary</Type>
			<Code>268.9</Code>
		</Diagnosis>
		<Diagnosis>
			<Type>Secondary</Type>
			<Code>041.86</Code>
		</Diagnosis>
		<Activity>
			<ID>1</ID>
			<Start>25/09/2013 19:00</Start>
			<Type>5</Type>
			<Code>1631-3438-010</Code>
			<Quantity>2</Quantity>
			<Net>161.1</Net>
			<Clinician>GD12866</Clinician>
		</Activity>
		<Activity>
			<ID>2</ID>
			<Start>25/09/2013 19:00</Start>
			<Type>5</Type>
			<Code>1697-1645-002</Code>
			<Quantity>4</Quantity>
			<Net>207</Net>
			<Clinician>GD12866</Clinician>
		</Activity>
		<Activity>
			<ID>3</ID>
			<Start>25/09/2013 19:00</Start>
			<Type>5</Type>
			<Code>2266-6088-002</Code>
			<Quantity>.1</Quantity>
			<Net>54</Net>
			<Clinician>GD12866</Clinician>
		</Activity>
		<Activity>
			<ID>4</ID>
			<Start>25/09/2013 19:00</Start>
			<Type>5</Type>
			<Code>2423-5283-002</Code>
			<Quantity>.08</Quantity>
			<Net>33.98</Net>
			<Clinician>GD12866</Clinician>
		</Activity>
	</Claim>
	<Claim>
		<ID>1529280</ID>
		<IDPayer>
		</IDPayer>
		<MemberID>097110040034947401</MemberID>
		<PayerID>A012</PayerID>
		<ProviderID>PF1259</ProviderID>
		<EmiratesIDNumber>000-0000-0000000-0</EmiratesIDNumber>
		<Gross>196.5</Gross>
		<PatientShare>19.65</PatientShare>
		<Net>176.85</Net>
		<Encounter>
			<FacilityID>PF1259</FacilityID>
			<Type>1</Type>
			<PatientID>124484</PatientID>
			<Start>25/09/2013 20:28</Start>
			<End>25/09/2013 20:28</End>
		</Encounter>
		<Diagnosis>
			<Type>Principal</Type>
			<Code>724.3</Code>
		</Diagnosis>
		<Diagnosis>
			<Type>Secondary</Type>
			<Code>355.8</Code>
		</Diagnosis>
		<Diagnosis>
			<Type>Secondary</Type>
			<Code>729.1</Code>
		</Diagnosis>
		<Activity>
			<ID>1</ID>
			<Start>25/09/2013 20:28</Start>
			<Type>5</Type>
			<Code>1447-1902-004</Code>
			<Quantity>2</Quantity>
			<Net>99.9</Net>
			<Clinician>GD9904</Clinician>
		</Activity>
		<Activity>
			<ID>2</ID>
			<Start>25/09/2013 20:28</Start>
			<Type>5</Type>
			<Code>1489-4261-003</Code>
			<Quantity>2</Quantity>
			<Net>63</Net>
			<Clinician>GD9904</Clinician>
		</Activity>
		<Activity>
			<ID>3</ID>
			<Start>25/09/2013 20:28</Start>
			<Type>5</Type>
			<Code>1526-3225-001</Code>
			<Quantity>1</Quantity>
			<Net>13.95</Net>
			<Clinician>GD9904</Clinician>
		</Activity>
	</Claim>
	<Claim>
		<ID>1530244</ID>
		<IDPayer>
		</IDPayer>
		<MemberID>097110040039201502</MemberID>
		<PayerID>A012</PayerID>
		<ProviderID>PF1259</ProviderID>
		<EmiratesIDNumber>000-0000-0000000-0</EmiratesIDNumber>
		<Gross>100.5</Gross>
		<PatientShare>10.05</PatientShare>
		<Net>90.45</Net>
		<Encounter>
			<FacilityID>PF1259</FacilityID>
			<Type>1</Type>
			<PatientID>284667</PatientID>
			<Start>26/09/2013 13:34</Start>
			<End>26/09/2013 13:34</End>
		</Encounter>
		<Diagnosis>
			<Type>Principal</Type>
			<Code>643.23</Code>
		</Diagnosis>
		<Diagnosis>
			<Type>Secondary</Type>
			<Code>789.05</Code>
		</Diagnosis>
		<Diagnosis>
			<Type>Secondary</Type>
			<Code>724.5</Code>
		</Diagnosis>
		<Diagnosis>
			<Type>Secondary</Type>
			<Code>616.10</Code>
		</Diagnosis>
		<Diagnosis>
			<Type>Secondary</Type>
			<Code>787.91</Code>
		</Diagnosis>
		<Diagnosis>
			<Type>Secondary</Type>
			<Code>593.9</Code>
		</Diagnosis>
		<Diagnosis>
			<Type>Secondary</Type>
			<Code>787.01</Code>
		</Diagnosis>
		<Diagnosis>
			<Type>Secondary</Type>
			<Code>648.73</Code>
		</Diagnosis>
		<Activity>
			<ID>1</ID>
			<Start>26/09/2013 13:34</Start>
			<Type>5</Type>
			<Code>2209-6110-002</Code>
			<Quantity>1</Quantity>
			<Net>9.45</Net>
			<Clinician>GD12235</Clinician>
		</Activity>
		<Activity>
			<ID>2</ID>
			<Start>26/09/2013 13:34</Start>
			<Type>5</Type>
			<Code>1317-1465-001</Code>
			<Quantity>1</Quantity>
			<Net>10.8</Net>
			<Clinician>GD12235</Clinician>
		</Activity>
		<Activity>
			<ID>3</ID>
			<Start>26/09/2013 13:34</Start>
			<Type>5</Type>
			<Code>1472-3605-003</Code>
			<Quantity>3</Quantity>
			<Net>27</Net>
			<Clinician>GD12235</Clinician>
		</Activity>
		<Activity>
			<ID>4</ID>
			<Start>26/09/2013 13:34</Start>
			<Type>5</Type>
			<Code>1489-2990-005</Code>
			<Quantity>2</Quantity>
			<Net>43.2</Net>
			<Clinician>GD12235</Clinician>
		</Activity>
	</Claim>
	<Claim>
		<ID>1530666</ID>
		<IDPayer>
		</IDPayer>
		<MemberID>097110040017675901</MemberID>
		<PayerID>A012</PayerID>
		<ProviderID>PF1259</ProviderID>
		<EmiratesIDNumber>000-0000-0000000-0</EmiratesIDNumber>
		<Gross>20.5</Gross>
		<PatientShare>2.05</PatientShare>
		<Net>18.45</Net>
		<Encounter>
			<FacilityID>PF1259</FacilityID>
			<Type>2</Type>
			<PatientID>94907</PatientID>
			<Start>27/09/2013 10:11</Start>
			<End>27/09/2013 10:11</End>
		</Encounter>
		<Diagnosis>
			<Type>Principal</Type>
			<Code>372.39</Code>
		</Diagnosis>
		<Activity>
			<ID>1</ID>
			<Start>27/09/2013 10:11</Start>
			<Type>5</Type>
			<Code>1253-1608-001</Code>
			<Quantity>1</Quantity>
			<Net>18.45</Net>
			<Clinician>GD15895</Clinician>
		</Activity>
	</Claim>
	<Claim>
		<ID>1531859</ID>
		<IDPayer>
		</IDPayer>
		<MemberID>097110040029851701</MemberID>
		<PayerID>A012</PayerID>
		<ProviderID>PF1259</ProviderID>
		<EmiratesIDNumber>000-0000-0000000-0</EmiratesIDNumber>
		<Gross>1147.44</Gross>
		<PatientShare>0</PatientShare>
		<Net>1147.44</Net>
		<Encounter>
			<FacilityID>PF1259</FacilityID>
			<Type>1</Type>
			<PatientID>118854</PatientID>
			<Start>28/09/2013 09:55</Start>
			<End>28/09/2013 09:55</End>
		</Encounter>
		<Diagnosis>
			<Type>Principal</Type>
			<Code>250.60</Code>
		</Diagnosis>
		<Diagnosis>
			<Type>Secondary</Type>
			<Code>719.40</Code>
		</Diagnosis>
		<Diagnosis>
			<Type>Secondary</Type>
			<Code>269.2</Code>
		</Diagnosis>
		<Diagnosis>
			<Type>Secondary</Type>
			<Code>272.4</Code>
		</Diagnosis>
		<Diagnosis>
			<Type>Secondary</Type>
			<Code>357.2</Code>
		</Diagnosis>
		<Diagnosis>
			<Type>Secondary</Type>
			<Code>401.9</Code>
		</Diagnosis>
		<Diagnosis>
			<Type>Secondary</Type>
			<Code>V58.69</Code>
		</Diagnosis>
		<Activity>
			<ID>1</ID>
			<Start>28/09/2013 09:55</Start>
			<Type>5</Type>
			<Code>1120-1271-005</Code>
			<Quantity>2</Quantity>
			<Net>39</Net>
			<Clinician>GD11973</Clinician>
			<PriorAuthorizationID>277393</PriorAuthorizationID>
		</Activity>
		<Activity>
			<ID>2</ID>
			<Start>28/09/2013 09:55</Start>
			<Type>5</Type>
			<Code>1587-3302-001</Code>
			<Quantity>2</Quantity>
			<Net>211</Net>
			<Clinician>GD11973</Clinician>
			<PriorAuthorizationID>277393</PriorAuthorizationID>
		</Activity>
		<Activity>
			<ID>3</ID>
			<Start>28/09/2013 09:55</Start>
			<Type>5</Type>
			<Code>1501-2531-001</Code>
			<Quantity>2</Quantity>
			<Net>570</Net>
			<Clinician>GD11973</Clinician>
			<PriorAuthorizationID>277393</PriorAuthorizationID>
		</Activity>
		<Activity>
			<ID>4</ID>
			<Start>28/09/2013 09:55</Start>
			<Type>5</Type>
			<Code>1489-4261-003</Code>
			<Quantity>4</Quantity>
			<Net>140</Net>
			<Clinician>GD11973</Clinician>
			<PriorAuthorizationID>277393</PriorAuthorizationID>
		</Activity>
		<Activity>
			<ID>5</ID>
			<Start>28/09/2013 09:55</Start>
			<Type>5</Type>
			<Code>1317-3001-002</Code>
			<Quantity>1.5</Quantity>
			<Net>187.44</Net>
			<Clinician>GD11973</Clinician>
			<PriorAuthorizationID>277393</PriorAuthorizationID>
		</Activity>
	</Claim>
	<Claim>
		<ID>1532021</ID>
		<IDPayer>
		</IDPayer>
		<MemberID>097110040045871901</MemberID>
		<PayerID>A012</PayerID>
		<ProviderID>PF1259</ProviderID>
		<EmiratesIDNumber>000-0000-0000000-0</EmiratesIDNumber>
		<Gross>18</Gross>
		<PatientShare>1.8</PatientShare>
		<Net>16.2</Net>
		<Encounter>
			<FacilityID>PF1259</FacilityID>
			<Type>1</Type>
			<PatientID>288754</PatientID>
			<Start>28/09/2013 11:00</Start>
			<End>28/09/2013 11:00</End>
		</Encounter>
		<Diagnosis>
			<Type>Principal</Type>
			<Code>372.05</Code>
		</Diagnosis>
		<Activity>
			<ID>1</ID>
			<Start>28/09/2013 11:00</Start>
			<Type>5</Type>
			<Code>1254-2257-001</Code>
			<Quantity>1</Quantity>
			<Net>16.2</Net>
			<Clinician>GD6756</Clinician>
		</Activity>
	</Claim>
	<Claim>
		<ID>1532093</ID>
		<IDPayer>
		</IDPayer>
		<MemberID>097110030010359301</MemberID>
		<PayerID>A009</PayerID>
		<ProviderID>PF1259</ProviderID>
		<EmiratesIDNumber>000-0000-0000000-0</EmiratesIDNumber>
		<Gross>273</Gross>
		<PatientShare>0</PatientShare>
		<Net>273</Net>
		<Encounter>
			<FacilityID>PF1259</FacilityID>
			<Type>1</Type>
			<PatientID>292392</PatientID>
			<Start>28/09/2013 13:06</Start>
			<End>28/09/2013 13:06</End>
		</Encounter>
		<Diagnosis>
			<Type>Principal</Type>
			<Code>722.10</Code>
		</Diagnosis>
		<Diagnosis>
			<Type>Secondary</Type>
			<Code>728.85</Code>
		</Diagnosis>
		<Diagnosis>
			<Type>Secondary</Type>
			<Code>724.2</Code>
		</Diagnosis>
		<Activity>
			<ID>1</ID>
			<Start>28/09/2013 13:06</Start>
			<Type>5</Type>
			<Code>1556-4476-016</Code>
			<Quantity>2</Quantity>
			<Net>102</Net>
			<Clinician>GD9904</Clinician>
		</Activity>
		<Activity>
			<ID>2</ID>
			<Start>28/09/2013 13:06</Start>
			<Type>5</Type>
			<Code>1531-1235-006</Code>
			<Quantity>1</Quantity>
			<Net>171</Net>
			<Clinician>GD9904</Clinician>
		</Activity>
	</Claim>
	<Claim>
		<ID>1532167</ID>
		<IDPayer>
		</IDPayer>
		<MemberID>097110040039895702</MemberID>
		<PayerID>A012</PayerID>
		<ProviderID>PF1259</ProviderID>
		<EmiratesIDNumber>000-0000-0000000-0</EmiratesIDNumber>
		<Gross>160</Gross>
		<PatientShare>16</PatientShare>
		<Net>144</Net>
		<Encounter>
			<FacilityID>PF1259</FacilityID>
			<Type>1</Type>
			<PatientID>137800</PatientID>
			<Start>28/09/2013 18:38</Start>
			<End>28/09/2013 18:38</End>
		</Encounter>
		<Diagnosis>
			<Type>Principal</Type>
			<Code>646.83</Code>
		</Diagnosis>
		<Diagnosis>
			<Type>Secondary</Type>
			<Code>789.05</Code>
		</Diagnosis>
		<Activity>
			<ID>1</ID>
			<Start>28/09/2013 18:38</Start>
			<Type>5</Type>
			<Code>1680-2208-001</Code>
			<Quantity>2</Quantity>
			<Net>37.8</Net>
			<Clinician>GD16009</Clinician>
		</Activity>
		<Activity>
			<ID>2</ID>
			<Start>28/09/2013 18:38</Start>
			<Type>5</Type>
			<Code>1732-4855-002</Code>
			<Quantity>1</Quantity>
			<Net>35.1</Net>
			<Clinician>GD16009</Clinician>
		</Activity>
		<Activity>
			<ID>3</ID>
			<Start>28/09/2013 18:38</Start>
			<Type>5</Type>
			<Code>1118-5550-001</Code>
			<Quantity>1</Quantity>
			<Net>71.1</Net>
			<Clinician>GD16009</Clinician>
		</Activity>
	</Claim>
	<Claim>
		<ID>1531933</ID>
		<IDPayer>
		</IDPayer>
		<MemberID>097110040035723601</MemberID>
		<PayerID>A012</PayerID>
		<ProviderID>PF1259</ProviderID>
		<EmiratesIDNumber>000-0000-0000000-0</EmiratesIDNumber>
		<Gross>158</Gross>
		<PatientShare>15.8</PatientShare>
		<Net>142.2</Net>
		<Encounter>
			<FacilityID>PF1259</FacilityID>
			<Type>1</Type>
			<PatientID>241449</PatientID>
			<Start>28/09/2013 22:16</Start>
			<End>28/09/2013 22:16</End>
		</Encounter>
		<Diagnosis>
			<Type>Principal</Type>
			<Code>681.10</Code>
		</Diagnosis>
		<Diagnosis>
			<Type>Secondary</Type>
			<Code>685.0</Code>
		</Diagnosis>
		<Activity>
			<ID>1</ID>
			<Start>28/09/2013 22:16</Start>
			<Type>5</Type>
			<Code>1241-1457-013</Code>
			<Quantity>1</Quantity>
			<Net>21.6</Net>
			<Clinician>GD10445</Clinician>
		</Activity>
		<Activity>
			<ID>2</ID>
			<Start>28/09/2013 22:16</Start>
			<Type>5</Type>
			<Code>1300-1299-003</Code>
			<Quantity>1</Quantity>
			<Net>120.6</Net>
			<Clinician>GD10445</Clinician>
		</Activity>
	</Claim>
	<Claim>
		<ID>1533462</ID>
		<IDPayer>
		</IDPayer>
		<MemberID>097110040043632901</MemberID>
		<PayerID>A012</PayerID>
		<ProviderID>PF1259</ProviderID>
		<EmiratesIDNumber>000-0000-0000000-0</EmiratesIDNumber>
		<Gross>86.6</Gross>
		<PatientShare>0</PatientShare>
		<Net>86.6</Net>
		<Encounter>
			<FacilityID>PF1259</FacilityID>
			<Type>1</Type>
			<PatientID>75833</PatientID>
			<Start>29/09/2013 14:04</Start>
			<End>29/09/2013 14:04</End>
		</Encounter>
		<Diagnosis>
			<Type>Principal</Type>
			<Code>723.1</Code>
		</Diagnosis>
		<Diagnosis>
			<Type>Secondary</Type>
			<Code>728.85</Code>
		</Diagnosis>
		<Activity>
			<ID>1</ID>
			<Start>29/09/2013 14:04</Start>
			<Type>5</Type>
			<Code>1556-4476-009</Code>
			<Quantity>.4</Quantity>
			<Net>21.6</Net>
			<Clinician>GD9904</Clinician>
		</Activity>
		<Activity>
			<ID>2</ID>
			<Start>29/09/2013 14:04</Start>
			<Type>5</Type>
			<Code>1697-1953-001</Code>
			<Quantity>2</Quantity>
			<Net>65</Net>
			<Clinician>GD9904</Clinician>
		</Activity>
	</Claim>
	<Claim>
		<ID>1533421</ID>
		<IDPayer>
		</IDPayer>
		<MemberID>097110040044053101</MemberID>
		<PayerID>A012</PayerID>
		<ProviderID>PF1259</ProviderID>
		<EmiratesIDNumber>000-0000-0000000-0</EmiratesIDNumber>
		<Gross>164</Gross>
		<PatientShare>16.4</PatientShare>
		<Net>147.6</Net>
		<Encounter>
			<FacilityID>PF1259</FacilityID>
			<Type>1</Type>
			<PatientID>275215</PatientID>
			<Start>29/09/2013 17:53</Start>
			<End>29/09/2013 17:53</End>
		</Encounter>
		<Diagnosis>
			<Type>Principal</Type>
			<Code>604.90</Code>
		</Diagnosis>
		<Diagnosis>
			<Type>Secondary</Type>
			<Code>601.9</Code>
		</Diagnosis>
		<Diagnosis>
			<Type>Secondary</Type>
			<Code>608.4</Code>
		</Diagnosis>
		<Activity>
			<ID>1</ID>
			<Start>29/09/2013 17:53</Start>
			<Type>5</Type>
			<Code>1379-2097-001</Code>
			<Quantity>2</Quantity>
			<Net>9.9</Net>
			<Clinician>D4330</Clinician>
		</Activity>
		<Activity>
			<ID>2</ID>
			<Start>29/09/2013 17:53</Start>
			<Type>5</Type>
			<Code>1464-1627-002</Code>
			<Quantity>3</Quantity>
			<Net>137.7</Net>
			<Clinician>D4330</Clinician>
		</Activity>
	</Claim>
	<Claim>
		<ID>1534359</ID>
		<IDPayer>
		</IDPayer>
		<MemberID>097110040039365501</MemberID>
		<PayerID>A012</PayerID>
		<ProviderID>PF1259</ProviderID>
		<EmiratesIDNumber>000-0000-0000000-0</EmiratesIDNumber>
		<Gross>299.36</Gross>
		<PatientShare>29.94</PatientShare>
		<Net>269.42</Net>
		<Encounter>
			<FacilityID>PF1259</FacilityID>
			<Type>1</Type>
			<PatientID>285985</PatientID>
			<Start>30/09/2013 09:45</Start>
			<End>30/09/2013 09:45</End>
		</Encounter>
		<Diagnosis>
			<Type>Principal</Type>
			<Code>691.8</Code>
		</Diagnosis>
		<Diagnosis>
			<Type>Secondary</Type>
			<Code>268.9</Code>
		</Diagnosis>
		<Diagnosis>
			<Type>Secondary</Type>
			<Code>733.00</Code>
		</Diagnosis>
		<Diagnosis>
			<Type>Secondary</Type>
			<Code>708.9</Code>
		</Diagnosis>
		<Activity>
			<ID>1</ID>
			<Start>30/09/2013 09:45</Start>
			<Type>5</Type>
			<Code>2423-5283-002</Code>
			<Quantity>.08</Quantity>
			<Net>33.98</Net>
			<Clinician>D2733</Clinician>
		</Activity>
		<Activity>
			<ID>2</ID>
			<Start>30/09/2013 09:45</Start>
			<Type>5</Type>
			<Code>1648-1078-003</Code>
			<Quantity>4</Quantity>
			<Net>219.6</Net>
			<Clinician>D2733</Clinician>
		</Activity>
		<Activity>
			<ID>3</ID>
			<Start>30/09/2013 09:45</Start>
			<Type>5</Type>
			<Code>1562-3597-001</Code>
			<Quantity>.4</Quantity>
			<Net>15.84</Net>
			<Clinician>D2733</Clinician>
		</Activity>
	</Claim>
	<Claim>
		<ID>1534406</ID>
		<IDPayer>
		</IDPayer>
		<MemberID>097110040043607001</MemberID>
		<PayerID>A012</PayerID>
		<ProviderID>PF1259</ProviderID>
		<EmiratesIDNumber>000-0000-0000000-0</EmiratesIDNumber>
		<Gross>187.54</Gross>
		<PatientShare>0</PatientShare>
		<Net>187.54</Net>
		<Encounter>
			<FacilityID>PF1259</FacilityID>
			<Type>1</Type>
			<PatientID>292897</PatientID>
			<Start>30/09/2013 19:52</Start>
			<End>30/09/2013 19:52</End>
		</Encounter>
		<Diagnosis>
			<Type>Principal</Type>
			<Code>722.93</Code>
		</Diagnosis>
		<Diagnosis>
			<Type>Secondary</Type>
			<Code>728.85</Code>
		</Diagnosis>
		<Diagnosis>
			<Type>Secondary</Type>
			<Code>724.2</Code>
		</Diagnosis>
		<Activity>
			<ID>1</ID>
			<Start>30/09/2013 19:52</Start>
			<Type>5</Type>
			<Code>1531-1235-006</Code>
			<Quantity>.5</Quantity>
			<Net>85.54</Net>
			<Clinician>GD9904</Clinician>
		</Activity>
		<Activity>
			<ID>2</ID>
			<Start>30/09/2013 19:52</Start>
			<Type>5</Type>
			<Code>1556-4476-016</Code>
			<Quantity>2</Quantity>
			<Net>102</Net>
			<Clinician>GD9904</Clinician>
		</Activity>
	</Claim>
	<Claim>
		<ID>1534531</ID>
		<IDPayer>
		</IDPayer>
		<MemberID>097110040043650501</MemberID>
		<PayerID>A012</PayerID>
		<ProviderID>PF1259</ProviderID>
		<EmiratesIDNumber>000-0000-0000000-0</EmiratesIDNumber>
		<Gross>31</Gross>
		<PatientShare>3.1</PatientShare>
		<Net>27.9</Net>
		<Encounter>
			<FacilityID>PF1259</FacilityID>
			<Type>2</Type>
			<PatientID>243783</PatientID>
			<Start>30/09/2013 22:45</Start>
			<End>30/09/2013 22:45</End>
		</Encounter>
		<Diagnosis>
			<Type>Principal</Type>
			<Code>883.0</Code>
		</Diagnosis>
		<Diagnosis>
			<Type>Secondary</Type>
			<Code>E906.3</Code>
		</Diagnosis>
		<Activity>
			<ID>1</ID>
			<Start>30/09/2013 22:45</Start>
			<Type>5</Type>
			<Code>1497-2306-002</Code>
			<Quantity>1</Quantity>
			<Net>27.9</Net>
			<Clinician>GD16113</Clinician>
		</Activity>
	</Claim>
</Claim.Submission>