<?xml version="1.0"?>
<Claim.Submission xmlns:xsi="http://www.w3.org/2001/XMLSchema-instance" xmlns:tns="http://www.haad.ae/DataDictionary/CommonTypes" xsi:noNamespaceSchemaLocation="http://www.haad.ae/DataDictionary/CommonTypes/ClaimSubmission.xsd">
  <Header>
    <SenderID>PF1465</SenderID>
    <ReceiverID>C004</ReceiverID>
    <TransactionDate>07/10/2013 11:05</TransactionDate>
    <RecordCount>27</RecordCount>
    <DispositionFlag>PRODUCTION</DispositionFlag>
  </Header>
  <Claim>
    <ID>SP30206028</ID>
    <IDPayer />
    <MemberID>0971 1004 00412946 01</MemberID>
    <PayerID>A012</PayerID>
    <ProviderID>PF1465</ProviderID>
    <EmiratesIDNumber>999-9999-9999999-9</EmiratesIDNumber>
    <Gross>25.00</Gross>
    <PatientShare>0.00</PatientShare>
    <Net>25.00</Net>
    <Encounter>
      <FacilityID>PF1465</FacilityID>
      <Type>1</Type>
      <PatientID>130014102</PatientID>
      <Start>02/09/2013 22:31</Start>
      <End>02/09/2013 22:31</End>
      <StartType>1</StartType>
      <EndType>1</EndType>
    </Encounter>
    <Diagnosis>
      <Type>Principal</Type>
      <Code>787.3</Code>
    </Diagnosis>
    <Diagnosis>
      <Type>Secondary</Type>
      <Code>787.03</Code>
    </Diagnosis>
    <Activity>
      <ID>39447218</ID>
      <Start>02/09/2013 22:31</Start>
      <Type>5</Type>
      <Code>1348-6747-001</Code>
      <Quantity>1.00</Quantity>
      <Net>25.00</Net>
      <Clinician>GD11117</Clinician>
    </Activity>
    <Contract>
      <PackageName>Arab Orient Ins Mednet</PackageName>
    </Contract>
  </Claim>
  <Claim>
    <ID>SP30206029</ID>
    <IDPayer />
    <MemberID>0971 1004 00419417 02</MemberID>
    <PayerID>A012</PayerID>
    <ProviderID>PF1465</ProviderID>
    <EmiratesIDNumber>999-9999-9999999-9</EmiratesIDNumber>
    <Gross>68.00</Gross>
    <PatientShare>0.00</PatientShare>
    <Net>68.00</Net>
    <Encounter>
      <FacilityID>PF1465</FacilityID>
      <Type>1</Type>
      <PatientID>230007758</PatientID>
      <Start>02/09/2013 23:02</Start>
      <End>02/09/2013 23:02</End>
      <StartType>1</StartType>
      <EndType>1</EndType>
    </Encounter>
    <Diagnosis>
      <Type>Secondary</Type>
      <Code>455.6</Code>
    </Diagnosis>
    <Diagnosis>
      <Type>Secondary</Type>
      <Code>626.8</Code>
    </Diagnosis>
    <Diagnosis>
      <Type>Principal</Type>
      <Code>285.9</Code>
    </Diagnosis>
    <Activity>
      <ID>39447219</ID>
      <Start>02/09/2013 23:02</Start>
      <Type>5</Type>
      <Code>1732-2204-002</Code>
      <Quantity>2.00</Quantity>
      <Net>68.00</Net>
      <Clinician>GD16006</Clinician>
    </Activity>
    <Contract>
      <PackageName>Arab Orient Ins Mednet</PackageName>
    </Contract>
  </Claim>
  <Claim>
    <ID>SP30206030</ID>
    <IDPayer />
    <MemberID>0971 1004 00432336 01</MemberID>
    <PayerID>A012</PayerID>
    <ProviderID>PF1465</ProviderID>
    <EmiratesIDNumber>999-9999-9999999-9</EmiratesIDNumber>
    <Gross>50.00</Gross>
    <PatientShare>0.00</PatientShare>
    <Net>50.00</Net>
    <Encounter>
      <FacilityID>PF1465</FacilityID>
      <Type>1</Type>
      <PatientID>230017454</PatientID>
      <Start>05/09/2013 10:35</Start>
      <End>05/09/2013 10:35</End>
      <StartType>1</StartType>
      <EndType>1</EndType>
    </Encounter>
    <Diagnosis>
      <Type>Principal</Type>
      <Code>112.0</Code>
    </Diagnosis>
    <Diagnosis>
      <Type>Secondary</Type>
      <Code>268.9</Code>
    </Diagnosis>
    <Diagnosis>
      <Type>Secondary</Type>
      <Code>528.09</Code>
    </Diagnosis>
    <Diagnosis>
      <Type>Secondary</Type>
      <Code>787.3</Code>
    </Diagnosis>
    <Diagnosis>
      <Type>Secondary</Type>
      <Code>465.9</Code>
    </Diagnosis>
    <Activity>
      <ID>39447220</ID>
      <Start>05/09/2013 10:35</Start>
      <Type>5</Type>
      <Code>1711-4572-007</Code>
      <Quantity>1.00</Quantity>
      <Net>17.50</Net>
      <Clinician>GD11117</Clinician>
    </Activity>
    <Activity>
      <ID>39447221</ID>
      <Start>05/09/2013 10:35</Start>
      <Type>5</Type>
      <Code>2169-6041-001</Code>
      <Quantity>1.00</Quantity>
      <Net>23.00</Net>
      <Clinician>GD11117</Clinician>
    </Activity>
    <Activity>
      <ID>39447222</ID>
      <Start>05/09/2013 10:35</Start>
      <Type>5</Type>
      <Code>1268-3123-001</Code>
      <Quantity>1.00</Quantity>
      <Net>9.50</Net>
      <Clinician>GD11117</Clinician>
    </Activity>
    <Contract>
      <PackageName>Arab Orient Ins Mednet</PackageName>
    </Contract>
  </Claim>
  <Claim>
    <ID>SP30206031</ID>
    <IDPayer />
    <MemberID>0971 1004 00432835 02</MemberID>
    <PayerID>A012</PayerID>
    <ProviderID>PF1465</ProviderID>
    <EmiratesIDNumber>999-9999-9999999-9</EmiratesIDNumber>
    <Gross>97.00</Gross>
    <PatientShare>0.00</PatientShare>
    <Net>97.00</Net>
    <Encounter>
      <FacilityID>PF1465</FacilityID>
      <Type>1</Type>
      <PatientID>230017455</PatientID>
      <Start>05/09/2013 10:41</Start>
      <End>05/09/2013 10:41</End>
      <StartType>1</StartType>
      <EndType>1</EndType>
    </Encounter>
    <Diagnosis>
      <Type>Secondary</Type>
      <Code>V09.80</Code>
    </Diagnosis>
    <Diagnosis>
      <Type>Secondary</Type>
      <Code>626.4</Code>
    </Diagnosis>
    <Diagnosis>
      <Type>Secondary</Type>
      <Code>V09.4</Code>
    </Diagnosis>
    <Diagnosis>
      <Type>Secondary</Type>
      <Code>041.10</Code>
    </Diagnosis>
    <Diagnosis>
      <Type>Principal</Type>
      <Code>616.10</Code>
    </Diagnosis>
    <Diagnosis>
      <Type>Secondary</Type>
      <Code>V09.2</Code>
    </Diagnosis>
    <Activity>
      <ID>39447223</ID>
      <Start>05/09/2013 10:41</Start>
      <Type>5</Type>
      <Code>1747-1499-005</Code>
      <Quantity>1.00</Quantity>
      <Net>25.00</Net>
      <Clinician>GD16006</Clinician>
    </Activity>
    <Activity>
      <ID>39447224</ID>
      <Start>05/09/2013 10:41</Start>
      <Type>5</Type>
      <Code>1697-5913-001</Code>
      <Quantity>4.00</Quantity>
      <Net>72.00</Net>
      <Clinician>GD16006</Clinician>
    </Activity>
    <Contract>
      <PackageName>Arab Orient Ins Mednet</PackageName>
    </Contract>
  </Claim>
  <Claim>
    <ID>SP30206032</ID>
    <IDPayer />
    <MemberID>0971 1004 00422298 01</MemberID>
    <PayerID>A012</PayerID>
    <ProviderID>PF1465</ProviderID>
    <EmiratesIDNumber>999-9999-9999999-9</EmiratesIDNumber>
    <Gross>78.50</Gross>
    <PatientShare>0.00</PatientShare>
    <Net>78.50</Net>
    <Encounter>
      <FacilityID>PF1465</FacilityID>
      <Type>1</Type>
      <PatientID>230017478</PatientID>
      <Start>07/09/2013 12:17</Start>
      <End>07/09/2013 12:17</End>
      <StartType>1</StartType>
      <EndType>1</EndType>
    </Encounter>
    <Diagnosis>
      <Type>Secondary</Type>
      <Code>780.79</Code>
    </Diagnosis>
    <Diagnosis>
      <Type>Principal</Type>
      <Code>462</Code>
    </Diagnosis>
    <Diagnosis>
      <Type>Secondary</Type>
      <Code>784.0</Code>
    </Diagnosis>
    <Activity>
      <ID>39447225</ID>
      <Start>07/09/2013 12:17</Start>
      <Type>5</Type>
      <Code>1241-1457-014</Code>
      <Quantity>1.00</Quantity>
      <Net>16.50</Net>
      <Clinician>GD16058</Clinician>
    </Activity>
    <Activity>
      <ID>39447226</ID>
      <Start>07/09/2013 12:17</Start>
      <Type>5</Type>
      <Code>2405-6584-001</Code>
      <Quantity>1.00</Quantity>
      <Net>43.50</Net>
      <Clinician>GD16058</Clinician>
    </Activity>
    <Activity>
      <ID>39447227</ID>
      <Start>07/09/2013 12:17</Start>
      <Type>5</Type>
      <Code>1764-3464-012</Code>
      <Quantity>1.00</Quantity>
      <Net>18.50</Net>
      <Clinician>GD16058</Clinician>
    </Activity>
    <Contract>
      <PackageName>Arab Orient Ins Mednet</PackageName>
    </Contract>
  </Claim>
  <Claim>
    <ID>SP30206033</ID>
    <IDPayer />
    <MemberID>0971 1004 00363919 01</MemberID>
    <PayerID>A012</PayerID>
    <ProviderID>PF1465</ProviderID>
    <EmiratesIDNumber>999-9999-9999999-9</EmiratesIDNumber>
    <Gross>368.00</Gross>
    <PatientShare>0.00</PatientShare>
    <Net>368.00</Net>
    <Encounter>
      <FacilityID>PF1465</FacilityID>
      <Type>1</Type>
      <PatientID>230017522</PatientID>
      <Start>08/09/2013 17:54</Start>
      <End>08/09/2013 17:54</End>
      <StartType>1</StartType>
      <EndType>1</EndType>
    </Encounter>
    <Diagnosis>
      <Type>Secondary</Type>
      <Code>478.9</Code>
    </Diagnosis>
    <Diagnosis>
      <Type>Principal</Type>
      <Code>784.0</Code>
    </Diagnosis>
    <Diagnosis>
      <Type>Secondary</Type>
      <Code>041.9</Code>
    </Diagnosis>
    <Activity>
      <ID>39447228</ID>
      <Start>08/09/2013 17:54</Start>
      <Type>5</Type>
      <Code>1531-1235-006</Code>
      <Quantity>1.00</Quantity>
      <Net>171.00</Net>
      <Clinician>D4443</Clinician>
    </Activity>
    <Activity>
      <ID>39447229</ID>
      <Start>08/09/2013 17:54</Start>
      <Type>5</Type>
      <Code>1710-4508-002</Code>
      <Quantity>1.00</Quantity>
      <Net>73.00</Net>
      <Clinician>D4443</Clinician>
    </Activity>
    <Activity>
      <ID>39447230</ID>
      <Start>08/09/2013 17:54</Start>
      <Type>5</Type>
      <Code>1387-3661-002</Code>
      <Quantity>1.00</Quantity>
      <Net>24.00</Net>
      <Clinician>D4443</Clinician>
    </Activity>
    <Activity>
      <ID>39447231</ID>
      <Start>08/09/2013 17:54</Start>
      <Type>5</Type>
      <Code>1671-1293-011</Code>
      <Quantity>1.00</Quantity>
      <Net>100.00</Net>
      <Clinician>D4443</Clinician>
    </Activity>
    <Contract>
      <PackageName>Arab Orient Ins Mednet</PackageName>
    </Contract>
  </Claim>
  <Claim>
    <ID>SP30206034</ID>
    <IDPayer />
    <MemberID>0971 1004 00459251 01</MemberID>
    <PayerID>A012</PayerID>
    <ProviderID>PF1465</ProviderID>
    <EmiratesIDNumber>999-9999-9999999-9</EmiratesIDNumber>
    <Gross>167.50</Gross>
    <PatientShare>0.00</PatientShare>
    <Net>167.50</Net>
    <Encounter>
      <FacilityID>PF1465</FacilityID>
      <Type>1</Type>
      <PatientID>543663</PatientID>
      <Start>08/09/2013 20:09</Start>
      <End>08/09/2013 20:09</End>
      <StartType>1</StartType>
      <EndType>1</EndType>
    </Encounter>
    <Diagnosis>
      <Type>Secondary</Type>
      <Code>780.60</Code>
    </Diagnosis>
    <Diagnosis>
      <Type>Principal</Type>
      <Code>487.8</Code>
    </Diagnosis>
    <Diagnosis>
      <Type>Secondary</Type>
      <Code>463</Code>
    </Diagnosis>
    <Activity>
      <ID>39447232</ID>
      <Start>08/09/2013 20:09</Start>
      <Type>5</Type>
      <Code>1552-3448-002</Code>
      <Quantity>1.00</Quantity>
      <Net>15.50</Net>
      <Clinician>GD6713</Clinician>
    </Activity>
    <Activity>
      <ID>39447233</ID>
      <Start>08/09/2013 20:09</Start>
      <Type>5</Type>
      <Code>1259-2022-001</Code>
      <Quantity>1.00</Quantity>
      <Net>29.50</Net>
      <Clinician>GD6713</Clinician>
    </Activity>
    <Activity>
      <ID>39447234</ID>
      <Start>08/09/2013 20:09</Start>
      <Type>5</Type>
      <Code>1424-5581-001</Code>
      <Quantity>1.00</Quantity>
      <Net>13.50</Net>
      <Clinician>GD6713</Clinician>
    </Activity>
    <Activity>
      <ID>39447235</ID>
      <Start>08/09/2013 20:09</Start>
      <Type>5</Type>
      <Code>2414-1531-006</Code>
      <Quantity>2.00</Quantity>
      <Net>102.00</Net>
      <Clinician>GD6713</Clinician>
    </Activity>
    <Activity>
      <ID>39447236</ID>
      <Start>08/09/2013 20:09</Start>
      <Type>5</Type>
      <Code>1723-2515-003</Code>
      <Quantity>1.00</Quantity>
      <Net>7.00</Net>
      <Clinician>GD6713</Clinician>
    </Activity>
    <Contract>
      <PackageName>Arab Orient Ins Mednet</PackageName>
    </Contract>
  </Claim>
  <Claim>
    <ID>SP30206035</ID>
    <IDPayer />
    <MemberID>0971 1004 00459252 02</MemberID>
    <PayerID>A012</PayerID>
    <ProviderID>PF1465</ProviderID>
    <EmiratesIDNumber>999-9999-9999999-9</EmiratesIDNumber>
    <Gross>109.50</Gross>
    <PatientShare>0.00</PatientShare>
    <Net>109.50</Net>
    <Encounter>
      <FacilityID>PF1465</FacilityID>
      <Type>1</Type>
      <PatientID>130011537</PatientID>
      <Start>08/09/2013 20:11</Start>
      <End>08/09/2013 20:11</End>
      <StartType>1</StartType>
      <EndType>1</EndType>
    </Encounter>
    <Diagnosis>
      <Type>Secondary</Type>
      <Code>462</Code>
    </Diagnosis>
    <Diagnosis>
      <Type>Secondary</Type>
      <Code>785.2</Code>
    </Diagnosis>
    <Diagnosis>
      <Type>Principal</Type>
      <Code>487.8</Code>
    </Diagnosis>
    <Activity>
      <ID>39447237</ID>
      <Start>08/09/2013 20:11</Start>
      <Type>5</Type>
      <Code>1552-3448-002</Code>
      <Quantity>1.00</Quantity>
      <Net>15.50</Net>
      <Clinician>GD6713</Clinician>
    </Activity>
    <Activity>
      <ID>39447238</ID>
      <Start>08/09/2013 20:11</Start>
      <Type>5</Type>
      <Code>1424-5581-001</Code>
      <Quantity>1.00</Quantity>
      <Net>13.50</Net>
      <Clinician>GD6713</Clinician>
    </Activity>
    <Activity>
      <ID>39447239</ID>
      <Start>08/09/2013 20:11</Start>
      <Type>5</Type>
      <Code>2414-1531-006</Code>
      <Quantity>1.00</Quantity>
      <Net>51.00</Net>
      <Clinician>GD6713</Clinician>
    </Activity>
    <Activity>
      <ID>39447240</ID>
      <Start>08/09/2013 20:11</Start>
      <Type>5</Type>
      <Code>1259-2022-001</Code>
      <Quantity>1.00</Quantity>
      <Net>29.50</Net>
      <Clinician>GD6713</Clinician>
    </Activity>
    <Contract>
      <PackageName>Arab Orient Ins Mednet</PackageName>
    </Contract>
  </Claim>
  <Claim>
    <ID>SP30206036</ID>
    <IDPayer />
    <MemberID>0971 1004 00459250 02</MemberID>
    <PayerID>A012</PayerID>
    <ProviderID>PF1465</ProviderID>
    <EmiratesIDNumber>999-9999-9999999-9</EmiratesIDNumber>
    <Gross>154.50</Gross>
    <PatientShare>0.00</PatientShare>
    <Net>154.50</Net>
    <Encounter>
      <FacilityID>PF1465</FacilityID>
      <Type>1</Type>
      <PatientID>1000517422</PatientID>
      <Start>08/09/2013 20:20</Start>
      <End>08/09/2013 20:20</End>
      <StartType>1</StartType>
      <EndType>1</EndType>
    </Encounter>
    <Diagnosis>
      <Type>Secondary</Type>
      <Code>784.0</Code>
    </Diagnosis>
    <Diagnosis>
      <Type>Secondary</Type>
      <Code>784.1</Code>
    </Diagnosis>
    <Diagnosis>
      <Type>Principal</Type>
      <Code>646.83</Code>
    </Diagnosis>
    <Activity>
      <ID>39447241</ID>
      <Start>08/09/2013 20:20</Start>
      <Type>5</Type>
      <Code>1431-2392-009</Code>
      <Quantity>1.00</Quantity>
      <Net>29.50</Net>
      <Clinician>GD16006</Clinician>
    </Activity>
    <Activity>
      <ID>39447242</ID>
      <Start>08/09/2013 20:20</Start>
      <Type>5</Type>
      <Code>1120-1485-002</Code>
      <Quantity>3.00</Quantity>
      <Net>57.00</Net>
      <Clinician>GD16006</Clinician>
    </Activity>
    <Activity>
      <ID>39447243</ID>
      <Start>08/09/2013 20:20</Start>
      <Type>5</Type>
      <Code>1732-2204-002</Code>
      <Quantity>2.00</Quantity>
      <Net>68.00</Net>
      <Clinician>GD16006</Clinician>
    </Activity>
    <Contract>
      <PackageName>Arab Orient Ins Mednet</PackageName>
    </Contract>
  </Claim>
  <Claim>
    <ID>SP30206037</ID>
    <IDPayer />
    <MemberID>0971 1004 00364352 01</MemberID>
    <PayerID>A012</PayerID>
    <ProviderID>PF1465</ProviderID>
    <EmiratesIDNumber>999-9999-9999999-9</EmiratesIDNumber>
    <Gross>82.50</Gross>
    <PatientShare>0.00</PatientShare>
    <Net>82.50</Net>
    <Encounter>
      <FacilityID>PF1465</FacilityID>
      <Type>1</Type>
      <PatientID>1000154232</PatientID>
      <Start>09/09/2013 13:36</Start>
      <End>09/09/2013 13:36</End>
      <StartType>1</StartType>
      <EndType>1</EndType>
    </Encounter>
    <Diagnosis>
      <Type>Secondary</Type>
      <Code>274.9</Code>
    </Diagnosis>
    <Diagnosis>
      <Type>Principal</Type>
      <Code>722.10</Code>
    </Diagnosis>
    <Diagnosis>
      <Type>Secondary</Type>
      <Code>715.36</Code>
    </Diagnosis>
    <Diagnosis>
      <Type>Secondary</Type>
      <Code>719.06</Code>
    </Diagnosis>
    <Diagnosis>
      <Type>Secondary</Type>
      <Code>729.2</Code>
    </Diagnosis>
    <Diagnosis>
      <Type>Secondary</Type>
      <Code>268.2</Code>
    </Diagnosis>
    <Diagnosis>
      <Type>Secondary</Type>
      <Code>530.11</Code>
    </Diagnosis>
    <Activity>
      <ID>39447244</ID>
      <Start>09/09/2013 13:36</Start>
      <Type>5</Type>
      <Code>1556-4476-014</Code>
      <Quantity>1.00</Quantity>
      <Net>38.50</Net>
      <Clinician>GD6012</Clinician>
    </Activity>
    <Activity>
      <ID>39447245</ID>
      <Start>09/09/2013 13:36</Start>
      <Type>5</Type>
      <Code>1526-3225-002</Code>
      <Quantity>2.00</Quantity>
      <Net>44.00</Net>
      <Clinician>GD6012</Clinician>
    </Activity>
    <Contract>
      <PackageName>Arab Orient Ins Mednet</PackageName>
    </Contract>
  </Claim>
  <Claim>
    <ID>SP30206038</ID>
    <IDPayer />
    <MemberID>0971 1004 00364352 01</MemberID>
    <PayerID>A012</PayerID>
    <ProviderID>PF1465</ProviderID>
    <EmiratesIDNumber>999-9999-9999999-9</EmiratesIDNumber>
    <Gross>70.50</Gross>
    <PatientShare>0.00</PatientShare>
    <Net>70.50</Net>
    <Encounter>
      <FacilityID>PF1465</FacilityID>
      <Type>1</Type>
      <PatientID>1000154232</PatientID>
      <Start>09/09/2013 13:37</Start>
      <End>09/09/2013 13:37</End>
      <StartType>1</StartType>
      <EndType>1</EndType>
    </Encounter>
    <Diagnosis>
      <Type>Secondary</Type>
      <Code>728.85</Code>
    </Diagnosis>
    <Diagnosis>
      <Type>Secondary</Type>
      <Code>721.3</Code>
    </Diagnosis>
    <Diagnosis>
      <Type>Secondary</Type>
      <Code>784.0</Code>
    </Diagnosis>
    <Diagnosis>
      <Type>Principal</Type>
      <Code>724.5</Code>
    </Diagnosis>
    <Activity>
      <ID>39447246</ID>
      <Start>09/09/2013 13:37</Start>
      <Type>5</Type>
      <Code>1556-4622-003</Code>
      <Quantity>1.00</Quantity>
      <Net>70.50</Net>
      <Clinician>GD7381</Clinician>
    </Activity>
    <Contract>
      <PackageName>Arab Orient Ins Mednet</PackageName>
    </Contract>
  </Claim>
  <Claim>
    <ID>SP30206039</ID>
    <IDPayer />
    <MemberID>0971 1004 00339347 01</MemberID>
    <PayerID>A012</PayerID>
    <ProviderID>PF1465</ProviderID>
    <EmiratesIDNumber>999-9999-9999999-9</EmiratesIDNumber>
    <Gross>446.50</Gross>
    <PatientShare>0.00</PatientShare>
    <Net>446.50</Net>
    <Encounter>
      <FacilityID>PF1465</FacilityID>
      <Type>1</Type>
      <PatientID>230017560</PatientID>
      <Start>09/09/2013 13:48</Start>
      <End>09/09/2013 13:48</End>
      <StartType>1</StartType>
      <EndType>1</EndType>
    </Encounter>
    <Diagnosis>
      <Type>Secondary</Type>
      <Code>729.2</Code>
    </Diagnosis>
    <Diagnosis>
      <Type>Secondary</Type>
      <Code>338.19</Code>
    </Diagnosis>
    <Diagnosis>
      <Type>Secondary</Type>
      <Code>530.11</Code>
    </Diagnosis>
    <Diagnosis>
      <Type>Principal</Type>
      <Code>722.10</Code>
    </Diagnosis>
    <Activity>
      <ID>39447247</ID>
      <Start>09/09/2013 13:48</Start>
      <Type>5</Type>
      <Code>1279-3234-003</Code>
      <Quantity>2.00</Quantity>
      <Net>220.00</Net>
      <Clinician>GD6012</Clinician>
    </Activity>
    <Activity>
      <ID>39447248</ID>
      <Start>09/09/2013 13:48</Start>
      <Type>5</Type>
      <Code>2343-6539-001</Code>
      <Quantity>1.00</Quantity>
      <Net>73.00</Net>
      <Clinician>GD6012</Clinician>
    </Activity>
    <Activity>
      <ID>39447249</ID>
      <Start>09/09/2013 13:48</Start>
      <Type>5</Type>
      <Code>1526-3225-002</Code>
      <Quantity>2.00</Quantity>
      <Net>44.00</Net>
      <Clinician>GD6012</Clinician>
    </Activity>
    <Activity>
      <ID>39447250</ID>
      <Start>09/09/2013 13:48</Start>
      <Type>5</Type>
      <Code>1697-1953-001</Code>
      <Quantity>1.00</Quantity>
      <Net>32.50</Net>
      <Clinician>GD6012</Clinician>
    </Activity>
    <Activity>
      <ID>39447251</ID>
      <Start>09/09/2013 13:48</Start>
      <Type>5</Type>
      <Code>1556-4476-014</Code>
      <Quantity>2.00</Quantity>
      <Net>77.00</Net>
      <Clinician>GD6012</Clinician>
    </Activity>
    <Contract>
      <PackageName>Arab Orient Ins Mednet</PackageName>
    </Contract>
  </Claim>
  <Claim>
    <ID>SP30206040</ID>
    <IDPayer />
    <MemberID>0971 1004 00364352 01</MemberID>
    <PayerID>A012</PayerID>
    <ProviderID>PF1465</ProviderID>
    <EmiratesIDNumber>999-9999-9999999-9</EmiratesIDNumber>
    <Gross>34.00</Gross>
    <PatientShare>0.00</PatientShare>
    <Net>34.00</Net>
    <Encounter>
      <FacilityID>PF1465</FacilityID>
      <Type>1</Type>
      <PatientID>1000154232</PatientID>
      <Start>10/09/2013 13:39</Start>
      <End>10/09/2013 13:39</End>
      <StartType>1</StartType>
      <EndType>1</EndType>
    </Encounter>
    <Diagnosis>
      <Type>Secondary</Type>
      <Code>729.2</Code>
    </Diagnosis>
    <Diagnosis>
      <Type>Secondary</Type>
      <Code>285.9</Code>
    </Diagnosis>
    <Diagnosis>
      <Type>Secondary</Type>
      <Code>719.06</Code>
    </Diagnosis>
    <Diagnosis>
      <Type>Secondary</Type>
      <Code>274.9</Code>
    </Diagnosis>
    <Diagnosis>
      <Type>Secondary</Type>
      <Code>535.00</Code>
    </Diagnosis>
    <Diagnosis>
      <Type>Principal</Type>
      <Code>722.10</Code>
    </Diagnosis>
    <Diagnosis>
      <Type>Secondary</Type>
      <Code>715.36</Code>
    </Diagnosis>
    <Activity>
      <ID>39447252</ID>
      <Start>10/09/2013 13:39</Start>
      <Type>5</Type>
      <Code>1732-2204-002</Code>
      <Quantity>1.00</Quantity>
      <Net>34.00</Net>
      <Clinician>GD6012</Clinician>
    </Activity>
    <Contract>
      <PackageName>Arab Orient Ins Mednet</PackageName>
    </Contract>
  </Claim>
  <Claim>
    <ID>SP30206041</ID>
    <IDPayer />
    <MemberID>0971 1004 00432835 02</MemberID>
    <PayerID>A012</PayerID>
    <ProviderID>PF1465</ProviderID>
    <EmiratesIDNumber>999-9999-9999999-9</EmiratesIDNumber>
    <Gross>209.00</Gross>
    <PatientShare>0.00</PatientShare>
    <Net>209.00</Net>
    <Encounter>
      <FacilityID>PF1465</FacilityID>
      <Type>1</Type>
      <PatientID>230017455</PatientID>
      <Start>10/09/2013 19:04</Start>
      <End>10/09/2013 19:04</End>
      <StartType>1</StartType>
      <EndType>1</EndType>
    </Encounter>
    <Diagnosis>
      <Type>Principal</Type>
      <Code>616.10</Code>
    </Diagnosis>
    <Activity>
      <ID>39447253</ID>
      <Start>10/09/2013 19:04</Start>
      <Type>5</Type>
      <Code>1750-4545-012</Code>
      <Quantity>2.00</Quantity>
      <Net>209.00</Net>
      <Clinician>GD16006</Clinician>
    </Activity>
    <Contract>
      <PackageName>Arab Orient Ins Mednet</PackageName>
    </Contract>
  </Claim>
  <Claim>
    <ID>SP30206042</ID>
    <IDPayer />
    <MemberID>0971 1004 00463386 02</MemberID>
    <PayerID>A012</PayerID>
    <ProviderID>PF1465</ProviderID>
    <EmiratesIDNumber>999-9999-9999999-9</EmiratesIDNumber>
    <Gross>43.50</Gross>
    <PatientShare>0.00</PatientShare>
    <Net>43.50</Net>
    <Encounter>
      <FacilityID>PF1465</FacilityID>
      <Type>1</Type>
      <PatientID>230017689</PatientID>
      <Start>12/09/2013 18:25</Start>
      <End>12/09/2013 18:25</End>
      <StartType>1</StartType>
      <EndType>1</EndType>
    </Encounter>
    <Diagnosis>
      <Type>Principal</Type>
      <Code>373.11</Code>
    </Diagnosis>
    <Diagnosis>
      <Type>Secondary</Type>
      <Code>372.30</Code>
    </Diagnosis>
    <Activity>
      <ID>39447254</ID>
      <Start>12/09/2013 18:25</Start>
      <Type>5</Type>
      <Code>1268-1210-002</Code>
      <Quantity>1.00</Quantity>
      <Net>6.50</Net>
      <Clinician>GD12767</Clinician>
    </Activity>
    <Activity>
      <ID>39447255</ID>
      <Start>12/09/2013 18:25</Start>
      <Type>5</Type>
      <Code>1241-1457-014</Code>
      <Quantity>1.00</Quantity>
      <Net>16.50</Net>
      <Clinician>GD12767</Clinician>
    </Activity>
    <Activity>
      <ID>39447256</ID>
      <Start>12/09/2013 18:25</Start>
      <Type>5</Type>
      <Code>1254-4221-001</Code>
      <Quantity>1.00</Quantity>
      <Net>20.50</Net>
      <Clinician>GD12767</Clinician>
    </Activity>
    <Contract>
      <PackageName>Arab Orient Ins Mednet</PackageName>
    </Contract>
  </Claim>
  <Claim>
    <ID>SP30206043</ID>
    <IDPayer />
    <MemberID>0971 1004 00420966 02</MemberID>
    <PayerID>A012</PayerID>
    <ProviderID>PF1465</ProviderID>
    <EmiratesIDNumber>999-9999-9999999-9</EmiratesIDNumber>
    <Gross>500.50</Gross>
    <PatientShare>50.05</PatientShare>
    <Net>450.45</Net>
    <Encounter>
      <FacilityID>PF1465</FacilityID>
      <Type>1</Type>
      <PatientID>160010447</PatientID>
      <Start>14/09/2013 14:44</Start>
      <End>14/09/2013 14:44</End>
      <StartType>1</StartType>
      <EndType>1</EndType>
    </Encounter>
    <Diagnosis>
      <Type>Secondary</Type>
      <Code>640.00</Code>
    </Diagnosis>
    <Diagnosis>
      <Type>Secondary</Type>
      <Code>595.0</Code>
    </Diagnosis>
    <Diagnosis>
      <Type>Principal</Type>
      <Code>646.63</Code>
    </Diagnosis>
    <Activity>
      <ID>39447257</ID>
      <Start>14/09/2013 14:44</Start>
      <Type>5</Type>
      <Code>1317-1465-001</Code>
      <Quantity>1.00</Quantity>
      <Net>10.80</Net>
      <Clinician>D1965</Clinician>
    </Activity>
    <Activity>
      <ID>39447258</ID>
      <Start>14/09/2013 14:44</Start>
      <Type>5</Type>
      <Code>1644-3617-001</Code>
      <Quantity>8.00</Quantity>
      <Net>151.20</Net>
      <Clinician>D1965</Clinician>
    </Activity>
    <Activity>
      <ID>39447259</ID>
      <Start>14/09/2013 14:44</Start>
      <Type>5</Type>
      <Code>1671-1293-003</Code>
      <Quantity>1.00</Quantity>
      <Net>110.25</Net>
      <Clinician>D1965</Clinician>
    </Activity>
    <Activity>
      <ID>39447260</ID>
      <Start>14/09/2013 14:44</Start>
      <Type>5</Type>
      <Code>1873-6751-001</Code>
      <Quantity>2.00</Quantity>
      <Net>178.20</Net>
      <Clinician>D1965</Clinician>
    </Activity>
    <Contract>
      <PackageName>Arab Orient Ins Mednet</PackageName>
    </Contract>
  </Claim>
  <Claim>
    <ID>SP30206044</ID>
    <IDPayer />
    <MemberID>0971 1004 00364456 01</MemberID>
    <PayerID>A012</PayerID>
    <ProviderID>PF1465</ProviderID>
    <EmiratesIDNumber>999-9999-9999999-9</EmiratesIDNumber>
    <Gross>144.50</Gross>
    <PatientShare>0.00</PatientShare>
    <Net>144.50</Net>
    <Encounter>
      <FacilityID>PF1465</FacilityID>
      <Type>1</Type>
      <PatientID>230010969</PatientID>
      <Start>15/09/2013 18:27</Start>
      <End>15/09/2013 18:27</End>
      <StartType>1</StartType>
      <EndType>1</EndType>
    </Encounter>
    <Diagnosis>
      <Type>Principal</Type>
      <Code>462</Code>
    </Diagnosis>
    <Diagnosis>
      <Type>Secondary</Type>
      <Code>041.9</Code>
    </Diagnosis>
    <Activity>
      <ID>39447261</ID>
      <Start>15/09/2013 18:27</Start>
      <Type>5</Type>
      <Code>1983-5223-001</Code>
      <Quantity>1.00</Quantity>
      <Net>24.00</Net>
      <Clinician>D4443</Clinician>
    </Activity>
    <Activity>
      <ID>39447262</ID>
      <Start>15/09/2013 18:27</Start>
      <Type>5</Type>
      <Code>1259-2022-002</Code>
      <Quantity>1.00</Quantity>
      <Net>41.00</Net>
      <Clinician>D4443</Clinician>
    </Activity>
    <Activity>
      <ID>39447263</ID>
      <Start>15/09/2013 18:27</Start>
      <Type>5</Type>
      <Code>2209-3464-023</Code>
      <Quantity>1.00</Quantity>
      <Net>11.00</Net>
      <Clinician>D4443</Clinician>
    </Activity>
    <Activity>
      <ID>39447264</ID>
      <Start>15/09/2013 18:27</Start>
      <Type>5</Type>
      <Code>1472-1319-003</Code>
      <Quantity>1.00</Quantity>
      <Net>68.50</Net>
      <Clinician>D4443</Clinician>
    </Activity>
    <Contract>
      <PackageName>Arab Orient Ins Mednet</PackageName>
    </Contract>
  </Claim>
  <Claim>
    <ID>SP30209953</ID>
    <IDPayer />
    <MemberID>0971 1004 00419392 02</MemberID>
    <PayerID>A012</PayerID>
    <ProviderID>PF1465</ProviderID>
    <EmiratesIDNumber>999-9999-9999999-9</EmiratesIDNumber>
    <Gross>414.50</Gross>
    <PatientShare>0.00</PatientShare>
    <Net>414.50</Net>
    <Encounter>
      <FacilityID>PF1465</FacilityID>
      <Type>1</Type>
      <PatientID>130033116</PatientID>
      <Start>16/09/2013 13:14</Start>
      <End>16/09/2013 13:14</End>
      <StartType>1</StartType>
      <EndType>1</EndType>
    </Encounter>
    <Diagnosis>
      <Type>Principal</Type>
      <Code>535.00</Code>
    </Diagnosis>
    <Activity>
      <ID>39447265</ID>
      <Start>16/09/2013 13:14</Start>
      <Type>5</Type>
      <Code>1431-2392-009</Code>
      <Quantity>2.00</Quantity>
      <Net>59.00</Net>
      <Clinician>GD16058</Clinician>
    </Activity>
    <Activity>
      <ID>39447266</ID>
      <Start>16/09/2013 13:14</Start>
      <Type>5</Type>
      <Code>1699-4128-002</Code>
      <Quantity>2.00</Quantity>
      <Net>167.00</Net>
      <Clinician>GD16058</Clinician>
    </Activity>
    <Activity>
      <ID>39447267</ID>
      <Start>16/09/2013 13:14</Start>
      <Type>5</Type>
      <Code>1241-2728-005</Code>
      <Quantity>1.00</Quantity>
      <Net>188.50</Net>
      <Clinician>GD16058</Clinician>
    </Activity>
    <Contract>
      <PackageName>Arab Orient Ins Mednet</PackageName>
    </Contract>
  </Claim>
  <Claim>
    <ID>SP30209954</ID>
    <IDPayer />
    <MemberID>0971 1004 00320785 01</MemberID>
    <PayerID>A012</PayerID>
    <ProviderID>PF1465</ProviderID>
    <EmiratesIDNumber>999-9999-9999999-9</EmiratesIDNumber>
    <Gross>103.00</Gross>
    <PatientShare>0.00</PatientShare>
    <Net>103.00</Net>
    <Encounter>
      <FacilityID>PF1465</FacilityID>
      <Type>1</Type>
      <PatientID>1000446699</PatientID>
      <Start>18/09/2013 11:16</Start>
      <End>18/09/2013 11:16</End>
      <StartType>1</StartType>
      <EndType>1</EndType>
    </Encounter>
    <Diagnosis>
      <Type>Secondary</Type>
      <Code>787.03</Code>
    </Diagnosis>
    <Diagnosis>
      <Type>Secondary</Type>
      <Code>276.51</Code>
    </Diagnosis>
    <Diagnosis>
      <Type>Principal</Type>
      <Code>009.1</Code>
    </Diagnosis>
    <Activity>
      <ID>39447268</ID>
      <Start>18/09/2013 11:16</Start>
      <Type>5</Type>
      <Code>1957-4845-004</Code>
      <Quantity>3.00</Quantity>
      <Net>37.50</Net>
      <Clinician>D5581</Clinician>
    </Activity>
    <Activity>
      <ID>39447269</ID>
      <Start>18/09/2013 11:16</Start>
      <Type>5</Type>
      <Code>1250-4098-002</Code>
      <Quantity>1.00</Quantity>
      <Net>53.50</Net>
      <Clinician>D5581</Clinician>
    </Activity>
    <Activity>
      <ID>39447270</ID>
      <Start>18/09/2013 11:16</Start>
      <Type>5</Type>
      <Code>2413-1457-011</Code>
      <Quantity>1.00</Quantity>
      <Net>12.00</Net>
      <Clinician>D5581</Clinician>
    </Activity>
    <Contract>
      <PackageName>Arab Orient Ins Mednet</PackageName>
    </Contract>
  </Claim>
  <Claim>
    <ID>SP30209955</ID>
    <IDPayer />
    <MemberID>0971 1004 00329493 01</MemberID>
    <PayerID>A012</PayerID>
    <ProviderID>PF1465</ProviderID>
    <EmiratesIDNumber>999-9999-9999999-9</EmiratesIDNumber>
    <Gross>176.00</Gross>
    <PatientShare>0.00</PatientShare>
    <Net>176.00</Net>
    <Encounter>
      <FacilityID>PF1465</FacilityID>
      <Type>1</Type>
      <PatientID>230018011</PatientID>
      <Start>23/09/2013 18:33</Start>
      <End>23/09/2013 18:33</End>
      <StartType>1</StartType>
      <EndType>1</EndType>
    </Encounter>
    <Diagnosis>
      <Type>Secondary</Type>
      <Code>V18.0</Code>
    </Diagnosis>
    <Diagnosis>
      <Type>Secondary</Type>
      <Code>466.0</Code>
    </Diagnosis>
    <Diagnosis>
      <Type>Principal</Type>
      <Code>786.50</Code>
    </Diagnosis>
    <Diagnosis>
      <Type>Secondary</Type>
      <Code>786.2</Code>
    </Diagnosis>
    <Activity>
      <ID>39447271</ID>
      <Start>23/09/2013 18:33</Start>
      <Type>5</Type>
      <Code>2209-6110-001</Code>
      <Quantity>1.00</Quantity>
      <Net>6.50</Net>
      <Clinician>GD11389</Clinician>
    </Activity>
    <Activity>
      <ID>39447272</ID>
      <Start>23/09/2013 18:33</Start>
      <Type>5</Type>
      <Code>1710-4572-005</Code>
      <Quantity>1.00</Quantity>
      <Net>39.50</Net>
      <Clinician>GD11389</Clinician>
    </Activity>
    <Activity>
      <ID>39447273</ID>
      <Start>23/09/2013 18:33</Start>
      <Type>5</Type>
      <Code>1472-3095-001</Code>
      <Quantity>1.00</Quantity>
      <Net>7.50</Net>
      <Clinician>GD11389</Clinician>
    </Activity>
    <Activity>
      <ID>39447274</ID>
      <Start>23/09/2013 18:33</Start>
      <Type>5</Type>
      <Code>1671-1293-003</Code>
      <Quantity>1.00</Quantity>
      <Net>122.50</Net>
      <Clinician>GD11389</Clinician>
    </Activity>
    <Contract>
      <PackageName>Arab Orient Ins Mednet</PackageName>
    </Contract>
  </Claim>
  <Claim>
    <ID>SP30209956</ID>
    <IDPayer />
    <MemberID>0971 1004 00437300 01</MemberID>
    <PayerID>A012</PayerID>
    <ProviderID>PF1465</ProviderID>
    <EmiratesIDNumber>999-9999-9999999-9</EmiratesIDNumber>
    <Gross>45.00</Gross>
    <PatientShare>0.00</PatientShare>
    <Net>45.00</Net>
    <Encounter>
      <FacilityID>PF1465</FacilityID>
      <Type>1</Type>
      <PatientID>1000483965</PatientID>
      <Start>24/09/2013 17:21</Start>
      <End>24/09/2013 17:21</End>
      <StartType>1</StartType>
      <EndType>1</EndType>
    </Encounter>
    <Diagnosis>
      <Type>Secondary</Type>
      <Code>786.2</Code>
    </Diagnosis>
    <Diagnosis>
      <Type>Secondary</Type>
      <Code>463</Code>
    </Diagnosis>
    <Diagnosis>
      <Type>Secondary</Type>
      <Code>780.60</Code>
    </Diagnosis>
    <Diagnosis>
      <Type>Principal</Type>
      <Code>487.8</Code>
    </Diagnosis>
    <Diagnosis>
      <Type>Secondary</Type>
      <Code>466.0</Code>
    </Diagnosis>
    <Diagnosis>
      <Type>Secondary</Type>
      <Code>477.9</Code>
    </Diagnosis>
    <Activity>
      <ID>39447275</ID>
      <Start>24/09/2013 17:21</Start>
      <Type>5</Type>
      <Code>1552-3448-002</Code>
      <Quantity>1.00</Quantity>
      <Net>15.50</Net>
      <Clinician>GD6713</Clinician>
    </Activity>
    <Activity>
      <ID>39447276</ID>
      <Start>24/09/2013 17:21</Start>
      <Type>5</Type>
      <Code>1259-2022-001</Code>
      <Quantity>1.00</Quantity>
      <Net>29.50</Net>
      <Clinician>GD6713</Clinician>
    </Activity>
    <Contract>
      <PackageName>Arab Orient Ins Mednet</PackageName>
    </Contract>
  </Claim>
  <Claim>
    <ID>SP30209957</ID>
    <IDPayer />
    <MemberID>0971 1004 00364352 01</MemberID>
    <PayerID>A012</PayerID>
    <ProviderID>PF1465</ProviderID>
    <EmiratesIDNumber>999-9999-9999999-9</EmiratesIDNumber>
    <Gross>443.50</Gross>
    <PatientShare>0.00</PatientShare>
    <Net>443.50</Net>
    <Encounter>
      <FacilityID>PF1465</FacilityID>
      <Type>1</Type>
      <PatientID>1000154232</PatientID>
      <Start>25/09/2013 13:46</Start>
      <End>25/09/2013 13:46</End>
      <StartType>1</StartType>
      <EndType>1</EndType>
    </Encounter>
    <Diagnosis>
      <Type>Secondary</Type>
      <Code>729.2</Code>
    </Diagnosis>
    <Diagnosis>
      <Type>Secondary</Type>
      <Code>716.68</Code>
    </Diagnosis>
    <Diagnosis>
      <Type>Secondary</Type>
      <Code>719.06</Code>
    </Diagnosis>
    <Diagnosis>
      <Type>Secondary</Type>
      <Code>535.00</Code>
    </Diagnosis>
    <Diagnosis>
      <Type>Secondary</Type>
      <Code>274.9</Code>
    </Diagnosis>
    <Diagnosis>
      <Type>Secondary</Type>
      <Code>726.5</Code>
    </Diagnosis>
    <Diagnosis>
      <Type>Secondary</Type>
      <Code>338.19</Code>
    </Diagnosis>
    <Diagnosis>
      <Type>Principal</Type>
      <Code>722.52</Code>
    </Diagnosis>
    <Activity>
      <ID>39447277</ID>
      <Start>25/09/2013 13:46</Start>
      <Type>5</Type>
      <Code>2522-4566-005</Code>
      <Quantity>1.00</Quantity>
      <Net>47.00</Net>
      <Clinician>GD6012</Clinician>
    </Activity>
    <Activity>
      <ID>39447278</ID>
      <Start>25/09/2013 13:46</Start>
      <Type>5</Type>
      <Code>1556-4476-014</Code>
      <Quantity>2.00</Quantity>
      <Net>77.00</Net>
      <Clinician>GD6012</Clinician>
    </Activity>
    <Activity>
      <ID>39447279</ID>
      <Start>25/09/2013 13:46</Start>
      <Type>5</Type>
      <Code>1526-3225-002</Code>
      <Quantity>2.00</Quantity>
      <Net>44.00</Net>
      <Clinician>GD6012</Clinician>
    </Activity>
    <Activity>
      <ID>39447280</ID>
      <Start>25/09/2013 13:46</Start>
      <Type>5</Type>
      <Code>1279-3234-003</Code>
      <Quantity>2.00</Quantity>
      <Net>220.00</Net>
      <Clinician>GD6012</Clinician>
    </Activity>
    <Activity>
      <ID>39447281</ID>
      <Start>25/09/2013 13:46</Start>
      <Type>5</Type>
      <Code>1447-1902-002</Code>
      <Quantity>1.00</Quantity>
      <Net>55.50</Net>
      <Clinician>GD6012</Clinician>
    </Activity>
    <Contract>
      <PackageName>Arab Orient Ins Mednet</PackageName>
    </Contract>
  </Claim>
  <Claim>
    <ID>SP30219673</ID>
    <IDPayer />
    <MemberID>0971 1004 00392235 01</MemberID>
    <PayerID>A012</PayerID>
    <ProviderID>PF1465</ProviderID>
    <EmiratesIDNumber>999-9999-9999999-9</EmiratesIDNumber>
    <Gross>48.00</Gross>
    <PatientShare>0.00</PatientShare>
    <Net>48.00</Net>
    <Encounter>
      <FacilityID>PF1465</FacilityID>
      <Type>1</Type>
      <PatientID>230016777</PatientID>
      <Start>26/09/2013 20:51</Start>
      <End>26/09/2013 20:51</End>
      <StartType>1</StartType>
      <EndType>1</EndType>
    </Encounter>
    <Diagnosis>
      <Type>Secondary</Type>
      <Code>493.90</Code>
    </Diagnosis>
    <Diagnosis>
      <Type>Principal</Type>
      <Code>466.0</Code>
    </Diagnosis>
    <Activity>
      <ID>39447282</ID>
      <Start>26/09/2013 20:51</Start>
      <Type>5</Type>
      <Code>1543-1448-001</Code>
      <Quantity>2.00</Quantity>
      <Net>48.00</Net>
      <Clinician>GD9651</Clinician>
    </Activity>
    <Contract>
      <PackageName>Arab Orient Ins Mednet</PackageName>
    </Contract>
  </Claim>
  <Claim>
    <ID>SP30219674</ID>
    <IDPayer />
    <MemberID>0971 1004 00436316 02</MemberID>
    <PayerID>A012</PayerID>
    <ProviderID>PF1465</ProviderID>
    <EmiratesIDNumber>999-9999-9999999-9</EmiratesIDNumber>
    <Gross>103.50</Gross>
    <PatientShare>0.00</PatientShare>
    <Net>103.50</Net>
    <Encounter>
      <FacilityID>PF1465</FacilityID>
      <Type>1</Type>
      <PatientID>230010537</PatientID>
      <Start>26/09/2013 21:00</Start>
      <End>26/09/2013 21:00</End>
      <StartType>1</StartType>
      <EndType>1</EndType>
    </Encounter>
    <Diagnosis>
      <Type>Secondary</Type>
      <Code>268.9</Code>
    </Diagnosis>
    <Diagnosis>
      <Type>Secondary</Type>
      <Code>275.41</Code>
    </Diagnosis>
    <Diagnosis>
      <Type>Secondary</Type>
      <Code>691.8</Code>
    </Diagnosis>
    <Diagnosis>
      <Type>Principal</Type>
      <Code>268.0</Code>
    </Diagnosis>
    <Activity>
      <ID>39447283</ID>
      <Start>26/09/2013 21:00</Start>
      <Type>5</Type>
      <Code>1498-3395-006</Code>
      <Quantity>1.00</Quantity>
      <Net>103.50</Net>
      <Clinician>GD11095</Clinician>
    </Activity>
    <Contract>
      <PackageName>Arab Orient Ins Mednet</PackageName>
    </Contract>
  </Claim>
  <Claim>
    <ID>SP30219675</ID>
    <IDPayer />
    <MemberID>0971 1004 00463387 02</MemberID>
    <PayerID>A012</PayerID>
    <ProviderID>PF1465</ProviderID>
    <EmiratesIDNumber>999-9999-9999999-9</EmiratesIDNumber>
    <Gross>12.00</Gross>
    <PatientShare>0.00</PatientShare>
    <Net>12.00</Net>
    <Encounter>
      <FacilityID>PF1465</FacilityID>
      <Type>1</Type>
      <PatientID>230018146</PatientID>
      <Start>26/09/2013 21:11</Start>
      <End>26/09/2013 21:11</End>
      <StartType>1</StartType>
      <EndType>1</EndType>
    </Encounter>
    <Diagnosis>
      <Type>Principal</Type>
      <Code>959.3</Code>
    </Diagnosis>
    <Diagnosis>
      <Type>Secondary</Type>
      <Code>E928.9</Code>
    </Diagnosis>
    <Activity>
      <ID>39447284</ID>
      <Start>26/09/2013 21:11</Start>
      <Type>5</Type>
      <Code>2413-1457-011</Code>
      <Quantity>1.00</Quantity>
      <Net>12.00</Net>
      <Clinician>D5581</Clinician>
    </Activity>
    <Contract>
      <PackageName>Arab Orient Ins Mednet</PackageName>
    </Contract>
  </Claim>
  <Claim>
    <ID>SP30219676</ID>
    <IDPayer />
    <MemberID>0971 1004 00453707 01</MemberID>
    <PayerID>A012</PayerID>
    <ProviderID>PF1465</ProviderID>
    <EmiratesIDNumber>999-9999-9999999-9</EmiratesIDNumber>
    <Gross>81.00</Gross>
    <PatientShare>0.00</PatientShare>
    <Net>81.00</Net>
    <Encounter>
      <FacilityID>PF1465</FacilityID>
      <Type>1</Type>
      <PatientID>230018198</PatientID>
      <Start>29/09/2013 10:02</Start>
      <End>29/09/2013 10:02</End>
      <StartType>1</StartType>
      <EndType>1</EndType>
    </Encounter>
    <Diagnosis>
      <Type>Principal</Type>
      <Code>813.42</Code>
    </Diagnosis>
    <Diagnosis>
      <Type>Secondary</Type>
      <Code>E928.5</Code>
    </Diagnosis>
    <Diagnosis>
      <Type>Secondary</Type>
      <Code>E849.3</Code>
    </Diagnosis>
    <Activity>
      <ID>39447285</ID>
      <Start>29/09/2013 10:02</Start>
      <Type>5</Type>
      <Code>1447-1902-002</Code>
      <Quantity>1.00</Quantity>
      <Net>55.50</Net>
      <Clinician>GD6012</Clinician>
    </Activity>
    <Activity>
      <ID>39447286</ID>
      <Start>29/09/2013 10:02</Start>
      <Type>5</Type>
      <Code>1508-3763-001</Code>
      <Quantity>1.00</Quantity>
      <Net>25.50</Net>
      <Clinician>GD6012</Clinician>
    </Activity>
    <Contract>
      <PackageName>Arab Orient Ins Mednet</PackageName>
    </Contract>
  </Claim>
  <Claim>
    <ID>SP30219677</ID>
    <IDPayer />
    <MemberID>0971 1004 00364352 01</MemberID>
    <PayerID>A012</PayerID>
    <ProviderID>PF1465</ProviderID>
    <EmiratesIDNumber>999-9999-9999999-9</EmiratesIDNumber>
    <Gross>115.00</Gross>
    <PatientShare>0.00</PatientShare>
    <Net>115.00</Net>
    <Encounter>
      <FacilityID>PF1465</FacilityID>
      <Type>1</Type>
      <PatientID>1000154232</PatientID>
      <Start>30/09/2013 10:48</Start>
      <End>30/09/2013 10:48</End>
      <StartType>1</StartType>
      <EndType>1</EndType>
    </Encounter>
    <Diagnosis>
      <Type>Secondary</Type>
      <Code>729.2</Code>
    </Diagnosis>
    <Diagnosis>
      <Type>Principal</Type>
      <Code>722.52</Code>
    </Diagnosis>
    <Diagnosis>
      <Type>Secondary</Type>
      <Code>719.06</Code>
    </Diagnosis>
    <Diagnosis>
      <Type>Secondary</Type>
      <Code>726.5</Code>
    </Diagnosis>
    <Diagnosis>
      <Type>Secondary</Type>
      <Code>530.11</Code>
    </Diagnosis>
    <Diagnosis>
      <Type>Secondary</Type>
      <Code>285.9</Code>
    </Diagnosis>
    <Diagnosis>
      <Type>Secondary</Type>
      <Code>338.19</Code>
    </Diagnosis>
    <Diagnosis>
      <Type>Secondary</Type>
      <Code>715.36</Code>
    </Diagnosis>
    <Activity>
      <ID>39447287</ID>
      <Start>30/09/2013 10:48</Start>
      <Type>5</Type>
      <Code>1732-2204-002</Code>
      <Quantity>1.00</Quantity>
      <Net>34.00</Net>
      <Clinician>GD6012</Clinician>
    </Activity>
    <Activity>
      <ID>39447288</ID>
      <Start>30/09/2013 10:48</Start>
      <Type>5</Type>
      <Code>1581-2891-005</Code>
      <Quantity>1.00</Quantity>
      <Net>69.00</Net>
      <Clinician>GD6012</Clinician>
    </Activity>
    <Activity>
      <ID>39447289</ID>
      <Start>30/09/2013 10:48</Start>
      <Type>5</Type>
      <Code>1472-2279-003</Code>
      <Quantity>2.00</Quantity>
      <Net>12.00</Net>
      <Clinician>GD6012</Clinician>
    </Activity>
    <Contract>
      <PackageName>Arab Orient Ins Mednet</PackageName>
    </Contract>
  </Claim>
</Claim.Submission>