<?xml version="1.0" encoding="UTF-8"?>
<Claim.Submission xsi:noNamespaceSchemaLocation="http://www.haad.ae/DataDictionary/CommonTypes/DataDictionary.xsd" xmlns:tns="http://www.haad.ae/DataDictionary/CommonTypes" xmlns:xsi="http://www.w3.org/2001/XMLSchema-instance">
  <Header>
    <SenderID>DHA-F-0045697</SenderID>
    <ReceiverID>C004</ReceiverID>
    <DispositionFlag>PRODUCTION</DispositionFlag>
    <TransactionDate>26/10/2013 12:00</TransactionDate>
    <RecordCount>4</RecordCount>
  </Header>
  <Claim>
    <ID>BEHOP0000296135</ID>
    <IDPayer/>
    <MemberID>374059</MemberID>
    <PayerID>A012</PayerID>
    <ProviderID>DHA-F-0045697</ProviderID>
    <EmiratesIDNumber>111-1111-1111111-1</EmiratesIDNumber>
    <Gross>90.00</Gross>
    <PatientShare>9.00</PatientShare>
    <Net>81.00</Net>
    <Encounter>
      <FacilityID>DHA-F-0045697</FacilityID>
      <Type>1</Type>
      <PatientID>159078</PatientID>
      <Start>07/09/2013 12:00</Start>
      <End>07/09/2013 12:00</End>
      <StartType>1</StartType>
      <EndType>1</EndType>
    </Encounter>
    <Diagnosis>
      <Type>Principal</Type>
      <Code>Z51.89</Code>
    </Diagnosis>
    <Diagnosis>
      <Type>Secondary</Type>
      <Code>M72.2</Code>
    </Diagnosis>
    <Diagnosis>
      <Type>Secondary</Type>
      <Code>M41.80</Code>
    </Diagnosis>
    <Activity>
      <ID>1</ID>
      <Start>07/09/2013 12:00</Start>
      <End>07/09/2013 12:00</End>
      <Code>97110</Code>
      <Type>3</Type>
      <Quantity>1</Quantity>
      <Net>0</Net>
      <Clinician>DHA-P-0248719</Clinician>
      <PriorAuthorizationID>274569</PriorAuthorizationID>
      <Observation>
        <Type>Financial</Type>
        <Code>ActivityGross</Code>
        <Value>90.00</Value>
        <ValueType>Float</ValueType>
      </Observation>
      <Observation>
        <Type>Financial</Type>
        <Code>PSDeductible</Code>
        <Value>0.00</Value>
        <ValueType>Float</ValueType>
      </Observation>
      <Observation>
        <Type>Financial</Type>
        <Code>PSCoPayment</Code>
        <Value>0.00</Value>
        <ValueType>Float</ValueType>
      </Observation>
      <Observation>
        <Type>Financial</Type>
        <Code>PSOutOfPocket</Code>
        <Value>0.00</Value>
        <ValueType>Float</ValueType>
      </Observation>
      <Observation>
        <Type>Text</Type>
        <Code>Non-Standard-Code</Code>
        <Value>PHY00001</Value>
        <ValueType>Other</ValueType>
      </Observation>
    </Activity>
  </Claim>
  <Claim>
    <ID>BEHOP0000297365</ID>
    <IDPayer/>
    <MemberID>374059</MemberID>
    <PayerID>A012</PayerID>
    <ProviderID>DHA-F-0045697</ProviderID>
    <EmiratesIDNumber>111-1111-1111111-1</EmiratesIDNumber>
    <Gross>90.00</Gross>
    <PatientShare>9.00</PatientShare>
    <Net>81.00</Net>
    <Encounter>
      <FacilityID>DHA-F-0045697</FacilityID>
      <Type>1</Type>
      <PatientID>159078</PatientID>
      <Start>10/09/2013 12:00</Start>
      <End>10/09/2013 12:00</End>
      <StartType>1</StartType>
      <EndType>1</EndType>
    </Encounter>
    <Diagnosis>
      <Type>Principal</Type>
      <Code>Z51.89</Code>
    </Diagnosis>
    <Diagnosis>
      <Type>Secondary</Type>
      <Code>M72.2</Code>
    </Diagnosis>
    <Diagnosis>
      <Type>Secondary</Type>
      <Code>M41.80</Code>
    </Diagnosis>
    <Activity>
      <ID>1</ID>
      <Start>10/09/2013 12:00</Start>
      <End>10/09/2013 12:00</End>
      <Code>97110</Code>
      <Type>3</Type>
      <Quantity>1</Quantity>
      <Net>0</Net>
      <Clinician>DHA-P-0248719</Clinician>
      <PriorAuthorizationID>274569</PriorAuthorizationID>
      <Observation>
        <Type>Financial</Type>
        <Code>ActivityGross</Code>
        <Value>90.00</Value>
        <ValueType>Float</ValueType>
      </Observation>
      <Observation>
        <Type>Financial</Type>
        <Code>PSDeductible</Code>
        <Value>0.00</Value>
        <ValueType>Float</ValueType>
      </Observation>
      <Observation>
        <Type>Financial</Type>
        <Code>PSCoPayment</Code>
        <Value>0.00</Value>
        <ValueType>Float</ValueType>
      </Observation>
      <Observation>
        <Type>Financial</Type>
        <Code>PSOutOfPocket</Code>
        <Value>0.00</Value>
        <ValueType>Float</ValueType>
      </Observation>
      <Observation>
        <Type>Text</Type>
        <Code>Non-Standard-Code</Code>
        <Value>PHY00001</Value>
        <ValueType>Other</ValueType>
      </Observation>
    </Activity>
  </Claim>
  <Claim>
    <ID>BEHOP0000299406</ID>
    <IDPayer/>
    <MemberID>374059</MemberID>
    <PayerID>A012</PayerID>
    <ProviderID>DHA-F-0045697</ProviderID>
    <EmiratesIDNumber>111-1111-1111111-1</EmiratesIDNumber>
    <Gross>90.00</Gross>
    <PatientShare>9.00</PatientShare>
    <Net>81.00</Net>
    <Encounter>
      <FacilityID>DHA-F-0045697</FacilityID>
      <Type>1</Type>
      <PatientID>159078</PatientID>
      <Start>16/09/2013 12:00</Start>
      <End>16/09/2013 12:00</End>
      <StartType>1</StartType>
      <EndType>1</EndType>
    </Encounter>
    <Diagnosis>
      <Type>Principal</Type>
      <Code>Z51.89</Code>
    </Diagnosis>
    <Diagnosis>
      <Type>Secondary</Type>
      <Code>M72.2</Code>
    </Diagnosis>
    <Diagnosis>
      <Type>Secondary</Type>
      <Code>M41.80</Code>
    </Diagnosis>
    <Activity>
      <ID>1</ID>
      <Start>16/09/2013 12:00</Start>
      <End>16/09/2013 12:00</End>
      <Code>97110</Code>
      <Type>3</Type>
      <Quantity>1</Quantity>
      <Net>0</Net>
      <Clinician>DHA-P-0248719</Clinician>
      <PriorAuthorizationID>274569</PriorAuthorizationID>
      <Observation>
        <Type>Financial</Type>
        <Code>ActivityGross</Code>
        <Value>90.00</Value>
        <ValueType>Float</ValueType>
      </Observation>
      <Observation>
        <Type>Financial</Type>
        <Code>PSDeductible</Code>
        <Value>0.00</Value>
        <ValueType>Float</ValueType>
      </Observation>
      <Observation>
        <Type>Financial</Type>
        <Code>PSCoPayment</Code>
        <Value>0.00</Value>
        <ValueType>Float</ValueType>
      </Observation>
      <Observation>
        <Type>Financial</Type>
        <Code>PSOutOfPocket</Code>
        <Value>0.00</Value>
        <ValueType>Float</ValueType>
      </Observation>
      <Observation>
        <Type>Text</Type>
        <Code>Non-Standard-Code</Code>
        <Value>PHY00001</Value>
        <ValueType>Other</ValueType>
      </Observation>
    </Activity>
  </Claim>
  <Claim>
    <ID>BEHOP0000302371</ID>
    <IDPayer/>
    <MemberID>374059</MemberID>
    <PayerID>A012</PayerID>
    <ProviderID>DHA-F-0045697</ProviderID>
    <EmiratesIDNumber>111-1111-1111111-1</EmiratesIDNumber>
    <Gross>90.00</Gross>
    <PatientShare>9.00</PatientShare>
    <Net>81.00</Net>
    <Encounter>
      <FacilityID>DHA-F-0045697</FacilityID>
      <Type>1</Type>
      <PatientID>159078</PatientID>
      <Start>24/09/2013 12:00</Start>
      <End>24/09/2013 12:00</End>
      <StartType>1</StartType>
      <EndType>1</EndType>
    </Encounter>
    <Diagnosis>
      <Type>Principal</Type>
      <Code>Z51.89</Code>
    </Diagnosis>
    <Diagnosis>
      <Type>Secondary</Type>
      <Code>M72.2</Code>
    </Diagnosis>
    <Diagnosis>
      <Type>Secondary</Type>
      <Code>M41.80</Code>
    </Diagnosis>
    <Activity>
      <ID>1</ID>
      <Start>24/09/2013 12:00</Start>
      <End>24/09/2013 12:00</End>
      <Code>97110</Code>
      <Type>3</Type>
      <Quantity>1</Quantity>
      <Net>0</Net>
      <Clinician>DHA-P-0248719</Clinician>
      <PriorAuthorizationID>274569</PriorAuthorizationID>
      <Observation>
        <Type>Financial</Type>
        <Code>ActivityGross</Code>
        <Value>90.00</Value>
        <ValueType>Float</ValueType>
      </Observation>
      <Observation>
        <Type>Financial</Type>
        <Code>PSDeductible</Code>
        <Value>0.00</Value>
        <ValueType>Float</ValueType>
      </Observation>
      <Observation>
        <Type>Financial</Type>
        <Code>PSCoPayment</Code>
        <Value>0.00</Value>
        <ValueType>Float</ValueType>
      </Observation>
      <Observation>
        <Type>Financial</Type>
        <Code>PSOutOfPocket</Code>
        <Value>0.00</Value>
        <ValueType>Float</ValueType>
      </Observation>
      <Observation>
        <Type>Text</Type>
        <Code>Non-Standard-Code</Code>
        <Value>PHY00001</Value>
        <ValueType>Other</ValueType>
      </Observation>
    </Activity>
  </Claim>
</Claim.Submission>
