<?xml version="1.0" encoding="US-ASCII"?><Claim.Submission xsi:noNamespaceSchemaLocation="http://www.haad.ae/DataDictionary/CommonTypes/ClaimSubmission.xsd" xmlns:tns="http://www.haad.ae/DataDictionary/CommonTypes" xmlns:xsi="http://www.w3.org/2001/XMLSchema-instance">
<Header>
<SenderID>MF771</SenderID>
<ReceiverID>C004</ReceiverID>
<TransactionDate>08/10/2013 17:38</TransactionDate>
<RecordCount>11</RecordCount>
<DispositionFlag>PRODUCTION</DispositionFlag>
</Header>
<Claim>
<ID>APM-977150</ID>
<IDPayer/>
<MemberID>097110040046206302</MemberID>
<PayerID>@Orient</PayerID>
<ProviderID>MF771</ProviderID>
<EmiratesIDNumber>000-0000-0000000-0</EmiratesIDNumber>
<Gross>316.8</Gross>
<PatientShare>0</PatientShare>
<Net>316.8</Net>
<Encounter>
<FacilityID>MF771</FacilityID>
<Type>1</Type>
<PatientID>98753</PatientID>
<Start>16/09/2013 00:00</Start>
<End>16/09/2013 00:00</End>
<StartType>8</StartType>
<EndType>1</EndType>
<TransferSource>MF983</TransferSource>
<TransferDestination/>
</Encounter>
<Diagnosis>
<Type>Principal</Type>
<Code>V72.83</Code>
</Diagnosis>
<Diagnosis>
<Type>Secondary</Type>
<Code>643.03</Code>
</Diagnosis>
<Diagnosis>
<Type>Secondary</Type>
<Code>640.03</Code>
</Diagnosis>
<Activity>
<ID>5279416</ID>
<Start>16/09/2013 00:00</Start>
<Type>3</Type>
<Code>86592</Code>
<Quantity>1.0</Quantity>
<Net>24.0</Net>
<Clinician>D3427</Clinician>
<PriorAuthorizationID/>
</Activity>
<Activity>
<ID>5279417</ID>
<Start>16/09/2013 00:00</Start>
<Type>3</Type>
<Code>86803</Code>
<Quantity>1.0</Quantity>
<Net>73.6</Net>
<Clinician>D3427</Clinician>
<PriorAuthorizationID/>
</Activity>
<Activity>
<ID>5279418</ID>
<Start>16/09/2013 00:00</Start>
<Type>3</Type>
<Code>87341</Code>
<Quantity>1.0</Quantity>
<Net>59.2</Net>
<Clinician>D3427</Clinician>
<PriorAuthorizationID/>
</Activity>
<Activity>
<ID>5279419</ID>
<Start>16/09/2013 00:00</Start>
<Type>3</Type>
<Code>85025</Code>
<Quantity>1.0</Quantity>
<Net>44.8</Net>
<Clinician>D3427</Clinician>
<PriorAuthorizationID/>
</Activity>
<Activity>
<ID>5279420</ID>
<Start>16/09/2013 00:00</Start>
<Type>3</Type>
<Code>82950</Code>
<Quantity>1.0</Quantity>
<Net>27.2</Net>
<Clinician>D3427</Clinician>
<PriorAuthorizationID/>
</Activity>
<Activity>
<ID>5279421</ID>
<Start>16/09/2013 00:00</Start>
<Type>3</Type>
<Code>86703</Code>
<Quantity>1.0</Quantity>
<Net>70.4</Net>
<Clinician>D3427</Clinician>
<PriorAuthorizationID/>
</Activity>
<Activity>
<ID>5279422</ID>
<Start>16/09/2013 00:00</Start>
<Type>3</Type>
<Code>81000</Code>
<Quantity>1.0</Quantity>
<Net>17.6</Net>
<Clinician>D3427</Clinician>
<PriorAuthorizationID/>
</Activity>
<Contract>
<PackageName>Orient - Mednet</PackageName>
</Contract>
</Claim>
<Claim>
<ID>APM-977152</ID>
<IDPayer/>
<MemberID>097110040040534701</MemberID>
<PayerID>@Orient</PayerID>
<ProviderID>MF771</ProviderID>
<EmiratesIDNumber>000-0000-0000000-0</EmiratesIDNumber>
<Gross>340.8</Gross>
<PatientShare>0</PatientShare>
<Net>340.8</Net>
<Encounter>
<FacilityID>MF771</FacilityID>
<Type>1</Type>
<PatientID>142143</PatientID>
<Start>16/09/2013 00:00</Start>
<End>16/09/2013 00:00</End>
<StartType>8</StartType>
<EndType>1</EndType>
<TransferSource>MF151</TransferSource>
<TransferDestination/>
</Encounter>
<Diagnosis>
<Type>Principal</Type>
<Code>847.2</Code>
</Diagnosis>
<Diagnosis>
<Type>Secondary</Type>
<Code>720.2</Code>
</Diagnosis>
<Diagnosis>
<Type>Secondary</Type>
<Code>728.85</Code>
</Diagnosis>
<Diagnosis>
<Type>Secondary</Type>
<Code>847.1</Code>
</Diagnosis>
<Activity>
<ID>5279428</ID>
<Start>16/09/2013 00:00</Start>
<Type>3</Type>
<Code>86140</Code>
<Quantity>1.0</Quantity>
<Net>30.4</Net>
<Clinician>D5585</Clinician>
<PriorAuthorizationID/>
</Activity>
<Activity>
<ID>5279429</ID>
<Start>16/09/2013 00:00</Start>
<Type>3</Type>
<Code>85652</Code>
<Quantity>1.0</Quantity>
<Net>16.0</Net>
<Clinician>D5585</Clinician>
<PriorAuthorizationID/>
</Activity>
<Activity>
<ID>5279430</ID>
<Start>16/09/2013 00:00</Start>
<Type>3</Type>
<Code>72100</Code>
<Quantity>1.0</Quantity>
<Net>139.2</Net>
<Clinician>D5585</Clinician>
<PriorAuthorizationID/>
</Activity>
<Activity>
<ID>5279431</ID>
<Start>16/09/2013 00:00</Start>
<Type>3</Type>
<Code>72070</Code>
<Quantity>1.0</Quantity>
<Net>110.4</Net>
<Clinician>D5585</Clinician>
<PriorAuthorizationID/>
</Activity>
<Activity>
<ID>5279432</ID>
<Start>16/09/2013 00:00</Start>
<Type>3</Type>
<Code>85025</Code>
<Quantity>1.0</Quantity>
<Net>44.8</Net>
<Clinician>D5585</Clinician>
<PriorAuthorizationID/>
</Activity>
<Contract>
<PackageName>Orient - Mednet</PackageName>
</Contract>
</Claim>
<Claim>
<ID>APM-977153</ID>
<IDPayer/>
<MemberID>097110330039304402</MemberID>
<PayerID>A020</PayerID>
<ProviderID>MF771</ProviderID>
<EmiratesIDNumber>000-0000-0000000-0</EmiratesIDNumber>
<Gross>46.4</Gross>
<PatientShare>0</PatientShare>
<Net>46.4</Net>
<Encounter>
<FacilityID>MF771</FacilityID>
<Type>1</Type>
<PatientID>8053</PatientID>
<Start>15/09/2013 00:00</Start>
<End>15/09/2013 00:00</End>
<StartType>8</StartType>
<EndType>1</EndType>
<TransferSource>MF2121</TransferSource>
<TransferDestination/>
</Encounter>
<Diagnosis>
<Type>Principal</Type>
<Code>788.41</Code>
</Diagnosis>
<Diagnosis>
<Type>Secondary</Type>
<Code>074.3</Code>
</Diagnosis>
<Diagnosis>
<Type>Secondary</Type>
<Code>528.00</Code>
</Diagnosis>
<Activity>
<ID>5279435</ID>
<Start>15/09/2013 00:00</Start>
<Type>3</Type>
<Code>87088</Code>
<Quantity>1.0</Quantity>
<Net>46.4</Net>
<Clinician>GD6329</Clinician>
<PriorAuthorizationID/>
</Activity>
<Contract>
<PackageName>Salama-Mednet </PackageName>
</Contract>
</Claim>
<Claim>
<ID>APM-977154</ID>
<IDPayer/>
<MemberID>097110050039719602</MemberID>
<PayerID>@Alitihad Alwatania</PayerID>
<ProviderID>MF771</ProviderID>
<EmiratesIDNumber>000-0000-0000000-0</EmiratesIDNumber>
<Gross>44.8</Gross>
<PatientShare>0</PatientShare>
<Net>44.8</Net>
<Encounter>
<FacilityID>MF771</FacilityID>
<Type>1</Type>
<PatientID>43256</PatientID>
<Start>18/09/2013 00:00</Start>
<End>18/09/2013 00:00</End>
<StartType>8</StartType>
<EndType>1</EndType>
<TransferSource>MF344</TransferSource>
<TransferDestination/>
</Encounter>
<Diagnosis>
<Type>Principal</Type>
<Code>461.9</Code>
</Diagnosis>
<Diagnosis>
<Type>Secondary</Type>
<Code>477.9</Code>
</Diagnosis>
<Activity>
<ID>5282858</ID>
<Start>18/09/2013 00:00</Start>
<Type>3</Type>
<Code>85025</Code>
<Quantity>1.0</Quantity>
<Net>44.8</Net>
<Clinician>D5313</Clinician>
<PriorAuthorizationID/>
</Activity>
<Contract>
<PackageName>Al Ittihad Al Watani-MedNet</PackageName>
</Contract>
</Claim>
<Claim>
<ID>APM-977168</ID>
<IDPayer/>
<MemberID>097110040030878402</MemberID>
<PayerID>@Orient</PayerID>
<ProviderID>MF771</ProviderID>
<EmiratesIDNumber>000-0000-0000000-0</EmiratesIDNumber>
<Gross>46.4</Gross>
<PatientShare>0</PatientShare>
<Net>46.4</Net>
<Encounter>
<FacilityID>MF771</FacilityID>
<Type>1</Type>
<PatientID>78211</PatientID>
<Start>02/09/2013 00:00</Start>
<End>02/09/2013 00:00</End>
<StartType>8</StartType>
<EndType>1</EndType>
<TransferSource>MF2121</TransferSource>
<TransferDestination/>
</Encounter>
<Diagnosis>
<Type>Principal</Type>
<Code>780.60</Code>
</Diagnosis>
<Diagnosis>
<Type>Secondary</Type>
<Code>466.19</Code>
</Diagnosis>
<Activity>
<ID>5279966</ID>
<Start>02/09/2013 00:00</Start>
<Type>3</Type>
<Code>87088</Code>
<Quantity>1.0</Quantity>
<Net>46.4</Net>
<Clinician>GD6329</Clinician>
<PriorAuthorizationID/>
</Activity>
<Contract>
<PackageName>Orient - Mednet</PackageName>
</Contract>
</Claim>
<Claim>
<ID>APM-977171</ID>
<IDPayer/>
<MemberID>097110040028417501</MemberID>
<PayerID>@Orient</PayerID>
<ProviderID>MF771</ProviderID>
<EmiratesIDNumber>000-0000-0000000-0</EmiratesIDNumber>
<Gross>86.4</Gross>
<PatientShare>0</PatientShare>
<Net>86.4</Net>
<Encounter>
<FacilityID>MF771</FacilityID>
<Type>1</Type>
<PatientID>141690</PatientID>
<Start>02/09/2013 00:00</Start>
<End>02/09/2013 00:00</End>
<StartType>8</StartType>
<EndType>1</EndType>
<TransferSource>MF2121</TransferSource>
<TransferDestination/>
</Encounter>
<Diagnosis>
<Type>Principal</Type>
<Code>357.9</Code>
</Diagnosis>
<Diagnosis>
<Type>Secondary</Type>
<Code>401.9</Code>
</Diagnosis>
<Diagnosis>
<Type>Secondary</Type>
<Code>790.4</Code>
</Diagnosis>
<Diagnosis>
<Type>Secondary</Type>
<Code>571.8</Code>
</Diagnosis>
<Activity>
<ID>5279969</ID>
<Start>02/09/2013 00:00</Start>
<Type>3</Type>
<Code>82607</Code>
<Quantity>1.0</Quantity>
<Net>86.4</Net>
<Clinician>D1700</Clinician>
<PriorAuthorizationID/>
</Activity>
<Contract>
<PackageName>Orient - Mednet</PackageName>
</Contract>
</Claim>
<Claim>
<ID>APM-977172</ID>
<IDPayer/>
<MemberID>097110040043277702</MemberID>
<PayerID>@Orient</PayerID>
<ProviderID>MF771</ProviderID>
<EmiratesIDNumber>000-0000-0000000-0</EmiratesIDNumber>
<Gross>89.6</Gross>
<PatientShare>0</PatientShare>
<Net>89.6</Net>
<Encounter>
<FacilityID>MF771</FacilityID>
<Type>1</Type>
<PatientID>138548</PatientID>
<Start>03/09/2013 00:00</Start>
<End>03/09/2013 00:00</End>
<StartType>8</StartType>
<EndType>1</EndType>
<TransferSource>MF983</TransferSource>
<TransferDestination/>
</Encounter>
<Diagnosis>
<Type>Principal</Type>
<Code>648.23</Code>
</Diagnosis>
<Diagnosis>
<Type>Secondary</Type>
<Code>285.9</Code>
</Diagnosis>
<Diagnosis>
<Type>Secondary</Type>
<Code>536.8</Code>
</Diagnosis>
<Diagnosis>
<Type>Secondary</Type>
<Code>648.93</Code>
</Diagnosis>
<Activity>
<ID>5279971</ID>
<Start>03/09/2013 00:00</Start>
<Type>3</Type>
<Code>85025</Code>
<Quantity>1.0</Quantity>
<Net>44.8</Net>
<Clinician>D3427</Clinician>
<PriorAuthorizationID/>
</Activity>
<Activity>
<ID>5279972</ID>
<Start>03/09/2013 00:00</Start>
<Type>3</Type>
<Code>82950</Code>
<Quantity>1.0</Quantity>
<Net>27.2</Net>
<Clinician>D3427</Clinician>
<PriorAuthorizationID/>
</Activity>
<Activity>
<ID>5279973</ID>
<Start>03/09/2013 00:00</Start>
<Type>3</Type>
<Code>81000</Code>
<Quantity>1.0</Quantity>
<Net>17.6</Net>
<Clinician>D3427</Clinician>
<PriorAuthorizationID/>
</Activity>
<Contract>
<PackageName>Orient - Mednet</PackageName>
</Contract>
</Claim>
<Claim>
<ID>APM-977174</ID>
<IDPayer/>
<MemberID>097110040036635402</MemberID>
<PayerID>@Orient</PayerID>
<ProviderID>MF771</ProviderID>
<EmiratesIDNumber>000-0000-0000000-0</EmiratesIDNumber>
<Gross>489.6</Gross>
<PatientShare>0</PatientShare>
<Net>489.6</Net>
<Encounter>
<FacilityID>MF771</FacilityID>
<Type>1</Type>
<PatientID>141826</PatientID>
<Start>07/09/2013 00:00</Start>
<End>07/09/2013 00:00</End>
<StartType>8</StartType>
<EndType>1</EndType>
<TransferSource>MF799</TransferSource>
<TransferDestination/>
</Encounter>
<Diagnosis>
<Type>Principal</Type>
<Code>789.07</Code>
</Diagnosis>
<Diagnosis>
<Type>Secondary</Type>
<Code>616.0</Code>
</Diagnosis>
<Activity>
<ID>5279982</ID>
<Start>07/09/2013 00:00</Start>
<Type>3</Type>
<Code>80076</Code>
<Quantity>1.0</Quantity>
<Net>275.2</Net>
<Clinician>D557</Clinician>
<PriorAuthorizationID/>
</Activity>
<Activity>
<ID>5279983</ID>
<Start>07/09/2013 00:00</Start>
<Type>3</Type>
<Code>88175</Code>
<Quantity>1.0</Quantity>
<Net>152.0</Net>
<Clinician>D557</Clinician>
<PriorAuthorizationID/>
</Activity>
<Activity>
<ID>5279986</ID>
<Start>07/09/2013 00:00</Start>
<Type>3</Type>
<Code>85025</Code>
<Quantity>1.0</Quantity>
<Net>44.8</Net>
<Clinician>D557</Clinician>
<PriorAuthorizationID/>
</Activity>
<Activity>
<ID>5279987</ID>
<Start>07/09/2013 00:00</Start>
<Type>3</Type>
<Code>81000</Code>
<Quantity>1.0</Quantity>
<Net>17.6</Net>
<Clinician>D557</Clinician>
<PriorAuthorizationID/>
</Activity>
<Contract>
<PackageName>Orient - Mednet</PackageName>
</Contract>
</Claim>
<Claim>
<ID>APM-977175</ID>
<IDPayer/>
<MemberID>097110040031783702</MemberID>
<PayerID>@Orient</PayerID>
<ProviderID>MF771</ProviderID>
<EmiratesIDNumber>000-0000-0000000-0</EmiratesIDNumber>
<Gross>283.2</Gross>
<PatientShare>0</PatientShare>
<Net>283.2</Net>
<Encounter>
<FacilityID>MF771</FacilityID>
<Type>1</Type>
<PatientID>137929</PatientID>
<Start>08/09/2013 00:00</Start>
<End>08/09/2013 00:00</End>
<StartType>8</StartType>
<EndType>1</EndType>
<TransferSource>MF983</TransferSource>
<TransferDestination/>
</Encounter>
<Diagnosis>
<Type>Principal</Type>
<Code>V72.83</Code>
</Diagnosis>
<Diagnosis>
<Type>Secondary</Type>
<Code>655.73</Code>
</Diagnosis>
<Diagnosis>
<Type>Secondary</Type>
<Code>657.03</Code>
</Diagnosis>
<Activity>
<ID>5279990</ID>
<Start>08/09/2013 00:00</Start>
<Type>3</Type>
<Code>85610</Code>
<Quantity>1.0</Quantity>
<Net>22.4</Net>
<Clinician>D3427</Clinician>
<PriorAuthorizationID/>
</Activity>
<Activity>
<ID>5279991</ID>
<Start>08/09/2013 00:00</Start>
<Type>3</Type>
<Code>84520</Code>
<Quantity>1.0</Quantity>
<Net>22.4</Net>
<Clinician>D3427</Clinician>
<PriorAuthorizationID/>
</Activity>
<Activity>
<ID>5279992</ID>
<Start>08/09/2013 00:00</Start>
<Type>3</Type>
<Code>85730</Code>
<Quantity>1.0</Quantity>
<Net>35.2</Net>
<Clinician>D3427</Clinician>
<PriorAuthorizationID/>
</Activity>
<Activity>
<ID>5279993</ID>
<Start>08/09/2013 00:00</Start>
<Type>3</Type>
<Code>86803</Code>
<Quantity>1.0</Quantity>
<Net>73.6</Net>
<Clinician>D3427</Clinician>
<PriorAuthorizationID/>
</Activity>
<Activity>
<ID>5279994</ID>
<Start>08/09/2013 00:00</Start>
<Type>3</Type>
<Code>87341</Code>
<Quantity>1.0</Quantity>
<Net>59.2</Net>
<Clinician>D3427</Clinician>
<PriorAuthorizationID/>
</Activity>
<Activity>
<ID>5279995</ID>
<Start>08/09/2013 00:00</Start>
<Type>3</Type>
<Code>86703</Code>
<Quantity>1.0</Quantity>
<Net>70.4</Net>
<Clinician>D3427</Clinician>
<PriorAuthorizationID/>
</Activity>
<Contract>
<PackageName>Orient - Mednet</PackageName>
</Contract>
</Claim>
<Claim>
<ID>APM-977178</ID>
<IDPayer/>
<MemberID>097110040017845302</MemberID>
<PayerID>@Orient</PayerID>
<ProviderID>MF771</ProviderID>
<EmiratesIDNumber>000-0000-0000000-0</EmiratesIDNumber>
<Gross>73.6</Gross>
<PatientShare>0</PatientShare>
<Net>73.6</Net>
<Encounter>
<FacilityID>MF771</FacilityID>
<Type>1</Type>
<PatientID>120269</PatientID>
<Start>10/09/2013 00:00</Start>
<End>10/09/2013 00:00</End>
<StartType>8</StartType>
<EndType>1</EndType>
<TransferSource>MF983</TransferSource>
<TransferDestination/>
</Encounter>
<Diagnosis>
<Type>Principal</Type>
<Code>462</Code>
</Diagnosis>
<Diagnosis>
<Type>Secondary</Type>
<Code>041.89</Code>
</Diagnosis>
<Diagnosis>
<Type>Secondary</Type>
<Code>465.9</Code>
</Diagnosis>
<Diagnosis>
<Type>Secondary</Type>
<Code>478.19</Code>
</Diagnosis>
<Activity>
<ID>5279996</ID>
<Start>10/09/2013 00:00</Start>
<Type>3</Type>
<Code>87070</Code>
<Quantity>1.0</Quantity>
<Net>49.6</Net>
<Clinician>GD6324</Clinician>
<PriorAuthorizationID/>
</Activity>
<Activity>
<ID>5279997</ID>
<Start>10/09/2013 00:00</Start>
<Type>3</Type>
<Code>87210</Code>
<Quantity>1.0</Quantity>
<Net>24.0</Net>
<Clinician>GD6324</Clinician>
<PriorAuthorizationID/>
</Activity>
<Contract>
<PackageName>Orient - Mednet</PackageName>
</Contract>
</Claim>
<Claim>
<ID>APM-977181</ID>
<IDPayer/>
<MemberID>097110040040457302</MemberID>
<PayerID>@Orient</PayerID>
<ProviderID>MF771</ProviderID>
<EmiratesIDNumber>000-0000-0000000-0</EmiratesIDNumber>
<Gross>60.8</Gross>
<PatientShare>0</PatientShare>
<Net>60.8</Net>
<Encounter>
<FacilityID>MF771</FacilityID>
<Type>1</Type>
<PatientID>7659</PatientID>
<Start>05/09/2013 00:00</Start>
<End>05/09/2013 00:00</End>
<StartType>8</StartType>
<EndType>1</EndType>
<TransferSource>MF151</TransferSource>
<TransferDestination/>
</Encounter>
<Diagnosis>
<Type>Principal</Type>
<Code>692.9</Code>
</Diagnosis>
<Diagnosis>
<Type>Secondary</Type>
<Code>280.9</Code>
</Diagnosis>
<Activity>
<ID>5279999</ID>
<Start>05/09/2013 00:00</Start>
<Type>3</Type>
<Code>85652</Code>
<Quantity>1.0</Quantity>
<Net>16.0</Net>
<Clinician>D2835</Clinician>
<PriorAuthorizationID/>
</Activity>
<Activity>
<ID>5280000</ID>
<Start>05/09/2013 00:00</Start>
<Type>3</Type>
<Code>85025</Code>
<Quantity>1.0</Quantity>
<Net>44.8</Net>
<Clinician>D2835</Clinician>
<PriorAuthorizationID/>
</Activity>
<Contract>
<PackageName>Orient - Mednet</PackageName>
</Contract>
</Claim>
</Claim.Submission>
