<?xml version="1.0"?>
<Claim.Submission xmlns:xsi="http://www.w3.org/2001/XMLSchema-instance" xmlns:tns="http://www.haad.ae/DataDictionary/CommonTypes" xsi:noNamespaceSchemaLocation="http://www.haad.ae/DataDictionary/CommonTypes/ClaimSubmission.xsd">
  <Header>
    <SenderID>PF1489</SenderID>
    <ReceiverID>C004</ReceiverID>
    <TransactionDate>12/10/2013 12:09</TransactionDate>
    <RecordCount>11</RecordCount>
    <DispositionFlag>PRODUCTION</DispositionFlag>
  </Header>
  <Claim>
    <ID>SP30204312</ID>
    <IDPayer />
    <MemberID>0971 1005 00295462 01</MemberID>
    <PayerID>A036</PayerID>
    <ProviderID>PF1489</ProviderID>
    <EmiratesIDNumber>999-9999-9999999-9</EmiratesIDNumber>
    <Gross>122.50</Gross>
    <PatientShare>0.00</PatientShare>
    <Net>122.50</Net>
    <Encounter>
      <FacilityID>PF1489</FacilityID>
      <Type>1</Type>
      <PatientID>110142168</PatientID>
      <Start>02/09/2013 10:40</Start>
      <End>02/09/2013 10:40</End>
      <StartType>1</StartType>
      <EndType>1</EndType>
    </Encounter>
    <Diagnosis>
      <Type>Principal</Type>
      <Code>682.5</Code>
    </Diagnosis>
    <Diagnosis>
      <Type>Secondary</Type>
      <Code>401.9</Code>
    </Diagnosis>
    <Activity>
      <ID>39565055</ID>
      <Start>02/09/2013 10:40</Start>
      <Type>5</Type>
      <Code>1671-1293-003</Code>
      <Quantity>1.00</Quantity>
      <Net>122.50</Net>
      <Clinician>GD6182</Clinician>
    </Activity>
    <Contract>
      <PackageName>Al Ittihad Watani Mednet</PackageName>
    </Contract>
  </Claim>
  <Claim>
    <ID>SP30204313</ID>
    <IDPayer />
    <MemberID>0971 1005 00455929 01</MemberID>
    <PayerID>A036</PayerID>
    <ProviderID>PF1489</ProviderID>
    <EmiratesIDNumber>999-9999-9999999-9</EmiratesIDNumber>
    <Gross>52.50</Gross>
    <PatientShare>0.00</PatientShare>
    <Net>52.50</Net>
    <Encounter>
      <FacilityID>PF1489</FacilityID>
      <Type>1</Type>
      <PatientID>110138375</PatientID>
      <Start>03/09/2013 09:57</Start>
      <End>03/09/2013 09:57</End>
      <StartType>1</StartType>
      <EndType>1</EndType>
    </Encounter>
    <Diagnosis>
      <Type>Principal</Type>
      <Code>078.0</Code>
    </Diagnosis>
    <Activity>
      <ID>39565056</ID>
      <Start>03/09/2013 09:57</Start>
      <Type>5</Type>
      <Code>1497-2306-001</Code>
      <Quantity>3.00</Quantity>
      <Net>52.50</Net>
      <Clinician>GD15816</Clinician>
    </Activity>
    <Contract>
      <PackageName>Al Ittihad Watani Mednet</PackageName>
    </Contract>
  </Claim>
  <Claim>
    <ID>SP30204314</ID>
    <IDPayer />
    <MemberID>0971 1005 00318958 01</MemberID>
    <PayerID>A036</PayerID>
    <ProviderID>PF1489</ProviderID>
    <EmiratesIDNumber>999-9999-9999999-9</EmiratesIDNumber>
    <Gross>1080.00</Gross>
    <PatientShare>0.00</PatientShare>
    <Net>1080.00</Net>
    <Encounter>
      <FacilityID>PF1489</FacilityID>
      <Type>1</Type>
      <PatientID>1989511</PatientID>
      <Start>07/09/2013 09:27</Start>
      <End>07/09/2013 09:27</End>
      <StartType>1</StartType>
      <EndType>1</EndType>
    </Encounter>
    <Diagnosis>
      <Type>Principal</Type>
      <Code>414.9</Code>
    </Diagnosis>
    <Diagnosis>
      <Type>Secondary</Type>
      <Code>272.2</Code>
    </Diagnosis>
    <Diagnosis>
      <Type>Secondary</Type>
      <Code>490</Code>
    </Diagnosis>
    <Diagnosis>
      <Type>Secondary</Type>
      <Code>536.8</Code>
    </Diagnosis>
    <Activity>
      <ID>39565057</ID>
      <Start>07/09/2013 09:27</Start>
      <Type>5</Type>
      <Code>2319-2822-009</Code>
      <Quantity>2.00</Quantity>
      <Net>518.00</Net>
      <Clinician>GD12032</Clinician>
      <PriorAuthorizationID>274861</PriorAuthorizationID>
    </Activity>
    <Activity>
      <ID>39565058</ID>
      <Start>07/09/2013 09:27</Start>
      <Type>5</Type>
      <Code>1279-3234-003</Code>
      <Quantity>4.00</Quantity>
      <Net>440.00</Net>
      <Clinician>GD12032</Clinician>
      <PriorAuthorizationID>274861</PriorAuthorizationID>
    </Activity>
    <Activity>
      <ID>39565059</ID>
      <Start>07/09/2013 09:27</Start>
      <Type>5</Type>
      <Code>2209-3464-023</Code>
      <Quantity>1.00</Quantity>
      <Net>11.00</Net>
      <Clinician>GD12032</Clinician>
      <PriorAuthorizationID>274861</PriorAuthorizationID>
    </Activity>
    <Activity>
      <ID>39565060</ID>
      <Start>07/09/2013 09:27</Start>
      <Type>5</Type>
      <Code>1552-3971-001</Code>
      <Quantity>1.00</Quantity>
      <Net>25.00</Net>
      <Clinician>GD12032</Clinician>
      <PriorAuthorizationID>274861</PriorAuthorizationID>
    </Activity>
    <Activity>
      <ID>39565061</ID>
      <Start>07/09/2013 09:27</Start>
      <Type>5</Type>
      <Code>1120-1271-005</Code>
      <Quantity>2.00</Quantity>
      <Net>39.00</Net>
      <Clinician>GD12032</Clinician>
      <PriorAuthorizationID>274861</PriorAuthorizationID>
    </Activity>
    <Activity>
      <ID>39565062</ID>
      <Start>07/09/2013 09:27</Start>
      <Type>5</Type>
      <Code>1527-1721-001</Code>
      <Quantity>2.00</Quantity>
      <Net>47.00</Net>
      <Clinician>GD12032</Clinician>
      <PriorAuthorizationID>274861</PriorAuthorizationID>
    </Activity>
    <Contract>
      <PackageName>Al Ittihad Watani Mednet</PackageName>
    </Contract>
  </Claim>
  <Claim>
    <ID>SP30204315</ID>
    <IDPayer />
    <MemberID>0971 1005 00403968 01</MemberID>
    <PayerID>A036</PayerID>
    <ProviderID>PF1489</ProviderID>
    <EmiratesIDNumber>999-9999-9999999-9</EmiratesIDNumber>
    <Gross>362.00</Gross>
    <PatientShare>0.00</PatientShare>
    <Net>362.00</Net>
    <Encounter>
      <FacilityID>PF1489</FacilityID>
      <Type>1</Type>
      <PatientID>110141430</PatientID>
      <Start>07/09/2013 12:36</Start>
      <End>07/09/2013 12:36</End>
      <StartType>1</StartType>
      <EndType>1</EndType>
    </Encounter>
    <Diagnosis>
      <Type>Secondary</Type>
      <Code>599.72</Code>
    </Diagnosis>
    <Diagnosis>
      <Type>Secondary</Type>
      <Code>788.62</Code>
    </Diagnosis>
    <Diagnosis>
      <Type>Secondary</Type>
      <Code>789.09</Code>
    </Diagnosis>
    <Diagnosis>
      <Type>Principal</Type>
      <Code>608.9</Code>
    </Diagnosis>
    <Activity>
      <ID>39565063</ID>
      <Start>07/09/2013 12:36</Start>
      <Type>5</Type>
      <Code>1695-4493-001</Code>
      <Quantity>2.00</Quantity>
      <Net>362.00</Net>
      <Clinician>GD15768</Clinician>
    </Activity>
    <Contract>
      <PackageName>Al Ittihad Watani Mednet</PackageName>
    </Contract>
  </Claim>
  <Claim>
    <ID>SP30204316</ID>
    <IDPayer />
    <MemberID>0971 1005 00391164 02</MemberID>
    <PayerID>A036</PayerID>
    <ProviderID>PF1489</ProviderID>
    <EmiratesIDNumber>999-9999-9999999-9</EmiratesIDNumber>
    <Gross>122.50</Gross>
    <PatientShare>0.00</PatientShare>
    <Net>122.50</Net>
    <Encounter>
      <FacilityID>PF1489</FacilityID>
      <Type>1</Type>
      <PatientID>1673616</PatientID>
      <Start>08/09/2013 07:40</Start>
      <End>08/09/2013 07:40</End>
      <StartType>1</StartType>
      <EndType>1</EndType>
    </Encounter>
    <Diagnosis>
      <Type>Principal</Type>
      <Code>682.9</Code>
    </Diagnosis>
    <Activity>
      <ID>39565064</ID>
      <Start>08/09/2013 07:40</Start>
      <Type>5</Type>
      <Code>1671-1293-003</Code>
      <Quantity>1.00</Quantity>
      <Net>122.50</Net>
      <Clinician>D2571</Clinician>
    </Activity>
    <Contract>
      <PackageName>Al Ittihad Watani Mednet</PackageName>
    </Contract>
  </Claim>
  <Claim>
    <ID>SP30211752</ID>
    <IDPayer />
    <MemberID>0971 1005 00326272 01</MemberID>
    <PayerID>A036</PayerID>
    <ProviderID>PF1489</ProviderID>
    <EmiratesIDNumber>999-9999-9999999-9</EmiratesIDNumber>
    <Gross>48.00</Gross>
    <PatientShare>0.00</PatientShare>
    <Net>48.00</Net>
    <Encounter>
      <FacilityID>PF1489</FacilityID>
      <Type>1</Type>
      <PatientID>110144933</PatientID>
      <Start>17/09/2013 12:38</Start>
      <End>17/09/2013 12:38</End>
      <StartType>1</StartType>
      <EndType>1</EndType>
    </Encounter>
    <Diagnosis>
      <Type>Secondary</Type>
      <Code>372.30</Code>
    </Diagnosis>
    <Diagnosis>
      <Type>Secondary</Type>
      <Code>375.15</Code>
    </Diagnosis>
    <Diagnosis>
      <Type>Principal</Type>
      <Code>372.51</Code>
    </Diagnosis>
    <Activity>
      <ID>39565065</ID>
      <Start>17/09/2013 12:38</Start>
      <Type>5</Type>
      <Code>1464-6474-001</Code>
      <Quantity>1.00</Quantity>
      <Net>34.50</Net>
      <Clinician>D5314</Clinician>
    </Activity>
    <Activity>
      <ID>39565066</ID>
      <Start>17/09/2013 12:38</Start>
      <Type>5</Type>
      <Code>1464-3411-001</Code>
      <Quantity>1.00</Quantity>
      <Net>13.50</Net>
      <Clinician>D5314</Clinician>
    </Activity>
    <Contract>
      <PackageName>Al Ittihad Watani Mednet</PackageName>
    </Contract>
  </Claim>
  <Claim>
    <ID>SP30211753</ID>
    <IDPayer />
    <MemberID>0971 1005 00413318 01</MemberID>
    <PayerID>A036</PayerID>
    <ProviderID>PF1489</ProviderID>
    <EmiratesIDNumber>999-9999-9999999-9</EmiratesIDNumber>
    <Gross>507.50</Gross>
    <PatientShare>0.00</PatientShare>
    <Net>507.50</Net>
    <Encounter>
      <FacilityID>PF1489</FacilityID>
      <Type>1</Type>
      <PatientID>110144959</PatientID>
      <Start>17/09/2013 14:55</Start>
      <End>17/09/2013 14:55</End>
      <StartType>1</StartType>
      <EndType>1</EndType>
    </Encounter>
    <Diagnosis>
      <Type>Secondary</Type>
      <Code>460</Code>
    </Diagnosis>
    <Diagnosis>
      <Type>Principal</Type>
      <Code>493.92</Code>
    </Diagnosis>
    <Activity>
      <ID>39565067</ID>
      <Start>17/09/2013 14:55</Start>
      <Type>5</Type>
      <Code>1531-3976-001</Code>
      <Quantity>2.00</Quantity>
      <Net>383.00</Net>
      <Clinician>GD5870</Clinician>
      <PriorAuthorizationID>276195</PriorAuthorizationID>
    </Activity>
    <Activity>
      <ID>39565068</ID>
      <Start>17/09/2013 14:55</Start>
      <Type>5</Type>
      <Code>1419-4400-001</Code>
      <Quantity>1.00</Quantity>
      <Net>38.50</Net>
      <Clinician>GD5870</Clinician>
      <PriorAuthorizationID>276195</PriorAuthorizationID>
    </Activity>
    <Activity>
      <ID>39565069</ID>
      <Start>17/09/2013 14:55</Start>
      <Type>5</Type>
      <Code>1468-6721-001</Code>
      <Quantity>1.00</Quantity>
      <Net>42.50</Net>
      <Clinician>GD5870</Clinician>
      <PriorAuthorizationID>276195</PriorAuthorizationID>
    </Activity>
    <Activity>
      <ID>39565070</ID>
      <Start>17/09/2013 14:55</Start>
      <Type>5</Type>
      <Code>1552-2198-005</Code>
      <Quantity>1.00</Quantity>
      <Net>16.50</Net>
      <Clinician>GD5870</Clinician>
      <PriorAuthorizationID>276195</PriorAuthorizationID>
    </Activity>
    <Activity>
      <ID>39565071</ID>
      <Start>17/09/2013 14:55</Start>
      <Type>5</Type>
      <Code>1552-4418-001</Code>
      <Quantity>1.00</Quantity>
      <Net>27.00</Net>
      <Clinician>GD5870</Clinician>
      <PriorAuthorizationID>276195</PriorAuthorizationID>
    </Activity>
    <Contract>
      <PackageName>Al Ittihad Watani Mednet</PackageName>
    </Contract>
  </Claim>
  <Claim>
    <ID>SP30211754</ID>
    <IDPayer />
    <MemberID>0971 1005 00210102 01</MemberID>
    <PayerID>A036</PayerID>
    <ProviderID>PF1489</ProviderID>
    <EmiratesIDNumber>999-9999-9999999-9</EmiratesIDNumber>
    <Gross>113.00</Gross>
    <PatientShare>0.00</PatientShare>
    <Net>113.00</Net>
    <Encounter>
      <FacilityID>PF1489</FacilityID>
      <Type>1</Type>
      <PatientID>110145006</PatientID>
      <Start>17/09/2013 20:09</Start>
      <End>17/09/2013 20:09</End>
      <StartType>1</StartType>
      <EndType>1</EndType>
    </Encounter>
    <Diagnosis>
      <Type>Principal</Type>
      <Code>719.41</Code>
    </Diagnosis>
    <Activity>
      <ID>39565072</ID>
      <Start>17/09/2013 20:09</Start>
      <Type>5</Type>
      <Code>1556-4476-011</Code>
      <Quantity>1.00</Quantity>
      <Net>62.00</Net>
      <Clinician>GD10768</Clinician>
    </Activity>
    <Activity>
      <ID>39565073</ID>
      <Start>17/09/2013 20:09</Start>
      <Type>5</Type>
      <Code>1556-4476-016</Code>
      <Quantity>1.00</Quantity>
      <Net>51.00</Net>
      <Clinician>GD10768</Clinician>
    </Activity>
    <Contract>
      <PackageName>Al Ittihad Watani Mednet</PackageName>
    </Contract>
  </Claim>
  <Claim>
    <ID>SP30211755</ID>
    <IDPayer />
    <MemberID>0971 1005 00391580 01</MemberID>
    <PayerID>A036</PayerID>
    <ProviderID>PF1489</ProviderID>
    <EmiratesIDNumber>999-9999-9999999-9</EmiratesIDNumber>
    <Gross>27.00</Gross>
    <PatientShare>0.00</PatientShare>
    <Net>27.00</Net>
    <Encounter>
      <FacilityID>PF1489</FacilityID>
      <Type>1</Type>
      <PatientID>1759159</PatientID>
      <Start>23/09/2013 08:52</Start>
      <End>23/09/2013 08:52</End>
      <StartType>1</StartType>
      <EndType>1</EndType>
    </Encounter>
    <Diagnosis>
      <Type>Secondary</Type>
      <Code>724.5</Code>
    </Diagnosis>
    <Diagnosis>
      <Type>Principal</Type>
      <Code>788.0</Code>
    </Diagnosis>
    <Activity>
      <ID>39565074</ID>
      <Start>23/09/2013 08:52</Start>
      <Type>5</Type>
      <Code>1967-3064-001</Code>
      <Quantity>1.00</Quantity>
      <Net>27.00</Net>
      <Clinician>GD15712</Clinician>
    </Activity>
    <Contract>
      <PackageName>Al Ittihad Watani Mednet</PackageName>
    </Contract>
  </Claim>
  <Claim>
    <ID>SP30211756</ID>
    <IDPayer />
    <MemberID>0971 1005 00292288 01</MemberID>
    <PayerID>A036</PayerID>
    <ProviderID>PF1489</ProviderID>
    <EmiratesIDNumber>999-9999-9999999-9</EmiratesIDNumber>
    <Gross>56.00</Gross>
    <PatientShare>0.00</PatientShare>
    <Net>56.00</Net>
    <Encounter>
      <FacilityID>PF1489</FacilityID>
      <Type>1</Type>
      <PatientID>110104328</PatientID>
      <Start>25/09/2013 20:51</Start>
      <End>25/09/2013 20:51</End>
      <StartType>1</StartType>
      <EndType>1</EndType>
    </Encounter>
    <Diagnosis>
      <Type>Secondary</Type>
      <Code>724.5</Code>
    </Diagnosis>
    <Diagnosis>
      <Type>Secondary</Type>
      <Code>535.00</Code>
    </Diagnosis>
    <Diagnosis>
      <Type>Secondary</Type>
      <Code>780.79</Code>
    </Diagnosis>
    <Diagnosis>
      <Type>Secondary</Type>
      <Code>625.9</Code>
    </Diagnosis>
    <Diagnosis>
      <Type>Principal</Type>
      <Code>646.83</Code>
    </Diagnosis>
    <Diagnosis>
      <Type>Secondary</Type>
      <Code>729.81</Code>
    </Diagnosis>
    <Activity>
      <ID>39565075</ID>
      <Start>25/09/2013 20:51</Start>
      <Type>5</Type>
      <Code>1732-3442-002</Code>
      <Quantity>2.00</Quantity>
      <Net>56.00</Net>
      <Clinician>GD6425</Clinician>
    </Activity>
    <Contract>
      <PackageName>Al Ittihad Watani Mednet</PackageName>
    </Contract>
  </Claim>
  <Claim>
    <ID>SP30219949</ID>
    <IDPayer />
    <MemberID>097110370042625702</MemberID>
    <PayerID>A036</PayerID>
    <ProviderID>PF1489</ProviderID>
    <EmiratesIDNumber>999-9999-9999999-9</EmiratesIDNumber>
    <Gross>152.00</Gross>
    <PatientShare>0.00</PatientShare>
    <Net>152.00</Net>
    <Encounter>
      <FacilityID>PF1489</FacilityID>
      <Type>1</Type>
      <PatientID>110145300</PatientID>
      <Start>19/09/2013 10:42</Start>
      <End>19/09/2013 10:42</End>
      <StartType>1</StartType>
      <EndType>1</EndType>
    </Encounter>
    <Diagnosis>
      <Type>Principal</Type>
      <Code>477.9</Code>
    </Diagnosis>
    <Activity>
      <ID>39565076</ID>
      <Start>19/09/2013 10:42</Start>
      <Type>5</Type>
      <Code>1420-2242-001</Code>
      <Quantity>2.00</Quantity>
      <Net>152.00</Net>
      <Clinician>GD10455</Clinician>
    </Activity>
    <Contract>
      <PackageName>Al Ittihad Watani Mednet</PackageName>
    </Contract>
  </Claim>
</Claim.Submission>